taalName,styleNum,style,tempos,seqNum,bolLeft,bolRight,matra,numBeats,volLeft,volRight,bolName
Metronome,1,1 beat Basic,"0,1,2,3,4",1,Met-Matra,,1,1.0,1.0,1.0,
Pauri/Paudi,1,Pro Default,"2,3",1,Ge-OP,,1,1.0,1.0,1.0,Ge
Pauri/Paudi,1,Pro Default,"2,3",2,,Ti,2,0.5,1.0,1.0,TiTa
Pauri/Paudi,1,Pro Default,"2,3",3,,TTa,2,0.5,1.0,1.0,
Pauri/Paudi,1,Pro Default,"2,3",4,,Ta,3,1.0,1.0,1.0,Ta
Pauri/Paudi,1,Pro Default,"2,3",5,Ge-OP,,4,0.5,1.0,1.0,GeTa
Pauri/Paudi,1,Pro Default,"2,3",6,,Ta,4,0.5,1.0,1.0,
Pauri/Paudi,2,Variation #1,"2,3",1,Ge-OP,,1,1.0,1.0,1.0,Ge
Pauri/Paudi,2,Variation #1,"2,3",2,,Ti,2,0.5,1.0,1.0,TiTa
Pauri/Paudi,2,Variation #1,"2,3",3,,TTa,2,0.5,1.0,1.0,
Pauri/Paudi,2,Variation #1,"2,3",4,,Ta,3,1.0,1.0,1.0,Ta
Pauri/Paudi,2,Variation #1,"2,3",5,Kat,,4,0.5,1.0,1.0,KatTa
Pauri/Paudi,2,Variation #1,"2,3",6,,Ta,4,0.5,1.0,1.0,
Ardha Jhaptaal,1,Basic,1,1,Ge-B,TinFull,1,1.0,1.0,1.0,Dhin
Ardha Jhaptaal,1,Basic,1,2,,Na,2,0.5,1.0,1.0,Na
Ardha Jhaptaal,1,Basic,1,3,,TiL,2,0.5,1.0,1.0,
Ardha Jhaptaal,1,Basic,1,4,Ge-B,TinFull,3,1.0,1.0,1.0,Dhin
Ardha Jhaptaal,1,Basic,1,5,Ge-B,TinFull,4,1.0,1.0,1.0,Dhin
Ardha Jhaptaal,1,Basic,1,6,,Na,5,0.5,1.0,1.0,Na Na
Ardha Jhaptaal,1,Basic,1,7,,Na,5,0.5,1.0,1.0,
Ardha Jhaptaal,1,Basic,2,1,Ge-B,TinFull,1,1.0,1.0,1.0,Dhin
Ardha Jhaptaal,1,Basic,2,2,,Na,2,0.5,1.0,1.0,Na
Ardha Jhaptaal,1,Basic,2,3,,TiL,2,0.5,1.0,1.0,
Ardha Jhaptaal,1,Basic,2,4,Ge,TinFull,3,1.0,1.0,1.0,Dhin
Ardha Jhaptaal,1,Basic,2,5,Ge-B,Tin,4,1.0,1.0,1.0,Dhin
Ardha Jhaptaal,1,Basic,2,6,,Na,5,0.5,1.0,1.0,Na
Ardha Jhaptaal,1,Basic,2,7,,TiL,5,0.5,1.0,1.0,
Ardha Jhaptaal,1,Basic,3,1,Ge-B,TinFull,1,1.0,1.0,1.0,Dhin
Ardha Jhaptaal,1,Basic,3,2,,Na,2,0.5,1.0,1.0,Na
Ardha Jhaptaal,1,Basic,3,3,,TiL,2,0.5,1.0,0.5,
Ardha Jhaptaal,1,Basic,3,4,Ge,TinFull,3,1.0,1.0,1.0,Dhin
Ardha Jhaptaal,1,Basic,3,5,Ge-B,Tin,4,1.0,1.0,1.0,Dhin
Ardha Jhaptaal,1,Basic,3,6,,Na,5,0.5,1.0,1.0,Na
Ardha Jhaptaal,1,Basic,3,7,,TiL,5,0.5,1.0,0.5,
Ardha Jhaptaal,2,Pro Default,1,1,Ge-B,TinFull,1,1.0,1.0,1.0,Dhin
Ardha Jhaptaal,2,Pro Default,1,2,,Na,2,0.5,1.0,1.0,Na
Ardha Jhaptaal,2,Pro Default,1,3,,TiL,2,0.5,1.0,1.0,
Ardha Jhaptaal,2,Pro Default,1,4,Ge-S,TinFull,3,1.0,1.0,1.0,Dhin
Ardha Jhaptaal,2,Pro Default,1,5,Ge-S,TinFull,4,1.0,1.0,1.0,Dhin
Ardha Jhaptaal,2,Pro Default,1,6,,Na,5,0.5,1.0,1.0,Na Na
Ardha Jhaptaal,2,Pro Default,1,7,,Na,5,0.5,1.0,1.0,
Ardha Jhaptaal,2,Pro Default,2,1,Ge-LT6,TinFull,1,1.0,1.0,1.0,Dhin
Ardha Jhaptaal,2,Pro Default,2,2,,Na,2,0.5,1.0,1.0,Na
Ardha Jhaptaal,2,Pro Default,2,3,,TiL,2,0.5,1.0,1.0,
Ardha Jhaptaal,2,Pro Default,2,4,Ge,TinFull,3,1.0,1.0,1.0,Dhin
Ardha Jhaptaal,2,Pro Default,2,5,Ge-B,Tin,4,1.0,1.0,1.0,Dhin
Ardha Jhaptaal,2,Pro Default,2,6,,Na,5,0.5,1.0,1.0,Na
Ardha Jhaptaal,2,Pro Default,2,7,,TiL,5,0.5,1.0,1.0,
Ardha Jhaptaal,2,Pro Default,3,1,Ge-B,TinFull,1,1.0,1.0,1.0,Dhin
Ardha Jhaptaal,2,Pro Default,3,2,,Na,2,0.5,1.0,1.0,Na
Ardha Jhaptaal,2,Pro Default,3,3,,TiL,2,0.5,1.0,0.5,
Ardha Jhaptaal,2,Pro Default,3,4,Ge,TinFull,3,1.0,1.0,1.0,Dhin
Ardha Jhaptaal,2,Pro Default,3,5,Ge-B,Tin,4,1.0,1.0,1.0,Dhin
Ardha Jhaptaal,2,Pro Default,3,6,,Na,5,0.5,1.0,1.0,Na
Ardha Jhaptaal,2,Pro Default,3,7,,TiL,5,0.5,1.0,0.5,
Jhampak,1,Basic,1,1,Ge-B,TinFull,1,1.0,1.0,1.0,Dhin
Jhampak,1,Basic,1,2,Ge-B,TinFull,2,1.0,1.0,1.0,Dhin
Jhampak,1,Basic,1,3,,Na,3,0.5,1.0,1.0,NaKa
Jhampak,1,Basic,1,4,,TiL,3,0.5,1.0,1.0,
Jhampak,1,Basic,1,5,Ge-S,TinFull,4,1.0,1.0,1.0,Dhin
Jhampak,1,Basic,1,6,,Na,5,0.5,1.0,1.0,Na Na
Jhampak,1,Basic,1,7,,Na,5,0.5,1.0,1.0,
Jhampak,1,Basic,2,1,Ge,TinFull,1,1.0,1.0,1.0,Dhin
Jhampak,1,Basic,2,2,Ge-B,Tin,2,1.0,1.0,1.0,Dhin
Jhampak,1,Basic,2,3,,Na,3,0.5,1.0,1.0,NaKa
Jhampak,1,Basic,2,4,,TiL,3,0.5,1.0,1.0,
Jhampak,1,Basic,2,5,Ge-B,TinFull,4,1.0,1.0,1.0,Dhin
Jhampak,1,Basic,2,6,,Na,5,0.5,1.0,1.0,NaKa
Jhampak,1,Basic,2,7,,TiL,5,0.5,1.0,1.0,
Jhampak,1,Basic,3,1,Ge,TinFull,1,1.0,1.0,1.0,Dhin
Jhampak,1,Basic,3,2,Ge-B,Tin,2,1.0,1.0,1.0,Dhin
Jhampak,1,Basic,3,3,,Na,3,0.5,1.0,1.0,NaKa
Jhampak,1,Basic,3,4,,TiL,3,0.5,1.0,0.5,
Jhampak,1,Basic,3,5,Ge-B,TinFull,4,1.0,1.0,1.0,Dhin
Jhampak,1,Basic,3,6,,Na,5,0.5,1.0,1.0,NaKa
Jhampak,1,Basic,3,7,,TiL,5,0.5,1.0,0.5,
Jhampak,2,Pro Default,1,1,Ge-S,TinFull,1,1.0,1.0,1.0,Dhin
Jhampak,2,Pro Default,1,2,Ge-S,TinFull,2,1.0,1.0,1.0,Dhin
Jhampak,2,Pro Default,1,3,,Na,3,0.5,1.0,1.0,NaKa
Jhampak,2,Pro Default,1,4,,TiL,3,0.5,1.0,1.0,
Jhampak,2,Pro Default,1,5,Ge-S,TinFull,4,1.0,1.0,1.0,Dhin
Jhampak,2,Pro Default,1,6,,Na,5,0.5,1.0,1.0,Na Na
Jhampak,2,Pro Default,1,7,,Na,5,0.5,1.0,1.0,
Jhampak,2,Pro Default,2,1,Ge,TinFull,1,1.0,1.0,1.0,Dhin
Jhampak,2,Pro Default,2,2,Ge-LT6,Tin,2,1.0,1.0,1.0,Dhin
Jhampak,2,Pro Default,2,3,,Na,3,0.5,1.0,1.0,NaKa
Jhampak,2,Pro Default,2,4,,TiL,3,0.5,1.0,1.0,
Jhampak,2,Pro Default,2,5,Ge-B,TinFull,4,1.0,1.0,1.0,Dhin
Jhampak,2,Pro Default,2,6,,Na,5,0.5,1.0,1.0,NaKa
Jhampak,2,Pro Default,2,7,,TiL,5,0.5,1.0,1.0,
Jhampak,2,Pro Default,3,1,Ge,TinFull,1,1.0,1.0,1.0,Dhin
Jhampak,2,Pro Default,3,2,Ge-B,Tin,2,1.0,1.0,1.0,Dhin
Jhampak,2,Pro Default,3,3,,Na,3,0.5,1.0,1.0,NaKa
Jhampak,2,Pro Default,3,4,,TiL,3,0.5,1.0,0.5,
Jhampak,2,Pro Default,3,5,Ge-B,TinFull,4,1.0,1.0,1.0,Dhin
Jhampak,2,Pro Default,3,6,,Na,5,0.5,1.0,1.0,NaKa
Jhampak,2,Pro Default,3,7,,TiL,5,0.5,1.0,0.5,
Soolfakhta,1,Basic,2,1,Ge-B,TinFull,1,0.5,1.0,1.0,Dhin TaKDa
Soolfakhta,1,Basic,2,2,,Ta,1,0.25,1.0,1.0,
Soolfakhta,1,Basic,2,3,,KDa,1,0.25,1.0,1.0,
Soolfakhta,1,Basic,2,4,Ge-B,TinFull,2,0.5,1.0,1.0,Dhin Na
Soolfakhta,1,Basic,2,5,,Na,2,0.5,1.0,1.0,
Soolfakhta,1,Basic,2,6,Ge,TinFull,3,0.5,1.0,1.0,Dhin Dhin
Soolfakhta,1,Basic,2,7,Ge-B,Tin,3,0.5,1.0,1.0,
Soolfakhta,1,Basic,2,8,,Na,4,0.5,1.0,1.0,Na Dhin
Soolfakhta,1,Basic,2,9,Ge,TinFull,4,0.5,1.0,1.0,
Soolfakhta,1,Basic,2,10,Ge-B,Tin,5,0.5,1.0,1.0,Dhin Na
Soolfakhta,1,Basic,2,11,,Na,5,0.5,1.0,1.0,
Soolfakhta,1,Basic,3,1,Ge-B,TinFull,1,0.5,1.0,1.0,Dhin Tak
Soolfakhta,1,Basic,3,2,,Ta,1,0.25,1.0,1.0,
Soolfakhta,1,Basic,3,3,,TiL,1,0.25,1.0,0.5,
Soolfakhta,1,Basic,3,4,Ge-B,TinFull,2,0.5,1.0,1.0,Dhin Na
Soolfakhta,1,Basic,3,5,,Na,2,0.5,1.0,1.0,
Soolfakhta,1,Basic,3,6,Ge,TinFull,3,0.5,1.0,1.0,Dhin Dhin
Soolfakhta,1,Basic,3,7,Ge-B,Tin,3,0.5,1.0,1.0,
Soolfakhta,1,Basic,3,8,,Na,4,0.5,1.0,1.0,Na Dhin
Soolfakhta,1,Basic,3,9,Ge,TinFull,4,0.5,1.0,1.0,
Soolfakhta,1,Basic,3,10,Ge-B,Tin,5,0.5,1.0,1.0,Dhin Na
Soolfakhta,1,Basic,3,11,,Na,5,0.5,1.0,1.0,
Soolfakhta,2,Pro Default,2,1,Ge-LT6,TinFull,1,0.5,1.0,1.0,Dhin TaKDa
Soolfakhta,2,Pro Default,2,2,,Ta,1,0.25,1.0,1.0,
Soolfakhta,2,Pro Default,2,3,,KDa,1,0.25,1.0,1.0,
Soolfakhta,2,Pro Default,2,4,Ge-LT6,TinFull,2,0.5,1.0,1.0,Dhin Na
Soolfakhta,2,Pro Default,2,5,,Na,2,0.5,1.0,1.0,
Soolfakhta,2,Pro Default,2,6,Ge-F,TinFull,3,0.5,1.0,1.0,Dhin Dhin
Soolfakhta,2,Pro Default,2,7,Ge-B,Tin,3,0.5,1.0,1.0,
Soolfakhta,2,Pro Default,2,8,,Na,4,0.5,1.0,1.0,Na Dhin
Soolfakhta,2,Pro Default,2,9,Ge-F,TinFull,4,0.5,1.0,1.0,
Soolfakhta,2,Pro Default,2,10,Ge-B,Tin,5,0.5,1.0,1.0,Dhin Na
Soolfakhta,2,Pro Default,2,11,,Na,5,0.5,1.0,1.0,
Soolfakhta,2,Pro Default,3,1,Ge-B,TinFull,1,0.5,1.0,1.0,Dhin Tak
Soolfakhta,2,Pro Default,3,2,,Ta,1,0.25,1.0,1.0,
Soolfakhta,2,Pro Default,3,3,,TiL,1,0.25,1.0,0.5,
Soolfakhta,2,Pro Default,3,4,Ge-B,TinFull,2,0.5,1.0,1.0,Dhin Na
Soolfakhta,2,Pro Default,3,5,,Na,2,0.5,1.0,1.0,
Soolfakhta,2,Pro Default,3,6,Ge-F,TinFull,3,0.5,1.0,1.0,Dhin Dhin
Soolfakhta,2,Pro Default,3,7,Ge-B,Tin,3,0.5,1.0,1.0,
Soolfakhta,2,Pro Default,3,8,,Na,4,0.5,1.0,1.0,Na Dhin
Soolfakhta,2,Pro Default,3,9,Ge-F,TinFull,4,0.5,1.0,1.0,
Soolfakhta,2,Pro Default,3,10,Ge-B,Tin,5,0.5,1.0,1.0,Dhin Na
Soolfakhta,2,Pro Default,3,11,,Na,5,0.5,1.0,1.0,
Soolfakhta,3,Variation #1,2,1,Ge,Ta,1,0.75,1.0,1.0,Dha
Soolfakhta,3,Variation #1,2,2,,KDa,1,0.25,1.0,1.0,
Soolfakhta,3,Variation #1,2,3,Ge,Ta,2,0.5,1.0,1.0,Dha Dhin
Soolfakhta,3,Variation #1,2,4,Ge-B,Tin,2,0.5,1.0,1.0,
Soolfakhta,3,Variation #1,2,5,,Na,3,0.5,1.0,1.0,Na Ge
Soolfakhta,3,Variation #1,2,6,Ge-B,,3,0.5,0.5,1.0,
Soolfakhta,3,Variation #1,2,7,,Na,4,0.5,1.0,1.0,Na Dha
Soolfakhta,3,Variation #1,2,8,Ge,Ta,4,0.5,1.0,1.0,
Soolfakhta,3,Variation #1,2,9,Ge-B,Tin,5,0.5,1.0,1.0,Dhin Na
Soolfakhta,3,Variation #1,2,10,,Na,5,0.5,1.0,1.0,
Soolfakhta,3,Variation #1,3,1,Ge,Ta,1,0.5,1.0,1.0,Dha
Soolfakhta,3,Variation #1,3,2,,TiL,1,0.5,1.0,1.0,
Soolfakhta,3,Variation #1,3,3,Ge,Ta,2,0.5,1.0,1.0,Dha Dhin
Soolfakhta,3,Variation #1,3,4,Ge-B,Tin,2,0.5,1.0,1.0,
Soolfakhta,3,Variation #1,3,5,,Na,3,0.5,1.0,1.0,Na Ge
Soolfakhta,3,Variation #1,3,6,Ge-B,,3,0.5,0.5,1.0,
Soolfakhta,3,Variation #1,3,7,,Na,4,0.5,1.0,1.0,Na Dha
Soolfakhta,3,Variation #1,3,8,Ge,Ta,4,0.5,1.0,1.0,
Soolfakhta,3,Variation #1,3,9,Ge-B,Tin,5,0.5,1.0,1.0,Dhin Na
Soolfakhta,3,Variation #1,3,10,,Na,5,0.5,1.0,1.0,
Soolfakhta,4,Variation #2,2,1,Ge-B,TinFull,1,0.75,1.0,1.0,Dhin
Soolfakhta,4,Variation #2,2,2,,KDa,1,0.25,1.0,0.75,
Soolfakhta,4,Variation #2,2,3,,Na,2,0.5,1.0,1.0,Na Na
Soolfakhta,4,Variation #2,2,4,,Na,2,0.5,1.0,1.0,
Soolfakhta,4,Variation #2,2,5,Ge-B,TinFull,3,0.75,1.0,1.0,Dhin KDa
Soolfakhta,4,Variation #2,2,6,,KDa,3,0.25,1.0,0.75,
Soolfakhta,4,Variation #2,2,7,,Na,4,0.5,1.0,1.0,Na Na
Soolfakhta,4,Variation #2,2,8,,Na,4,0.5,1.0,1.0,
Soolfakhta,4,Variation #2,2,9,Ka,TinFull,5,0.5,1.0,1.0,Tin Na
Soolfakhta,4,Variation #2,2,10,,Na,5,0.5,1.0,1.0,
Soolfakhta,4,Variation #2,3,1,Ge-B,TinFull,1,1.0,1.0,1.0,Dhin
Soolfakhta,4,Variation #2,3,2,,Na,2,0.5,1.0,1.0,Na Na
Soolfakhta,4,Variation #2,3,3,,Na,2,0.5,1.0,1.0,
Soolfakhta,4,Variation #2,3,4,Ge-B,TinFull,3,1.0,1.0,1.0,Dhin
Soolfakhta,4,Variation #2,3,5,,Na,4,0.5,1.0,1.0,Na Na
Soolfakhta,4,Variation #2,3,6,,Na,4,0.5,1.0,1.0,
Soolfakhta,4,Variation #2,3,7,Ka,TinFull,5,0.5,1.0,1.0,Tin Na
Soolfakhta,4,Variation #2,3,8,,Na,5,0.5,1.0,1.0,
Soolfakhta,5,Variation #3,"2,3",1,Ge,Ta,1,0.5,1.0,1.0,Dha
Soolfakhta,5,Variation #3,"2,3",2,,TiL,1,0.5,1.0,0.5,
Soolfakhta,5,Variation #3,"2,3",3,Ge,Ta,2,0.5,1.0,1.0,Dha Ge
Soolfakhta,5,Variation #3,"2,3",4,Ge-B,,2,0.5,1.0,1.0,
Soolfakhta,5,Variation #3,"2,3",5,,Ti,3,0.5,1.0,1.0,TiTa
Soolfakhta,5,Variation #3,"2,3",6,,TTa,3,0.5,1.0,1.0,
Soolfakhta,5,Variation #3,"2,3",7,,KDa,4,0.5,1.0,1.0,KDa Dha
Soolfakhta,5,Variation #3,"2,3",8,Ge,Ta,4,0.5,1.0,1.0,
Soolfakhta,5,Variation #3,"2,3",9,,Ti,5,0.5,1.0,1.0,Ti Ta
Soolfakhta,5,Variation #3,"2,3",10,,TTa,5,0.5,1.0,1.0,
Yamuna,2,Pro Default,1,1,Ge-B,Ta,1,1.0,1.0,1.0,Dha
Yamuna,2,Pro Default,1,2,Ge-T60,,2,0.5,1.0,1.0,-Dha
Yamuna,2,Pro Default,1,3,Ge,Ta,2,0.5,1.0,1.0,
Yamuna,2,Pro Default,1,4,Ka,TinFull,3,0.5,1.0,1.0,Tin Na
Yamuna,2,Pro Default,1,5,,Na,3,0.5,1.0,1.0,
Yamuna,2,Pro Default,1,6,,Ti,4,0.25,1.0,1.0,TiRaKiTa
Yamuna,2,Pro Default,1,7,,Ra,4,0.25,1.0,1.0,
Yamuna,2,Pro Default,1,8,Ki,,4,0.25,1.0,1.0,
Yamuna,2,Pro Default,1,9,,TTa,4,0.25,1.0,1.0,
Yamuna,2,Pro Default,1,10,Ge-F,TinFull,5,0.25,1.0,1.0,DhinaGina
Yamuna,2,Pro Default,1,11,,Na,5,0.25,1.0,1.0,
Yamuna,2,Pro Default,1,12,Ge,,5,0.25,1.0,1.0,
Yamuna,2,Pro Default,1,13,,Na,5,0.25,1.0,1.0,
Yamuna,2,Pro Default,2,1,Ge,Ta,1,1.0,1.0,1.0,Dha
Yamuna,2,Pro Default,2,2,Ge-T60,,2,0.5,1.0,1.0,-Dha
Yamuna,2,Pro Default,2,3,Ge,Ta,2,0.5,1.0,1.0,
Yamuna,2,Pro Default,2,4,Ka,TinFull,3,0.5,1.0,1.0,Tin Na
Yamuna,2,Pro Default,2,5,,Na,3,0.5,1.0,1.0,
Yamuna,2,Pro Default,2,6,,Ti,4,0.25,1.0,1.0,TiRaKiTa
Yamuna,2,Pro Default,2,7,,Ra,4,0.25,1.0,1.0,
Yamuna,2,Pro Default,2,8,Ki,,4,0.25,1.0,1.0,
Yamuna,2,Pro Default,2,9,,TTa,4,0.25,1.0,1.0,
Yamuna,2,Pro Default,2,10,Ge-F,TinFull,5,0.25,1.0,1.0,DhinaGina
Yamuna,2,Pro Default,2,11,,Na,5,0.25,1.0,1.0,
Yamuna,2,Pro Default,2,12,Ge,,5,0.25,1.0,1.0,
Yamuna,2,Pro Default,2,13,,Na,5,0.25,1.0,1.0,
Shashanka,1,Basic,1,1,Ka,TinFull,1,0.75,1.0,1.0,Tin
Shashanka,1,Basic,1,2,,TiL,1,0.25,1.0,1.0,
Shashanka,1,Basic,1,3,,Ta,2,0.75,1.0,1.0,Ta
Shashanka,1,Basic,1,4,,TiL,2,0.25,1.0,1.0,
Shashanka,1,Basic,1,5,,Ti,3,0.25,1.0,1.0,TiRaKiTa
Shashanka,1,Basic,1,6,,Ra,3,0.25,1.0,1.0,
Shashanka,1,Basic,1,7,Ki,,3,0.25,1.0,1.0,
Shashanka,1,Basic,1,8,,TTa,3,0.25,1.0,1.0,
Shashanka,1,Basic,1,9,Ge-B,TinFull,4,0.5,1.0,1.0,Dhin Na
Shashanka,1,Basic,1,10,,Na,4,0.5,1.0,1.0,
Shashanka,1,Basic,1,11,Ge,Ta,5,0.5,1.0,1.0,Dha Ge
Shashanka,1,Basic,1,12,Ge-B,,5,0.5,0.5,1.0,
Shashanka,1,Basic,1,13,,Na,6,0.25,1.0,1.0,Na
Shashanka,1,Basic,1,14,,TiL,6,0.25,1.0,1.0,
Shashanka,1,Basic,2,1,Ka,TinFull,1,0.5,1.0,1.0,Tin
Shashanka,1,Basic,2,2,,TiL,1,0.5,1.0,0.5,
Shashanka,1,Basic,2,3,,Ta,2,0.5,1.0,1.0,Ta
Shashanka,1,Basic,2,4,,TiL,2,0.5,1.0,0.5,
Shashanka,1,Basic,2,5,,Ti,3,0.25,1.0,1.0,TiRaKiTa
Shashanka,1,Basic,2,6,,Ra,3,0.25,1.0,1.0,
Shashanka,1,Basic,2,7,Ki,,3,0.25,1.0,1.0,
Shashanka,1,Basic,2,8,,TTa,3,0.25,1.0,1.0,
Shashanka,1,Basic,2,9,Ge-B,TinFull,4,0.5,1.0,1.0,Dhin Na
Shashanka,1,Basic,2,10,,Na,4,0.5,1.0,1.0,
Shashanka,1,Basic,2,11,Ge,Ta,5,0.5,1.0,1.0,Dha Ge
Shashanka,1,Basic,2,12,Ge-B,,5,0.5,0.5,1.0,
Shashanka,1,Basic,2,13,,Na,6,0.5,1.0,1.0,Na
Shashanka,1,Basic,3,1,Ka,TinFull,1,1.0,1.0,1.0,Tin
Shashanka,1,Basic,3,2,,Ta,2,1.0,1.0,1.0,Ta
Shashanka,1,Basic,3,3,,Ti,3,0.5,1.0,1.0,TiTa
Shashanka,1,Basic,3,4,,TTa,3,0.5,1.0,1.0,
Shashanka,1,Basic,3,5,Ge-B,TinFull,4,0.5,1.0,1.0,Dhin Na
Shashanka,1,Basic,3,6,,Na,4,0.5,1.0,1.0,
Shashanka,1,Basic,3,7,Ge,Ta,5,0.5,1.0,1.0,Dha Ge
Shashanka,1,Basic,3,8,Ge-B,,5,0.5,0.5,1.0,
Shashanka,1,Basic,3,9,,Na,6,0.5,1.0,1.0,Na
Shashanka,2,Pro Default,1,1,Ka,TinFull,1,0.75,1.0,1.0,Tin
Shashanka,2,Pro Default,1,2,,TiL,1,0.25,1.0,1.0,
Shashanka,2,Pro Default,1,3,,Ta,2,0.75,1.0,1.0,Ta
Shashanka,2,Pro Default,1,4,,TiL,2,0.25,1.0,1.0,
Shashanka,2,Pro Default,1,5,,Ti,3,0.25,1.0,1.0,TiRaKiTa
Shashanka,2,Pro Default,1,6,,Ra,3,0.25,1.0,1.0,
Shashanka,2,Pro Default,1,7,Ki,,3,0.25,1.0,1.0,
Shashanka,2,Pro Default,1,8,,TTa,3,0.25,1.0,1.0,
Shashanka,2,Pro Default,1,9,Ge-B,TinFull,4,0.5,1.0,1.0,Dhin Na
Shashanka,2,Pro Default,1,10,,Na,4,0.5,1.0,1.0,
Shashanka,2,Pro Default,1,11,Ge,Ta,5,0.5,1.0,1.0,Dha Ge
Shashanka,2,Pro Default,1,12,Ge-LT6,,5,0.5,1.0,1.0,
Shashanka,2,Pro Default,1,13,,Na,6,0.25,1.0,1.0,Na
Shashanka,2,Pro Default,1,14,,TiL,6,0.25,1.0,1.0,
Shashanka,2,Pro Default,2,1,Ka,TinFull,1,0.5,1.0,1.0,Tin
Shashanka,2,Pro Default,2,2,,TiL,1,0.5,1.0,0.5,
Shashanka,2,Pro Default,2,3,,Ta,2,0.5,1.0,1.0,Ta
Shashanka,2,Pro Default,2,4,,TiL,2,0.5,1.0,0.5,
Shashanka,2,Pro Default,2,5,,Ti,3,0.25,1.0,1.0,TiRaKiTa
Shashanka,2,Pro Default,2,6,,Ra,3,0.25,1.0,1.0,
Shashanka,2,Pro Default,2,7,Ki,,3,0.25,1.0,1.0,
Shashanka,2,Pro Default,2,8,,TTa,3,0.25,1.0,1.0,
Shashanka,2,Pro Default,2,9,Ge-B,TinFull,4,0.5,1.0,1.0,Dhin Na
Shashanka,2,Pro Default,2,10,,Na,4,0.5,1.0,1.0,
Shashanka,2,Pro Default,2,11,Ge,Ta,5,0.5,1.0,1.0,Dha Ge
Shashanka,2,Pro Default,2,12,Ge-LT6,,5,0.5,1.0,1.0,
Shashanka,2,Pro Default,2,13,,Na,6,0.5,1.0,1.0,Na
Shashanka,2,Pro Default,3,1,Ka,TinFull,1,1.0,1.0,1.0,Tin
Shashanka,2,Pro Default,3,2,,Ta,2,1.0,1.0,1.0,Ta
Shashanka,2,Pro Default,3,3,,Ti,3,0.5,1.0,1.0,TiTa
Shashanka,2,Pro Default,3,4,,TTa,3,0.5,1.0,1.0,
Shashanka,2,Pro Default,3,5,Ge-B,TinFull,4,0.5,1.0,1.0,Dhin Na
Shashanka,2,Pro Default,3,6,,Na,4,0.5,1.0,1.0,
Shashanka,2,Pro Default,3,7,Ge,Ta,5,0.5,1.0,1.0,Dha Ge
Shashanka,2,Pro Default,3,8,Ge-B,,5,0.5,0.5,1.0,
Shashanka,2,Pro Default,3,9,,Na,6,0.5,1.0,1.0,Na
Shashanka,3,Variation #1,1,1,Ka,TinFull,1,0.75,1.0,1.0,Tin
Shashanka,3,Variation #1,1,2,,TiL,1,0.25,1.0,1.0,
Shashanka,3,Variation #1,1,3,Ka,TinFull,2,0.75,1.0,1.0,Tin
Shashanka,3,Variation #1,1,4,,TiL,2,0.25,1.0,1.0,
Shashanka,3,Variation #1,1,5,,Na,3,0.75,1.0,1.0,Na
Shashanka,3,Variation #1,1,6,,TiL,3,0.25,1.0,1.0,
Shashanka,3,Variation #1,1,7,Ge-B,Tin,4,0.5,1.0,1.0,Dhi Na
Shashanka,3,Variation #1,1,8,,Na,4,0.5,1.0,1.0,
Shashanka,3,Variation #1,1,9,Ge,Tin,5,0.5,1.0,1.0,Dhi Dhi
Shashanka,3,Variation #1,1,10,Ge-LT6,Tin,5,0.5,1.0,1.0,
Shashanka,3,Variation #1,1,11,,Na,6,0.25,1.0,1.0,Na
Shashanka,3,Variation #1,1,12,,TiL,6,0.25,1.0,1.0,
Shashanka,3,Variation #1,2,1,Ka,TinFull,1,1.0,1.0,1.0,Tin
Shashanka,3,Variation #1,2,2,Ka,TinFull,2,1.0,1.0,1.0,Tin
Shashanka,3,Variation #1,2,3,,Na,3,0.5,1.0,1.0,Na
Shashanka,3,Variation #1,2,4,,TiL,3,0.5,1.0,1.0,
Shashanka,3,Variation #1,2,5,Ge-B,Tin,4,0.5,1.0,1.0,Dhi Na
Shashanka,3,Variation #1,2,6,,Na,4,0.5,1.0,1.0,
Shashanka,3,Variation #1,2,7,Ge,Tin,5,0.5,1.0,1.0,Dhi Dhi
Shashanka,3,Variation #1,2,8,Ge-LT6,Tin,5,0.5,1.0,1.0,
Shashanka,3,Variation #1,2,9,,Na,6,0.5,1.0,1.0,Na
Shashanka,3,Variation #1,3,1,Ka,TinFull,1,1.0,1.0,1.0,Tin
Shashanka,3,Variation #1,3,2,Ka,TinFull,2,1.0,1.0,1.0,Tin
Shashanka,3,Variation #1,3,3,,Na,3,0.5,1.0,1.0,Na
Shashanka,3,Variation #1,3,4,Ge-B,Tin,4,0.5,1.0,1.0,Dhi Na
Shashanka,3,Variation #1,3,5,,Na,4,0.5,1.0,1.0,
Shashanka,3,Variation #1,3,6,Ge,Tin,5,0.5,1.0,1.0,Dhi Dhi
Shashanka,3,Variation #1,3,7,Ge-LT6,Tin,5,0.5,1.0,1.0,
Shashanka,3,Variation #1,3,8,,Na,6,0.5,1.0,1.0,Na
Shashanka,4,Variation #2,1,1,Ge,TinFull,1,0.5,1.0,1.0,Dhin Dhin
Shashanka,4,Variation #2,1,2,Ge-B,Tin,1,0.5,1.0,1.0,
Shashanka,4,Variation #2,1,3,Ge,Ta,2,0.5,1.0,1.0,Dha Trak
Shashanka,4,Variation #2,1,4,,Ti,2,0.125,1.0,1.0,
Shashanka,4,Variation #2,1,5,,Ra,2,0.125,1.0,1.0,
Shashanka,4,Variation #2,1,6,Ki,,2,0.125,1.0,1.0,
Shashanka,4,Variation #2,1,7,,TTa,2,0.125,1.0,1.0,
Shashanka,4,Variation #2,1,8,Ge,TinFull,3,0.5,1.0,1.0,Dhin Na
Shashanka,4,Variation #2,1,9,,Na,3,0.25,0.5,1.0,
Shashanka,4,Variation #2,1,10,,TiL,3,0.25,1.0,1.0,
Shashanka,4,Variation #2,1,11,Ka,Tu,4,0.5,1.0,1.0,Tu Na
Shashanka,4,Variation #2,1,12,,Na,4,0.25,1.0,1.0,
Shashanka,4,Variation #2,1,13,,TiL,4,0.25,1.0,1.0,
Shashanka,4,Variation #2,1,14,Ge-F,Tin,5,0.5,1.0,1.0,Dhi Dhi
Shashanka,4,Variation #2,1,15,Ge-LT6,Tin,5,0.5,1.0,1.0,
Shashanka,4,Variation #2,1,16,,Na,6,0.25,1.0,1.0,Na
Shashanka,4,Variation #2,1,17,,TiL,6,0.25,1.0,1.0,
Shashanka,4,Variation #2,"2,3",1,Ge,TinFull,1,0.5,1.0,1.0,Dhin Dhin
Shashanka,4,Variation #2,"2,3",2,Ge-B,Tin,1,0.5,1.0,1.0,
Shashanka,4,Variation #2,"2,3",3,Ge,Ta,2,0.5,1.0,1.0,Dha Trak
Shashanka,4,Variation #2,"2,3",4,,Ti,2,0.25,1.0,1.0,
Shashanka,4,Variation #2,"2,3",5,,TTa,2,0.25,1.0,1.0,
Shashanka,4,Variation #2,"2,3",6,Ge,TinFull,3,0.5,1.0,1.0,Dhin Na
Shashanka,4,Variation #2,"2,3",7,,Na,3,0.5,0.5,1.0,
Shashanka,4,Variation #2,"2,3",8,Ka,Tu,4,0.5,1.0,1.0,Tu Na
Shashanka,4,Variation #2,"2,3",9,,Na,4,0.5,1.0,1.0,
Shashanka,4,Variation #2,"2,3",10,Ge-F,Tin,5,0.5,1.0,1.0,Dhi Dhi
Shashanka,4,Variation #2,"2,3",11,Ge-LT6,Tin,5,0.5,1.0,1.0,
Shashanka,4,Variation #2,"2,3",12,,Na,6,0.5,1.0,1.0,Na
Dadra,1,Basic,1,1,Ge,Ta,1,1.0,1.0,1.0,Dha
Dadra,1,Basic,1,2,Ge-LT6,Tin,2,1.0,1.0,1.0,Dhin
Dadra,1,Basic,1,3,,Na,3,0.5,1.0,1.0,Na
Dadra,1,Basic,1,4,,TiL,3,0.5,1.0,0.5,
Dadra,1,Basic,1,5,Ge,Ta,4,1.0,1.0,1.0,Dha
Dadra,1,Basic,1,6,Ka,Tin,5,1.0,1.0,1.0,Tin
Dadra,1,Basic,1,7,,Na,6,0.5,1.0,1.0,Na Na
Dadra,1,Basic,1,8,,Na,6,0.25,1.0,1.0,
Dadra,1,Basic,1,9,,TiL,6,0.25,1.0,1.0,
Dadra,1,Basic,2,1,Ge,Ta,1,1.0,1.0,1.0,Dha
Dadra,1,Basic,2,2,Ge-LT6,Tin,2,1.0,1.0,1.0,Dhin
Dadra,1,Basic,2,3,,Na,3,0.5,1.0,1.0,Na
Dadra,1,Basic,2,4,,TiL,3,0.5,1.0,0.5,
Dadra,1,Basic,2,5,Ge,Ta,4,1.0,1.0,1.0,Dha
Dadra,1,Basic,2,6,Ka,Tin,5,1.0,1.0,1.0,Tin
Dadra,1,Basic,2,7,,Na,6,0.5,1.0,1.0,Na
Dadra,1,Basic,2,8,,TiL,6,0.5,1.0,0.5,
Dadra,1,Basic,"3,4",1,Ge,Ta,1,1.0,1.0,1.0,Dha
Dadra,1,Basic,"3,4",2,Ge-B,Tin,2,1.0,1.0,1.0,Dhin
Dadra,1,Basic,"3,4",3,,Na,3,1.0,1.0,1.0,Na
Dadra,1,Basic,"3,4",4,Ge,Ta,4,1.0,1.0,1.0,Dha
Dadra,1,Basic,"3,4",5,Ka,Tin,5,1.0,1.0,1.0,Tin
Dadra,1,Basic,"3,4",6,,Na,6,1.0,1.0,1.0,Na
Dadra,2,Pro Default,1,1,Ge,Ta,1,0.75,1.0,1.0,Dha -KDa
Dadra,2,Pro Default,1,2,,KDa,1,0.25,0.5,0.5,
Dadra,2,Pro Default,1,3,Ge-S,Tin,2,1.0,1.0,1.0,Dhin
Dadra,2,Pro Default,1,4,,Na,3,0.25,1.0,1.0,NaKeTiTa
Dadra,2,Pro Default,1,5,Ka,,3,0.25,0.5,1.0,
Dadra,2,Pro Default,1,6,,TiL,3,0.25,1.0,1.0,
Dadra,2,Pro Default,1,7,,TTaL,3,0.25,1.0,1.0,
Dadra,2,Pro Default,1,8,Ge,Ta,4,0.75,1.0,1.0,Dha -KDa
Dadra,2,Pro Default,1,9,,KDa,5,0.25,0.5,0.5,
Dadra,2,Pro Default,1,10,Ka,Tin,5,0.5,1.0,1.0,Tin
Dadra,2,Pro Default,1,11,,Tin,5,0.5,1.0,0.25,Tin
Dadra,2,Pro Default,1,12,,Na,6,0.5,1.0,1.0,Na Na
Dadra,2,Pro Default,1,13,,Na,6,0.25,1.0,1.0,
Dadra,2,Pro Default,1,14,,TiL,6,0.25,1.0,1.0,
Dadra,2,Pro Default,2,1,Ge,Ta,1,0.5,1.0,1.0,Dha Ge
Dadra,2,Pro Default,2,2,Ge-B,,1,0.5,0.25,1.0,
Dadra,2,Pro Default,2,3,Ge-LT6,Tin,2,1.0,1.0,1.0,Dhin
Dadra,2,Pro Default,2,4,,Na,3,0.5,1.0,1.0,Na
Dadra,2,Pro Default,2,5,,TiL,3,0.5,1.0,0.5,
Dadra,2,Pro Default,2,6,Ge,Ta,4,0.5,1.0,1.0,Dha Ge
Dadra,2,Pro Default,2,7,Ge-B,,4,0.5,0.5,1.0,
Dadra,2,Pro Default,2,8,Ka,Tin,5,1.0,1.0,1.0,Tin
Dadra,2,Pro Default,2,9,,Na,6,0.5,1.0,1.0,Na
Dadra,2,Pro Default,2,10,,TiL,6,0.5,1.0,1.0,
Dadra,2,Pro Default,3,1,Ge,Ta,1,1.0,1.0,1.0,Dha
Dadra,2,Pro Default,3,2,Ge-LT6,Tin,2,1.0,1.0,0.5,Dhin
Dadra,2,Pro Default,3,3,,Na,3,0.5,1.0,1.0,Na
Dadra,2,Pro Default,3,4,,TiL,3,0.5,1.0,0.25,
Dadra,2,Pro Default,3,5,Ge,Ta,4,1.0,1.0,1.0,Dha
Dadra,2,Pro Default,3,6,Ka,Tin,5,1.0,1.0,0.5,Tin
Dadra,2,Pro Default,3,7,,Na,6,0.5,1.0,1.0,Na
Dadra,2,Pro Default,3,8,,TiL,6,0.5,1.0,0.5,
Dadra,2,Pro Default,4,1,Ge,Ta,1,1.0,1.0,1.0,Dha
Dadra,2,Pro Default,4,2,Ge-B,Tin,2,1.0,1.0,0.5,Dhin
Dadra,2,Pro Default,4,3,,Na,3,1.0,1.0,1.0,Na
Dadra,2,Pro Default,4,4,Ge,Ta,4,1.0,1.0,1.0,Dha
Dadra,2,Pro Default,4,5,Ka,Tin,5,1.0,1.0,0.5,Tin
Dadra,2,Pro Default,4,6,,Na,6,1.0,1.0,1.0,Na
Dadra,3,Variation #1,1,1,Ge,Ta,1,0.75,1.0,1.0,Dha -KDa
Dadra,3,Variation #1,1,2,,KDa,1,0.25,0.5,0.5,
Dadra,3,Variation #1,1,3,Ge-S,Tin,2,1.0,1.0,1.0,Dhin
Dadra,3,Variation #1,1,4,,Na,3,0.25,1.0,1.0,NaKeTiTa
Dadra,3,Variation #1,1,5,Ka,,3,0.25,0.5,1.0,
Dadra,3,Variation #1,1,6,,TiL,3,0.25,1.0,1.0,
Dadra,3,Variation #1,1,7,,TTaL,3,0.25,1.0,1.0,
Dadra,3,Variation #1,1,8,Ge,Ta,4,0.75,1.0,1.0,Dha -KDa
Dadra,3,Variation #1,1,9,,KDa,5,0.25,0.5,0.5,
Dadra,3,Variation #1,1,10,Ka,Tin,5,0.5,1.0,1.0,Tin
Dadra,3,Variation #1,1,11,,Tin,5,0.5,1.0,0.25,Tin
Dadra,3,Variation #1,1,12,,Na,6,0.5,1.0,1.0,Na Na
Dadra,3,Variation #1,1,13,,Na,6,0.25,1.0,1.0,
Dadra,3,Variation #1,1,14,,TiL,6,0.25,1.0,1.0,
Dadra,3,Variation #1,2,1,Ge,Ta,1,0.5,1.0,1.0,Dha Ge
Dadra,3,Variation #1,2,2,Ge-B,,1,0.5,0.25,1.0,
Dadra,3,Variation #1,2,3,Ge-LT6,Tin,2,1.0,1.0,1.0,Dhin
Dadra,3,Variation #1,2,4,,Na,3,0.5,1.0,1.0,Na Na
Dadra,3,Variation #1,2,5,,Na,3,0.5,1.0,0.5,
Dadra,3,Variation #1,2,6,Ge,Ta,4,0.5,1.0,1.0,Dha Ge
Dadra,3,Variation #1,2,7,Ge-B,,4,0.5,0.5,1.0,
Dadra,3,Variation #1,2,8,Ka,Tin,5,1.0,1.0,1.0,Tin
Dadra,3,Variation #1,2,9,,Na,6,0.5,1.0,1.0,Na Na
Dadra,3,Variation #1,2,10,,Na,6,0.5,1.0,0.5,
Dadra,3,Variation #1,3,1,Ge,Ta,1,1.0,1.0,1.0,Dha
Dadra,3,Variation #1,3,2,Ge-LT6,Tin,2,1.0,1.0,0.5,Dhin
Dadra,3,Variation #1,3,3,,Na,3,0.5,1.0,1.0,Na Na
Dadra,3,Variation #1,3,4,,Na,3,0.5,1.0,0.25,
Dadra,3,Variation #1,3,5,Ge,Ta,4,1.0,1.0,1.0,Dha
Dadra,3,Variation #1,3,6,Ka,Tin,5,1.0,1.0,0.5,Tin
Dadra,3,Variation #1,3,7,,Na,6,0.5,1.0,1.0,Na Na
Dadra,3,Variation #1,3,8,,Na,6,0.5,1.0,0.25,
Dadra,3,Variation #1,4,1,Ge,Ta,1,1.0,1.0,1.0,Dha
Dadra,3,Variation #1,4,2,Ge-B,Tin,2,1.0,1.0,0.5,Dhin
Dadra,3,Variation #1,4,3,,Na,3,1.0,1.0,1.0,Na
Dadra,3,Variation #1,4,4,Ge,Ta,4,1.0,1.0,1.0,Dha
Dadra,3,Variation #1,4,5,Ka,Tin,5,1.0,1.0,0.5,Tin
Dadra,3,Variation #1,4,6,,Na,6,1.0,1.0,1.0,Na
Dadra,4,Variation #2,1,1,Ge,Ta,1,0.75,1.0,1.0,Dha -KDa
Dadra,4,Variation #2,1,2,,KDa,1,0.25,0.5,0.5,
Dadra,4,Variation #2,1,3,Ge-B,Tin,2,0.5,1.0,1.0,Dhin Dhin
Dadra,4,Variation #2,1,4,Ge-LT6,Tin,2,0.5,1.0,1.0,
Dadra,4,Variation #2,1,5,,Na,3,0.25,1.0,1.0,NaGeTiTa
Dadra,4,Variation #2,1,6,Ge,,3,0.25,0.5,1.0,
Dadra,4,Variation #2,1,7,,TiL,3,0.25,1.0,1.0,
Dadra,4,Variation #2,1,8,,TTaL,3,0.25,1.0,1.0,
Dadra,4,Variation #2,1,9,Ge,Ta,4,0.75,1.0,1.0,Dha -KDa
Dadra,4,Variation #2,1,10,,KDa,5,0.25,0.5,0.5,
Dadra,4,Variation #2,1,11,Ka,Tin,5,0.5,1.0,1.0,Tin
Dadra,4,Variation #2,1,12,,Tin,5,0.5,1.0,1.0,Tin
Dadra,4,Variation #2,1,13,,Na,6,0.5,1.0,1.0,Na Na
Dadra,4,Variation #2,1,14,,Na,6,0.25,1.0,1.0,
Dadra,4,Variation #2,1,15,,TiL,6,0.25,1.0,1.0,
Dadra,4,Variation #2,2,1,Ge,Ta,1,0.75,1.0,1.0,Dha -KDa
Dadra,4,Variation #2,2,2,,KDa,1,0.25,0.5,0.5,
Dadra,4,Variation #2,2,3,Ge-B,Tin,2,0.5,1.0,1.0,Dhin Dhin
Dadra,4,Variation #2,2,4,Ge-LT6,Tin,2,0.5,1.0,1.0,
Dadra,4,Variation #2,2,5,Ge,Ta,3,0.5,1.0,1.0,Dha
Dadra,4,Variation #2,2,6,Ge-B,,3,0.5,0.5,1.0,
Dadra,4,Variation #2,2,7,Ge,Ta,4,0.75,1.0,1.0,Dha -KDa
Dadra,4,Variation #2,2,8,,KDa,4,0.25,0.5,0.5,
Dadra,4,Variation #2,2,9,Ka,Tin,5,0.5,1.0,1.0,Tin Tin
Dadra,4,Variation #2,2,10,,Tin,5,0.5,1.0,1.0,
Dadra,4,Variation #2,2,11,,Na,6,0.5,1.0,1.0,Na
Dadra,4,Variation #2,2,12,,TiL,6,0.5,1.0,0.5,
Dadra,4,Variation #2,3,1,Ge,Ta,1,1.0,1.0,1.0,Dha
Dadra,4,Variation #2,3,2,Ge-LT6,Tin,2,1.0,1.0,0.5,Dhin
Dadra,4,Variation #2,3,3,Ge,Ta,3,0.5,1.0,1.0,Dha
Dadra,4,Variation #2,3,4,Ge-B,,3,0.5,0.5,1.0,
Dadra,4,Variation #2,3,5,Ge,Ta,4,1.0,1.0,1.0,Dha
Dadra,4,Variation #2,3,6,Ka,Tin,5,1.0,1.0,0.5,Tin
Dadra,4,Variation #2,3,7,,Na,6,0.5,1.0,1.0,Na
Dadra,4,Variation #2,3,8,,TiL,6,0.5,1.0,0.5,
Dadra,4,Variation #2,4,1,Ge,Ta,1,1.0,1.0,1.0,Dha
Dadra,4,Variation #2,4,2,Ge-B,Tin,2,1.0,1.0,0.5,Dhin
Dadra,4,Variation #2,4,3,,Na,3,1.0,1.0,1.0,Na
Dadra,4,Variation #2,4,4,Ge,Ta,4,1.0,1.0,1.0,Dha
Dadra,4,Variation #2,4,5,Ka,Tin,5,1.0,1.0,0.5,Tin
Dadra,4,Variation #2,4,6,,Na,6,1.0,1.0,1.0,Na
Dadra,5,Variation #3,1,1,Ge,Ta,1,0.5,1.0,1.0,Dha Dha
Dadra,5,Variation #3,1,2,Ge-LT6,Ta,1,0.5,0.5,0.5,
Dadra,5,Variation #3,1,3,Ge,Ta,2,0.5,1.0,1.0,Dha Dhin
Dadra,5,Variation #3,1,4,Ge-LT6,Tin,2,0.5,1.0,1.0,
Dadra,5,Variation #3,1,5,,Na,3,0.25,1.0,1.0,NaKeTiTa
Dadra,5,Variation #3,1,6,Ka,,3,0.25,0.5,1.0,
Dadra,5,Variation #3,1,7,,TiL,3,0.25,1.0,1.0,
Dadra,5,Variation #3,1,8,,TTaL,3,0.25,1.0,1.0,
Dadra,5,Variation #3,1,9,Ge,Ta,4,0.5,1.0,1.0,Dha Ge
Dadra,5,Variation #3,1,10,Ge-B,,5,0.5,0.5,1.0,
Dadra,5,Variation #3,1,11,Ka,Tin,5,0.5,1.0,1.0,Ti Na
Dadra,5,Variation #3,1,12,,Na,5,0.5,1.0,1.0,Na
Dadra,5,Variation #3,1,13,,TiL,6,0.25,1.0,1.0,TiRaKiTa
Dadra,5,Variation #3,1,14,,Ra,6,0.25,1.0,0.5,
Dadra,5,Variation #3,1,15,Ki,,6,0.25,0.5,1.0,
Dadra,5,Variation #3,1,16,,TTaL,6,0.25,1.0,1.0,
Dadra,5,Variation #3,2,1,Ge,Ta,1,0.5,1.0,1.0,Dha Dha
Dadra,5,Variation #3,2,2,Ge-LT6,Ta,1,0.5,0.5,0.25,
Dadra,5,Variation #3,2,3,Ge,Ta,2,0.5,1.0,1.0,Dha Dhin
Dadra,5,Variation #3,2,4,Ge-LT6,Tin,2,0.5,1.0,0.5,
Dadra,5,Variation #3,2,5,,Na,3,0.5,1.0,1.0,Na Ge
Dadra,5,Variation #3,2,6,Ge,,3,0.5,0.5,1.0,
Dadra,5,Variation #3,2,9,Ge,Ta,4,0.5,1.0,1.0,Dha Ge
Dadra,5,Variation #3,2,10,Ge-B,,5,0.5,0.5,1.0,
Dadra,5,Variation #3,2,11,Ka,Tin,5,0.5,1.0,1.0,Ti Na
Dadra,5,Variation #3,2,12,,Na,5,0.5,1.0,1.0,Na
Dadra,5,Variation #3,2,13,,Ti,6,0.5,1.0,0.5,TiTa
Dadra,5,Variation #3,2,14,,TTa,6,0.5,1.0,0.5,
Dadra,5,Variation #3,3,1,Ge,Ta,1,1.0,1.0,1.0,Dha
Dadra,5,Variation #3,3,2,Ge-LT6,Tin,2,1.0,1.0,0.5,Dhin
Dadra,5,Variation #3,3,3,,Na,3,0.5,1.0,1.0,Na
Dadra,5,Variation #3,3,4,Ge,,3,0.5,0.25,1.0,
Dadra,5,Variation #3,3,5,Ge,Ta,4,1.0,1.0,1.0,Dha
Dadra,5,Variation #3,3,6,Ka,Tin,5,1.0,1.0,0.5,Tin
Dadra,5,Variation #3,3,7,,Na,6,0.5,1.0,1.0,Na
Dadra,5,Variation #3,3,8,,TiL,6,0.5,1.0,0.5,
Dadra,5,Variation #3,4,1,Ge,Ta,1,1.0,1.0,1.0,Dha
Dadra,5,Variation #3,4,2,Ge-B,Tin,2,1.0,1.0,0.5,Dhin
Dadra,5,Variation #3,4,3,,Na,3,1.0,1.0,1.0,Na
Dadra,5,Variation #3,4,4,Ge,Ta,4,1.0,1.0,1.0,Dha
Dadra,5,Variation #3,4,5,Ka,Tin,5,1.0,1.0,0.5,Tin
Dadra,5,Variation #3,4,6,,Na,6,1.0,1.0,1.0,Na
Dadra,6,Ghazal,1,1,Ge,Ta,1,0.5,1.0,1.0,Dha Ge
Dadra,6,Ghazal,1,2,Ge-B,,1,0.5,0.25,1.0,
Dadra,6,Ghazal,1,3,Ka,TinFull,2,0.75,1.0,1.0,Tin
Dadra,6,Ghazal,1,4,,KDa,2,0.25,1.0,1.0,
Dadra,6,Ghazal,1,5,Ka,Tin,3,0.5,1.0,1.0,Tin Tin
Dadra,6,Ghazal,1,6,Ka,Tin,3,0.25,1.0,0.5,
Dadra,6,Ghazal,1,7,,TiL,3,0.25,1.0,0.5,
Dadra,6,Ghazal,1,8,,Ta,4,0.5,1.0,1.0,TaKa
Dadra,6,Ghazal,1,9,,TiL,4,0.5,1.0,0.5,
Dadra,6,Ghazal,1,10,Ge-LT6,TinFull,5,0.75,1.0,1.0,Dhin
Dadra,6,Ghazal,1,11,,KDa,5,0.25,1.0,1.0,
Dadra,6,Ghazal,1,12,Ge-B,Tin,6,0.5,1.0,1.0,Dhin Dhin
Dadra,6,Ghazal,1,13,Ge-B,Tin,6,0.25,1.0,0.5,
Dadra,6,Ghazal,1,14,,TiL,6,0.25,1.0,0.5,
Dadra,6,Ghazal,2,1,Ge,Ta,1,0.5,1.0,1.0,Dha Ge
Dadra,6,Ghazal,2,2,Ge-B,,1,0.5,0.25,1.0,
Dadra,6,Ghazal,2,3,Ka,Tin,2,1.0,1.0,1.0,Tin
Dadra,6,Ghazal,2,4,Ka,Tin,3,0.5,1.0,1.0,Tin
Dadra,6,Ghazal,2,5,,TiL,3,0.5,1.0,0.5,
Dadra,6,Ghazal,2,6,,Ta,4,0.5,1.0,1.0,TaKa
Dadra,6,Ghazal,2,7,,TiL,4,0.5,1.0,0.5,
Dadra,6,Ghazal,2,8,Ge-LT6,Tin,5,1.0,1.0,1.0,Dhin
Dadra,6,Ghazal,2,9,Ge-B,Tin,6,0.5,1.0,1.0,Dhin
Dadra,6,Ghazal,2,10,,TiL,6,0.5,1.0,0.5,
Dadra,6,Ghazal,3,1,Ge,Ta,1,1.0,1.0,1.0,Dha
Dadra,6,Ghazal,3,2,Ka,Tin,2,1.0,1.0,0.5,Tin
Dadra,6,Ghazal,3,3,Ka,Tin,3,0.5,1.0,1.0,Tin
Dadra,6,Ghazal,3,4,,TiL,3,0.5,1.0,0.25,
Dadra,6,Ghazal,3,5,,Ta,4,1.0,1.0,1.0,Ta
Dadra,6,Ghazal,3,6,Ge-LT6,Tin,5,1.0,1.0,0.5,Dhin
Dadra,6,Ghazal,3,7,Ge-B,Tin,6,0.5,1.0,1.0,Dhin
Dadra,6,Ghazal,3,8,,TiL,6,0.5,1.0,0.25,
Dadra,7,Ghazal 2,1,1,Ge,Ta,1,0.5,1.0,1.0,Dha Na
Dadra,7,Ghazal 2,1,2,,Na,1,0.5,1.0,0.5,
Dadra,7,Ghazal 2,1,3,,TiL,2,0.5,1.0,1.0,TiRa
Dadra,7,Ghazal 2,1,4,,Ra,2,0.5,1.0,0.5,
Dadra,7,Ghazal 2,1,5,Ki,,3,0.5,0.5,1.0,KiTa
Dadra,7,Ghazal 2,1,6,,TTaL,3,0.5,1.0,1.0,
Dadra,7,Ghazal 2,1,7,Ka,Ta,4,0.5,1.0,1.0,Ta Na
Dadra,7,Ghazal 2,1,8,,Na,4,0.5,1.0,0.5,
Dadra,7,Ghazal 2,1,9,Ge-LT6,TinFull,5,0.75,1.0,1.0,Dhin
Dadra,7,Ghazal 2,1,10,,KDa,5,0.25,1.0,1.0,
Dadra,7,Ghazal 2,1,11,Ge-B,Tin,6,0.5,1.0,1.0,Dhin Dhin
Dadra,7,Ghazal 2,1,12,Ge-B,Tin,6,0.25,1.0,0.5,
Dadra,7,Ghazal 2,1,13,,TiL,6,0.25,1.0,0.5,
Dadra,7,Ghazal 2,2,1,Ge,Ta,1,0.5,1.0,1.0,Dha Na
Dadra,7,Ghazal 2,2,2,,Na,1,0.5,1.0,0.5,
Dadra,7,Ghazal 2,2,3,,Ti,2,1.0,1.0,1.0,Ti
Dadra,7,Ghazal 2,2,6,,TTa,3,1.0,1.0,1.0,Ta
Dadra,7,Ghazal 2,2,7,Ka,Ta,4,0.5,1.0,1.0,Ta Na
Dadra,7,Ghazal 2,2,8,,Na,4,0.5,1.0,0.5,
Dadra,7,Ghazal 2,2,9,Ge-LT6,TinMed,5,1.0,1.0,1.0,Dhin
Dadra,7,Ghazal 2,2,11,Ge-B,Tin,6,0.5,1.0,1.0,Dhin
Dadra,7,Ghazal 2,2,13,,TiL,6,0.5,1.0,0.5,
Dadra,7,Ghazal 2,3,1,Ge,Ta,1,0.5,1.0,1.0,Dha Na
Dadra,7,Ghazal 2,3,2,,TiL,1,0.5,1.0,1.0,
Dadra,7,Ghazal 2,3,3,,Ti,2,1.0,1.0,0.5,Ti
Dadra,7,Ghazal 2,3,4,,TTa,3,0.5,1.0,1.0,Ta
Dadra,7,Ghazal 2,3,5,,TiL,3,0.5,1.0,0.25,
Dadra,7,Ghazal 2,3,6,,Ta,4,0.5,1.0,1.0,Ta
Dadra,7,Ghazal 2,3,7,,TiL,4,0.5,1.0,1.0,
Dadra,7,Ghazal 2,3,8,Ge-LT6,Tin,5,1.0,1.0,0.5,Dhin
Dadra,7,Ghazal 2,3,9,Ge-B,Tin,6,0.5,1.0,1.0,Dhin
Dadra,7,Ghazal 2,3,10,,TiL,6,0.5,1.0,0.25,
Dadra,8,Ghazal 3,1,1,Ge,Ta,1,1.0,1.0,1.0,Dha
Dadra,8,Ghazal 3,1,3,Ge-LT6,Tin,2,1.0,1.0,1.0,Dhin
Dadra,8,Ghazal 3,1,4,,Ta,3,0.5,1.0,1.0,Na
Dadra,8,Ghazal 3,1,5,,TiL,3,0.5,1.0,0.5,
Dadra,8,Ghazal 3,1,6,Ge,Ta,4,0.5,1.0,1.0,Dha Ge
Dadra,8,Ghazal 3,1,7,Ge-B,,4,0.5,0.5,1.0,
Dadra,8,Ghazal 3,1,8,Ka,Tin,5,0.5,1.0,1.0,TinTa
Dadra,8,Ghazal 3,1,9,,Ta,5,0.5,1.0,1.0,
Dadra,8,Ghazal 3,1,10,,Ti,6,0.25,1.0,0.5,TiRaKiTa
Dadra,8,Ghazal 3,1,11,,Ra,6,0.25,1.0,0.5,
Dadra,8,Ghazal 3,1,12,Ki,,6,0.25,0.5,1.0,
Dadra,8,Ghazal 3,1,13,,TTa,6,0.25,1.0,0.5,
Dadra,8,Ghazal 3,2,1,Ge,Ta,1,1.0,1.0,1.0,Dha
Dadra,8,Ghazal 3,2,3,Ge-LT6,Tin,2,1.0,1.0,1.0,Dhin
Dadra,8,Ghazal 3,2,4,,Ta,3,0.5,1.0,1.0,Na
Dadra,8,Ghazal 3,2,5,,TiL,3,0.5,1.0,0.5,
Dadra,8,Ghazal 3,2,6,Ge,Ta,4,0.5,1.0,1.0,Dha Ge
Dadra,8,Ghazal 3,2,7,Ge-B,,4,0.5,0.5,1.0,
Dadra,8,Ghazal 3,2,8,Ka,Tin,5,0.5,1.0,1.0,TinTa
Dadra,8,Ghazal 3,2,9,,Ta,5,0.5,1.0,1.0,
Dadra,8,Ghazal 3,2,10,,Tra,6,0.5,1.0,1.0,TraKa
Dadra,8,Ghazal 3,2,11,Ka,,6,0.5,1.0,1.0,
Dadra,8,Ghazal 3,3,1,Ge,Ta,1,1.0,1.0,1.0,Dha
Dadra,8,Ghazal 3,3,3,Ge-LT6,Tin,2,1.0,1.0,1.0,Dhin
Dadra,8,Ghazal 3,3,4,,Ta,3,0.5,1.0,1.0,Na
Dadra,8,Ghazal 3,3,5,,TiL,3,0.5,1.0,0.5,
Dadra,8,Ghazal 3,3,6,Ge,Ta,4,0.5,1.0,1.0,Dha Ge
Dadra,8,Ghazal 3,3,7,Ge-B,,4,0.5,0.5,1.0,
Dadra,8,Ghazal 3,3,8,Ka,Tin,5,0.5,1.0,1.0,TinTa
Dadra,8,Ghazal 3,3,9,,Ta,5,0.5,1.0,1.0,
Dadra,8,Ghazal 3,3,10,,Ti,6,0.5,1.0,1.0,TiTa
Dadra,8,Ghazal 3,3,11,,TTa,6,0.5,1.0,0.5,
Dadra,9,Garba,"2,3",1,Ge-B,TinFull,1,1.0,1.0,1.0,Dhin
Dadra,9,Garba,"2,3",2,,Na,2,0.5,1.0,1.0,Na Dhin
Dadra,9,Garba,"2,3",3,Ge,Tin,2,0.5,1.0,1.0,
Dadra,9,Garba,"2,3",4,Ge-LT6,Ta,3,0.5,1.0,1.0,Dha
Dadra,9,Garba,"2,3",5,,TiL,3,0.5,1.0,0.5,
Dadra,9,Garba,"2,3",6,Ka,TinFull,4,1.0,1.0,1.0,Tin
Dadra,9,Garba,"2,3",7,,Na,5,0.5,1.0,1.0,Na Ki
Dadra,9,Garba,"2,3",8,Ka,,5,0.5,1.0,1.0,
Dadra,9,Garba,"2,3",9,,Na,6,0.5,1.0,1.0,Na
Dadra,9,Garba,"2,3",10,,TiL,6,0.5,1.0,0.5,
Dadra,10,Garba 2,2,1,Ge-B,TinFull,1,1.0,1.0,1.0,Dhin
Dadra,10,Garba 2,2,2,,KDa,2,0.5,1.0,1.0,KDa Dhin
Dadra,10,Garba 2,2,3,Ge,Tin,2,0.5,1.0,1.0,
Dadra,10,Garba 2,2,4,,Na,3,0.5,1.0,1.0,Na
Dadra,10,Garba 2,2,5,,TiL,3,0.5,1.0,0.5,
Dadra,10,Garba 2,2,6,Ka,TinFull,4,1.0,1.0,1.0,Tin
Dadra,10,Garba 2,2,7,,KDa,5,0.5,1.0,1.0,KDa Tin
Dadra,10,Garba 2,2,8,Ka,Tin,5,0.5,1.0,1.0,
Dadra,10,Garba 2,2,9,,Na,6,0.5,1.0,1.0,Na
Dadra,10,Garba 2,2,10,,TiL,6,0.5,1.0,0.5,
Dadra,10,Garba 2,3,1,Ge-B,TinFull,1,1.0,1.0,1.0,Dhin
Dadra,10,Garba 2,3,2,,Na,2,0.5,1.0,0.75,Na Dhin
Dadra,10,Garba 2,3,3,Ge,Tin,2,0.5,1.0,1.0,
Dadra,10,Garba 2,3,4,,Na,3,0.5,1.0,1.0,Na
Dadra,10,Garba 2,3,5,,TiL,3,0.5,1.0,0.5,
Dadra,10,Garba 2,3,6,Ka,TinFull,4,1.0,1.0,1.0,Tin
Dadra,10,Garba 2,3,7,,Na,5,0.5,1.0,0.75,Na Tin
Dadra,10,Garba 2,3,8,Ka,Tin,5,0.5,1.0,1.0,
Dadra,10,Garba 2,3,9,,Na,6,0.5,1.0,1.0,Na
Dadra,10,Garba 2,3,10,,TiL,6,0.5,1.0,0.5,
Dadra,11,Khemta,"2,3",1,Ge-B,TinFull,1,1.0,1.0,1.0,Dhin
Dadra,11,Khemta,"2,3",2,,Ta,2,1.0,1.0,1.0,Ta
Dadra,11,Khemta,"2,3",3,,Ta,3,0.5,1.0,1.0,Ta
Dadra,11,Khemta,"2,3",4,,TiL,3,0.5,1.0,0.5,
Dadra,11,Khemta,"2,3",5,Ka,TaKa,4,1.0,1.0,1.0,Tik
Dadra,11,Khemta,"2,3",6,Ge,Ta,5,1.0,1.0,1.0,Dha
Dadra,11,Khemta,"2,3",7,,Ta,6,0.5,1.0,1.0,Ta
Dadra,11,Khemta,"2,3",8,,TiL,6,0.5,1.0,0.5,
Dadra,12,Laggi,"2,3",1,Ge,Ta,1,0.5,1.0,1.0,Dha Tit
Dadra,12,Laggi,"2,3",2,,Din,1,0.5,1.0,0.5,
Dadra,12,Laggi,"2,3",3,Ge,Ta,2,0.5,1.0,1.0,Dha Dha
Dadra,12,Laggi,"2,3",4,Ge-LT6,Ta,2,0.5,1.0,0.5,
Dadra,12,Laggi,"2,3",5,Ka,TinMed,3,0.5,1.0,1.0,Tin Na
Dadra,12,Laggi,"2,3",6,,Na,3,0.5,1.0,0.5,
Dadra,12,Laggi,"2,3",7,,Ta,4,0.5,1.0,1.0,Ta Tit
Dadra,12,Laggi,"2,3",8,,Din,4,0.5,1.0,0.5,
Dadra,12,Laggi,"2,3",9,Ge,Ta,5,0.5,1.0,1.0,DhaDha
Dadra,12,Laggi,"2,3",10,Ge-LT6,Ta,5,0.5,1.0,0.5,
Dadra,12,Laggi,"2,3",11,Ge-B,TinMed,6,0.5,1.0,1.0,Dhin Na
Dadra,12,Laggi,"2,3",12,,Na,6,0.5,1.0,0.5,
Dadra,13,Laggi 2,"2,3",1,Ge,Ta,1,0.5,1.0,1.0,Dha Ge
Dadra,13,Laggi 2,"2,3",2,Ge-B,,1,0.5,0.25,1.0,
Dadra,13,Laggi 2,"2,3",3,Ge-LT6,Tin,2,0.5,1.0,1.0,Dhi Na
Dadra,13,Laggi 2,"2,3",4,,Na,2,0.5,1.0,0.5,
Dadra,13,Laggi 2,"2,3",5,Ge,,3,0.5,0.5,1.0,Ge Na
Dadra,13,Laggi 2,"2,3",6,,Na,3,0.5,1.0,0.5,
Dadra,13,Laggi 2,"2,3",7,Ge,Ta,4,0.5,1.0,1.0,Dha Ge
Dadra,13,Laggi 2,"2,3",8,Ge-B,,4,0.5,0.25,1.0,
Dadra,13,Laggi 2,"2,3",9,Ka,Tin,5,0.5,1.0,1.0,Ti Na
Dadra,13,Laggi 2,"2,3",10,,Na,5,0.5,1.0,0.5,
Dadra,13,Laggi 2,"2,3",11,Ka,,6,0.5,0.5,1.0,Ke Na
Dadra,13,Laggi 2,"2,3",12,,Na,6,0.5,1.0,0.5,
Dadra,14,Laggi 3,"2,3",1,Ge,Ta,1,1.0,1.0,1.0,Dha -
Dadra,14,Laggi 3,"2,3",3,Ge-LT6,Tin,2,0.5,1.0,1.0,Dhi Na
Dadra,14,Laggi 3,"2,3",4,,Na,2,0.5,1.0,0.5,
Dadra,14,Laggi 3,"2,3",5,Ge,,3,0.5,0.5,1.0,Ge Na
Dadra,14,Laggi 3,"2,3",6,,Na,3,0.5,1.0,0.5,
Dadra,14,Laggi 3,"2,3",7,Ge,Ta,4,1.0,1.0,1.0,Dha -
Dadra,14,Laggi 3,"2,3",9,Ka,Tin,5,0.5,1.0,1.0,Ti Na
Dadra,14,Laggi 3,"2,3",10,,Na,5,0.5,1.0,0.5,
Dadra,14,Laggi 3,"2,3",11,Ka,,6,0.5,0.5,1.0,Ke Na
Dadra,14,Laggi 3,"2,3",12,,Na,6,0.5,1.0,0.5,
Dadra,15,Laggi 4,"2,3",1,Ge,Ta,1,0.5,1.0,1.0,Dha Dha
Dadra,15,Laggi 4,"2,3",2,Ge-B,Ta,1,0.5,0.5,0.5,
Dadra,15,Laggi 4,"2,3",3,,Ti,2,0.5,1.0,1.0,Ti Na
Dadra,15,Laggi 4,"2,3",4,,Na,2,0.5,1.0,0.5,
Dadra,15,Laggi 4,"2,3",5,Ge,Ta,3,0.5,1.0,1.0,Dha Ti
Dadra,15,Laggi 4,"2,3",6,,Ti,3,0.5,1.0,0.5,
Dadra,15,Laggi 4,"2,3",7,Ge,Ta,4,0.5,1.0,1.0,Dha Dha
Dadra,15,Laggi 4,"2,3",8,Ge-B,Ta,4,0.5,0.5,0.5,
Dadra,15,Laggi 4,"2,3",9,,Ti,5,0.5,1.0,1.0,Ti Na
Dadra,15,Laggi 4,"2,3",10,,Na,5,0.5,1.0,0.5,
Dadra,15,Laggi 4,"2,3",11,Ge,Ta,6,0.5,1.0,1.0,Dha Ti
Dadra,15,Laggi 4,"2,3",12,,Ti,6,0.5,1.0,0.5,
Dadra,16,Laggi 5,"2,3",1,Ge,Tin,1,0.5,1.0,1.0,Dhi Ti
Dadra,16,Laggi 5,"2,3",2,,Ti,1,0.5,1.0,1.0,
Dadra,16,Laggi 5,"2,3",3,,Ta,2,0.5,1.0,1.0,Ta Ge
Dadra,16,Laggi 5,"2,3",4,Ge,,2,0.5,1.0,1.0,
Dadra,16,Laggi 5,"2,3",5,Ge-B,Tin,3,0.5,1.0,1.0,Dhi Na
Dadra,16,Laggi 5,"2,3",6,,Na,3,0.5,1.0,0.5,
Dadra,16,Laggi 5,"2,3",7,Ge,Tin,4,0.5,1.0,1.0,Dhi Ti
Dadra,16,Laggi 5,"2,3",8,,Ti,4,0.5,1.0,1.0,
Dadra,16,Laggi 5,"2,3",9,,Ta,5,0.5,1.0,1.0,Ta Ge
Dadra,16,Laggi 5,"2,3",10,Ge,,5,0.5,1.0,1.0,
Dadra,16,Laggi 5,"2,3",11,Ge-B,Tin,6,0.5,1.0,1.0,Dhi Na
Dadra,16,Laggi 5,"2,3",12,,Na,6,0.5,1.0,0.5,
Dakshinatya Rupak,1,Basic,2,1,Ge,Ta,1,1.0,1.0,1.0,Dha
Dakshinatya Rupak,1,Basic,2,2,Ge-B,Tin,2,0.5,1.0,1.0,Dhin
Dakshinatya Rupak,1,Basic,2,3,,TiL,2,0.5,1.0,1.0,
Dakshinatya Rupak,1,Basic,2,4,Ge,Ta,3,1.0,1.0,1.0,Dha
Dakshinatya Rupak,1,Basic,2,5,Ge,Ta,4,1.0,0.75,1.0,Dha
Dakshinatya Rupak,1,Basic,2,6,Ge-B,Tin,5,0.5,1.0,1.0,Dhin
Dakshinatya Rupak,1,Basic,2,7,,TiL,5,0.5,1.0,1.0,
Dakshinatya Rupak,1,Basic,2,8,,Na,6,0.5,1.0,1.0,Na
Dakshinatya Rupak,1,Basic,2,9,,TiL,6,0.5,1.0,1.0,
Dakshinatya Rupak,1,Basic,3,1,Ge,Ta,1,1.0,1.0,1.0,Dha
Dakshinatya Rupak,1,Basic,3,2,Ge-B,Tin,2,0.5,1.0,1.0,Dhin
Dakshinatya Rupak,1,Basic,3,3,,TiL,2,0.5,1.0,0.5,
Dakshinatya Rupak,1,Basic,3,4,Ge,Ta,3,1.0,1.0,1.0,Dha
Dakshinatya Rupak,1,Basic,3,5,Ge,Ta,4,1.0,0.75,0.75,Dha
Dakshinatya Rupak,1,Basic,3,6,Ge-B,Tin,5,0.5,1.0,1.0,Dhin
Dakshinatya Rupak,1,Basic,3,7,,TiL,5,0.5,1.0,0.5,
Dakshinatya Rupak,1,Basic,3,8,,Na,6,0.5,1.0,1.0,Na
Dakshinatya Rupak,1,Basic,3,9,,TiL,6,0.5,1.0,0.5,
Dakshinatya Rupak,2,Pro Default,2,1,Ge,Ta,1,1.0,1.0,1.0,Dha
Dakshinatya Rupak,2,Pro Default,2,2,Ge-LT6,Tin,2,0.5,1.0,1.0,Dhin
Dakshinatya Rupak,2,Pro Default,2,3,,TiL,2,0.5,1.0,1.0,
Dakshinatya Rupak,2,Pro Default,2,4,Ge-F,Ta,3,1.0,1.0,1.0,Dha
Dakshinatya Rupak,2,Pro Default,2,5,Ge,Ta,4,1.0,0.75,0.75,Dha
Dakshinatya Rupak,2,Pro Default,2,6,Ge-LT6,Tin,5,0.5,1.0,1.0,Dhin
Dakshinatya Rupak,2,Pro Default,2,7,,TiL,5,0.5,1.0,1.0,
Dakshinatya Rupak,2,Pro Default,2,8,,Na,6,0.5,1.0,1.0,Na
Dakshinatya Rupak,2,Pro Default,2,9,,Na,6,0.5,1.0,1.0,
Dakshinatya Rupak,2,Pro Default,3,1,Ge,Ta,1,1.0,1.0,1.0,Dha
Dakshinatya Rupak,2,Pro Default,3,2,Ge-LT6,Tin,2,0.5,1.0,1.0,Dhin
Dakshinatya Rupak,2,Pro Default,3,3,,TiL,2,0.5,1.0,0.5,
Dakshinatya Rupak,2,Pro Default,3,4,Ge,Ta,3,1.0,1.0,1.0,Dha
Dakshinatya Rupak,2,Pro Default,3,5,Ge,Ta,4,1.0,0.75,0.75,Dha
Dakshinatya Rupak,2,Pro Default,3,6,Ge-LT6,Tin,5,0.5,1.0,1.0,Dhin
Dakshinatya Rupak,2,Pro Default,3,7,,TiL,5,0.5,1.0,0.5,
Dakshinatya Rupak,2,Pro Default,3,8,,Na,6,0.5,1.0,1.0,Na
Dakshinatya Rupak,2,Pro Default,3,9,,TiL,6,0.5,1.0,0.5,
Sasthi,1,Basic,1,1,Ge-S,TinFull,1,1.0,1.0,1.0,Dhin
Sasthi,1,Basic,1,2,Ge-S,TinMed,2,1.0,1.0,1.0,Dhin
Sasthi,1,Basic,1,3,Ge,Ta,3,0.5,1.0,1.0,Dha Ge
Sasthi,1,Basic,1,4,Ge-B,,3,0.5,0.5,1.0,
Sasthi,1,Basic,1,5,,Ti,4,0.25,1.0,1.0,TiRaKiTa
Sasthi,1,Basic,1,6,,Ra,4,0.25,1.0,1.0,
Sasthi,1,Basic,1,7,Ki,,4,0.25,1.0,1.0,
Sasthi,1,Basic,1,8,,TTa,4,0.25,1.0,1.0,
Sasthi,1,Basic,1,9,Ge-B,TinFull,5,1.0,1.0,1.0,Dhin
Sasthi,1,Basic,1,10,,Na,6,0.5,1.0,1.0,Na Na
Sasthi,1,Basic,1,11,,Na,6,0.5,1.0,1.0,
Sasthi,1,Basic,2,1,Ge,TinFull,1,1.0,1.0,1.0,Dhin
Sasthi,1,Basic,2,2,Ge-B,Tin,2,1.0,1.0,1.0,Dhin
Sasthi,1,Basic,2,3,Ge,Ta,3,0.5,1.0,1.0,Dha Ge
Sasthi,1,Basic,2,4,Ge-B,,3,0.5,0.5,1.0,
Sasthi,1,Basic,2,5,,Ti,4,0.5,1.0,1.0,TiTa
Sasthi,1,Basic,2,6,,TTa,4,0.5,1.0,1.0,
Sasthi,1,Basic,2,7,Ge-B,TinFull,5,1.0,1.0,1.0,Dhin
Sasthi,1,Basic,2,8,,Na,6,0.5,1.0,1.0,Na Na
Sasthi,1,Basic,2,9,,Na,6,0.5,1.0,1.0,
Sasthi,1,Basic,3,1,Ge,TinFull,1,1.0,1.0,1.0,Dhin
Sasthi,1,Basic,3,2,Ge-B,Tin,2,1.0,1.0,1.0,Dhin
Sasthi,1,Basic,3,3,Ge,Ta,3,0.5,1.0,1.0,Dha Ge
Sasthi,1,Basic,3,4,Ge-B,,3,0.5,1.0,1.0,
Sasthi,1,Basic,3,5,,Ti,4,0.5,1.0,1.0,TiTa
Sasthi,1,Basic,3,6,,TTa,4,0.5,1.0,1.0,
Sasthi,1,Basic,3,7,Ge,Tin,5,1.0,1.0,1.0,Dhin
Sasthi,1,Basic,3,8,,Na,6,1.0,1.0,1.0,Na
Sasthi,2,Pro Default,1,1,Ge-S,TinFull,1,0.75,1.0,1.0,Dhin
Sasthi,2,Pro Default,1,2,,TiL,1,0.25,1.0,1.0,
Sasthi,2,Pro Default,1,3,Ge-S,TinMed,2,0.75,1.0,1.0,Dhin
Sasthi,2,Pro Default,1,4,,TiL,2,0.25,1.0,1.0,
Sasthi,2,Pro Default,1,5,Ge-LT6,Ta,3,0.5,1.0,1.0,Dha Ge
Sasthi,2,Pro Default,1,6,Ge,,3,0.5,0.5,1.0,
Sasthi,2,Pro Default,1,7,,Ti,4,0.25,1.0,1.0,TiRaKiTa
Sasthi,2,Pro Default,1,8,,Ra,4,0.25,1.0,1.0,
Sasthi,2,Pro Default,1,9,Ki,,4,0.25,1.0,1.0,
Sasthi,2,Pro Default,1,10,,TTa,4,0.25,1.0,1.0,
Sasthi,2,Pro Default,1,11,Ge-S,TinMed,5,0.75,1.0,1.0,Dhin
Sasthi,2,Pro Default,1,12,,TiL,5,0.25,1.0,1.0,
Sasthi,2,Pro Default,1,13,,Na,6,0.5,1.0,1.0,Na Na
Sasthi,2,Pro Default,1,14,,Na,6,0.5,1.0,1.0,
Sasthi,2,Pro Default,2,1,Ge,TinFull,1,1.0,1.0,1.0,Dhin
Sasthi,2,Pro Default,2,2,Ge-LT6,Tin,2,1.0,1.0,1.0,Dhin
Sasthi,2,Pro Default,2,3,Ge,Ta,3,0.5,1.0,1.0,Dha Ge
Sasthi,2,Pro Default,2,4,Ge-B,,3,0.5,0.5,1.0,
Sasthi,2,Pro Default,2,5,,Ti,4,0.5,1.0,1.0,TiTa
Sasthi,2,Pro Default,2,6,,TTa,4,0.5,1.0,1.0,
Sasthi,2,Pro Default,2,7,Ge-B,TinFull,5,0.75,1.0,1.0,Dhin
Sasthi,2,Pro Default,2,8,,KDa,5,0.25,1.0,1.0,
Sasthi,2,Pro Default,2,9,,Na,6,0.5,1.0,1.0,Na Na
Sasthi,2,Pro Default,2,10,,Na,6,0.5,1.0,1.0,
Sasthi,2,Pro Default,3,1,Ge,TinFull,1,1.0,1.0,1.0,Dhin
Sasthi,2,Pro Default,3,2,Ge-LT6,Tin,2,1.0,1.0,1.0,Dhin
Sasthi,2,Pro Default,3,3,Ge,Ta,3,0.5,1.0,1.0,Dha Ge
Sasthi,2,Pro Default,3,4,Ge-B,,3,0.5,1.0,1.0,
Sasthi,2,Pro Default,3,5,,Ti,4,0.5,1.0,0.75,TiTa
Sasthi,2,Pro Default,3,6,,TTa,4,0.5,1.0,0.75,
Sasthi,2,Pro Default,3,15,Ge,Tin,5,1.0,1.0,1.0,Dhin
Sasthi,2,Pro Default,3,16,,Na,6,1.0,1.0,1.0,Na
Ardha Jai Taal,1,Basic,1,1,Ge,TinFull,1,0.5,1.0,1.0,Dhin Dhin
Ardha Jai Taal,1,Basic,1,2,Ge-B,Tin,1,0.5,1.0,1.0,
Ardha Jai Taal,1,Basic,1,3,Ge,Ta,2,0.25,1.0,1.0,Dha Ge TiRaKiTa
Ardha Jai Taal,1,Basic,1,4,Ge-B,,2,0.25,0.5,1.0,
Ardha Jai Taal,1,Basic,1,5,,Ti,2,0.125,1.0,1.0,
Ardha Jai Taal,1,Basic,1,6,,Ra,2,0.125,1.0,1.0,
Ardha Jai Taal,1,Basic,1,7,Ki,,2,0.125,1.0,1.0,
Ardha Jai Taal,1,Basic,1,8,,TTa,2,0.125,1.0,1.0,
Ardha Jai Taal,1,Basic,1,9,Ka,Tu,3,0.5,1.0,1.0,Tu Na
Ardha Jai Taal,1,Basic,1,10,,Na,3,0.5,1.0,1.0,
Ardha Jai Taal,1,Basic,1,11,Kat,,4,0.5,1.0,1.0,Kat Ta
Ardha Jai Taal,1,Basic,1,12,,TinFull,4,0.5,1.0,1.0,
Ardha Jai Taal,1,Basic,1,13,Ge,Tin,5,0.5,1.0,1.0,Dhi Na
Ardha Jai Taal,1,Basic,1,14,,Na,5,0.5,1.0,1.0,
Ardha Jai Taal,1,Basic,1,15,Ge,Tin,6,0.5,1.0,1.0,Dhi Dhi
Ardha Jai Taal,1,Basic,1,16,Ge-B,Tin,6,0.5,1.0,1.0,
Ardha Jai Taal,1,Basic,1,17,,Na,7,0.25,1.0,1.0,Na
Ardha Jai Taal,1,Basic,1,18,,TiL,7,0.25,1.0,1.0,
Ardha Jai Taal,1,Basic,"2,3",1,Ge,TinFull,1,0.5,1.0,1.0,Dhin Dhin
Ardha Jai Taal,1,Basic,"2,3",2,Ge-B,Tin,1,0.5,1.0,1.0,
Ardha Jai Taal,1,Basic,"2,3",3,Ge,Ta,2,0.25,1.0,1.0,Dha Ge TiTa
Ardha Jai Taal,1,Basic,"2,3",4,Ge-B,,2,0.25,0.5,1.0,
Ardha Jai Taal,1,Basic,"2,3",5,,Ti,2,0.25,1.0,1.0,
Ardha Jai Taal,1,Basic,"2,3",6,,TTa,2,0.25,1.0,1.0,
Ardha Jai Taal,1,Basic,"2,3",7,Ka,Tu,3,0.5,1.0,1.0,Tu Na
Ardha Jai Taal,1,Basic,"2,3",8,,Na,3,0.5,1.0,1.0,
Ardha Jai Taal,1,Basic,"2,3",9,Kat,,4,0.5,1.0,1.0,Kat Ta
Ardha Jai Taal,1,Basic,"2,3",10,,TinFull,4,0.5,1.0,1.0,
Ardha Jai Taal,1,Basic,"2,3",11,Ge,Tin,5,0.5,1.0,1.0,Dhi Na
Ardha Jai Taal,1,Basic,"2,3",12,,Na,5,0.5,1.0,1.0,
Ardha Jai Taal,1,Basic,"2,3",13,Ge,Tin,6,0.5,1.0,1.0,Dhi Dhi
Ardha Jai Taal,1,Basic,"2,3",14,Ge-B,Tin,6,0.5,1.0,1.0,
Ardha Jai Taal,1,Basic,"2,3",15,,Na,7,0.5,1.0,1.0,Na
Ardha Jai Taal,2,Pro Default,1,1,Ge,TinFull,1,0.5,1.0,1.0,Dhin Dhin
Ardha Jai Taal,2,Pro Default,1,2,Ge-B,Tin,1,0.5,1.0,1.0,
Ardha Jai Taal,2,Pro Default,1,3,Ge,Ta,2,0.25,1.0,1.0,Dha Ge TiRaKiTa
Ardha Jai Taal,2,Pro Default,1,4,Ge-B,,2,0.25,0.5,1.0,
Ardha Jai Taal,2,Pro Default,1,5,,Ti,2,0.125,1.0,1.0,
Ardha Jai Taal,2,Pro Default,1,6,,Ra,2,0.125,1.0,1.0,
Ardha Jai Taal,2,Pro Default,1,7,Ki,,2,0.125,1.0,1.0,
Ardha Jai Taal,2,Pro Default,1,8,,TTa,2,0.125,1.0,1.0,
Ardha Jai Taal,2,Pro Default,1,9,Ka,Tu,3,0.5,1.0,1.0,Tu Na
Ardha Jai Taal,2,Pro Default,1,10,,Na,3,0.5,1.0,1.0,
Ardha Jai Taal,2,Pro Default,1,11,Kat,,4,0.5,1.0,1.0,Kat Ta
Ardha Jai Taal,2,Pro Default,1,12,,TinFull,4,0.5,1.0,1.0,
Ardha Jai Taal,2,Pro Default,1,13,Ge,Tin,5,0.5,1.0,1.0,Dhi Na
Ardha Jai Taal,2,Pro Default,1,14,,Na,5,0.5,1.0,1.0,
Ardha Jai Taal,2,Pro Default,1,15,Ge-F,Tin,6,0.5,1.0,1.0,Dhi Dhi
Ardha Jai Taal,2,Pro Default,1,16,Ge-LT6,Tin,6,0.5,1.0,1.0,
Ardha Jai Taal,2,Pro Default,1,17,,Na,7,0.25,1.0,1.0,Na
Ardha Jai Taal,2,Pro Default,1,18,,TiL,7,0.25,1.0,1.0,
Ardha Jai Taal,2,Pro Default,"2,3",1,Ge,TinFull,1,0.5,1.0,1.0,Dhin Dhin
Ardha Jai Taal,2,Pro Default,"2,3",2,Ge-B,Tin,1,0.5,1.0,1.0,
Ardha Jai Taal,2,Pro Default,"2,3",3,Ge,Ta,2,0.25,1.0,1.0,Dha Ge TiTa
Ardha Jai Taal,2,Pro Default,"2,3",4,Ge-B,,2,0.25,0.5,1.0,
Ardha Jai Taal,2,Pro Default,"2,3",5,,Ti,2,0.25,1.0,1.0,
Ardha Jai Taal,2,Pro Default,"2,3",6,,TTa,2,0.25,1.0,1.0,
Ardha Jai Taal,2,Pro Default,"2,3",7,Ka,Tu,3,0.5,1.0,1.0,Tu Na
Ardha Jai Taal,2,Pro Default,"2,3",8,,Na,3,0.5,1.0,1.0,
Ardha Jai Taal,2,Pro Default,"2,3",9,Kat,,4,0.5,1.0,1.0,Kat Ta
Ardha Jai Taal,2,Pro Default,"2,3",10,,TinMed,4,0.5,1.0,1.0,
Ardha Jai Taal,2,Pro Default,"2,3",11,Ge,Tin,5,0.5,1.0,1.0,Dhi Na
Ardha Jai Taal,2,Pro Default,"2,3",12,,Na,5,0.5,1.0,1.0,
Ardha Jai Taal,2,Pro Default,"2,3",13,Ge-F,Tin,6,0.5,1.0,1.0,Dhi Dhi
Ardha Jai Taal,2,Pro Default,"2,3",14,Ge-B,Tin,6,0.5,1.0,1.0,
Ardha Jai Taal,2,Pro Default,"2,3",15,,Na,7,0.5,1.0,1.0,Na
Ardha Jai Taal,3,Variation #1,1,1,Ge,TinFull,1,0.5,1.0,1.0,Dhin TiRaKiTa
Ardha Jai Taal,3,Variation #1,1,2,,Ti,2,0.125,1.0,1.0,
Ardha Jai Taal,3,Variation #1,1,3,,Ra,2,0.125,1.0,1.0,
Ardha Jai Taal,3,Variation #1,1,4,Ki,,2,0.125,1.0,1.0,
Ardha Jai Taal,3,Variation #1,1,5,,TTa,2,0.125,1.0,1.0,
Ardha Jai Taal,3,Variation #1,1,6,Ge,TinFull,2,0.5,1.0,1.0,Dhin Na
Ardha Jai Taal,3,Variation #1,1,7,,Na,2,0.5,0.5,1.0,
Ardha Jai Taal,3,Variation #1,1,8,Ka,Tu,3,0.5,1.0,1.0,Tu Na
Ardha Jai Taal,3,Variation #1,1,9,,Na,3,0.5,1.0,1.0,
Ardha Jai Taal,3,Variation #1,1,10,Kat,,4,0.5,1.0,1.0,Kat Ta
Ardha Jai Taal,3,Variation #1,1,11,,TinFull,4,0.5,1.0,1.0,
Ardha Jai Taal,3,Variation #1,1,12,Ge,Tin,5,0.5,1.0,1.0,Dhi Na
Ardha Jai Taal,3,Variation #1,1,13,,Na,5,0.5,1.0,1.0,
Ardha Jai Taal,3,Variation #1,1,14,Ge-F,Tin,6,0.5,1.0,1.0,Dhi Dhi
Ardha Jai Taal,3,Variation #1,1,15,Ge-LT6,Tin,6,0.5,1.0,1.0,
Ardha Jai Taal,3,Variation #1,1,16,,Na,7,0.25,1.0,1.0,Na
Ardha Jai Taal,3,Variation #1,1,17,,TiL,7,0.25,1.0,1.0,
Ardha Jai Taal,3,Variation #1,"2,3",1,Ge,TinFull,1,0.5,1.0,1.0,Dhin Trak
Ardha Jai Taal,3,Variation #1,"2,3",2,,Ti,1,0.25,1.0,1.0,
Ardha Jai Taal,3,Variation #1,"2,3",3,,TTa,1,0.25,1.0,1.0,
Ardha Jai Taal,3,Variation #1,"2,3",4,Ge,TinFull,2,0.5,1.0,1.0,Dhin Na
Ardha Jai Taal,3,Variation #1,"2,3",5,,Na,2,0.5,0.5,1.0,
Ardha Jai Taal,3,Variation #1,"2,3",6,Ka,Tu,3,0.5,1.0,1.0,Tu Na
Ardha Jai Taal,3,Variation #1,"2,3",7,,Na,3,0.5,1.0,1.0,
Ardha Jai Taal,3,Variation #1,"2,3",8,Kat,,4,0.5,1.0,1.0,Kat Ta
Ardha Jai Taal,3,Variation #1,"2,3",9,,TinMed,4,0.5,1.0,1.0,
Ardha Jai Taal,3,Variation #1,"2,3",10,Ge,Tin,5,0.5,1.0,1.0,Dhi Na
Ardha Jai Taal,3,Variation #1,"2,3",11,,Na,5,0.5,1.0,1.0,
Ardha Jai Taal,3,Variation #1,"2,3",12,Ge-F,Tin,6,0.5,1.0,1.0,Dhi Dhi
Ardha Jai Taal,3,Variation #1,"2,3",13,Ge-LT6,Tin,6,0.5,1.0,1.0,
Ardha Jai Taal,3,Variation #1,"2,3",14,,Na,7,0.25,1.0,1.0,Na
Ardha Jai Taal,3,Variation #1,"2,3",15,,TiL,7,0.25,1.0,1.0,
Ardha Jai Taal,4,Variation #2,1,1,Ge-S,TinFull,1,1.0,1.0,1.0,Dhin
Ardha Jai Taal,4,Variation #2,1,3,,Ti,2,0.25,1.0,1.0,TiRaKiTa
Ardha Jai Taal,4,Variation #2,1,4,,Ra,2,0.25,1.0,1.0,
Ardha Jai Taal,4,Variation #2,1,5,Ki,,2,0.25,1.0,1.0,
Ardha Jai Taal,4,Variation #2,1,6,,TTa,2,0.25,1.0,1.0,
Ardha Jai Taal,4,Variation #2,1,7,Ge-S,TinFull,3,0.75,1.0,1.0,Dhin
Ardha Jai Taal,4,Variation #2,1,8,,TiL,3,0.25,1.0,1.0,
Ardha Jai Taal,4,Variation #2,1,9,,Na,4,0.5,1.0,1.0,Na Na
Ardha Jai Taal,4,Variation #2,1,10,,Na,4,0.5,1.0,1.0,
Ardha Jai Taal,4,Variation #2,1,11,Kat,,5,1.0,1.0,1.0,Kat
Ardha Jai Taal,4,Variation #2,1,12,Ge,Ta,6,0.5,1.0,1.0,Dha Dha
Ardha Jai Taal,4,Variation #2,1,14,Ge-LT6,Ta,6,0.5,1.0,1.0,
Ardha Jai Taal,4,Variation #2,1,15,,TiL,7,0.5,1.0,1.0,Ti
Ardha Jai Taal,4,Variation #2,2,1,Ge,TinFull,1,1.0,1.0,1.0,Dhin
Ardha Jai Taal,4,Variation #2,2,2,,Ti,2,0.25,1.0,1.0,TiRaKiTa
Ardha Jai Taal,4,Variation #2,2,3,,Ra,2,0.25,1.0,1.0,
Ardha Jai Taal,4,Variation #2,2,4,Ki,,2,0.25,1.0,1.0,
Ardha Jai Taal,4,Variation #2,2,5,,TTa,2,0.25,1.0,1.0,
Ardha Jai Taal,4,Variation #2,2,6,Ge,TinFull,3,1.0,1.0,1.0,Dhin
Ardha Jai Taal,4,Variation #2,2,7,,Na,4,1.0,1.0,1.0,Na
Ardha Jai Taal,4,Variation #2,2,8,Kat,,5,1.0,1.0,1.0,Kat
Ardha Jai Taal,4,Variation #2,2,9,Ge-F,Ta,6,0.5,1.0,1.0,Dha Dha
Ardha Jai Taal,4,Variation #2,2,10,Ge-LT6,Ta,6,0.5,1.0,1.0,
Ardha Jai Taal,4,Variation #2,2,11,,TiL,7,0.5,1.0,1.0,Ti
Ardha Jai Taal,4,Variation #2,3,1,Ge,TinFull,1,1.0,1.0,1.0,Dhin
Ardha Jai Taal,4,Variation #2,3,2,,Ti,2,0.5,1.0,1.0,TiTa
Ardha Jai Taal,4,Variation #2,3,3,,TTa,2,0.5,1.0,1.0,
Ardha Jai Taal,4,Variation #2,3,4,Ge,TinFull,3,1.0,1.0,1.0,Dhin
Ardha Jai Taal,4,Variation #2,3,5,,Na,4,1.0,1.0,1.0,Na
Ardha Jai Taal,4,Variation #2,3,6,Kat,,5,1.0,1.0,1.0,Kat
Ardha Jai Taal,4,Variation #2,3,7,Ge-F,Ta,6,0.5,1.0,1.0,Dha Dha
Ardha Jai Taal,4,Variation #2,3,8,Ge-LT6,Ta,6,0.5,1.0,1.0,
Ardha Jai Taal,4,Variation #2,3,9,,TiL,7,0.5,1.0,1.0,Ti
Moghuli,1,Basic,"2,3",1,Ka,TinFull,1,1.0,1.0,1.0,Tin
Moghuli,1,Basic,"2,3",2,,,2,1.0,1.0,1.0,-
Moghuli,1,Basic,"2,3",3,,Na,3,0.5,1.0,1.0,Na
Moghuli,1,Basic,"2,3",4,,TiL,3,0.5,1.0,0.5,
Moghuli,1,Basic,"2,3",5,Ge,TinFull,4,1.0,1.0,1.0,Dhin
Moghuli,1,Basic,"2,3",6,Ge-LT6,Tin,5,1.0,1.0,1.0,Dhin
Moghuli,1,Basic,"2,3",7,,Na,6,1.0,1.0,1.0,Na
Moghuli,1,Basic,"2,3",8,,Na,7,0.5,1.0,1.0,Na
Moghuli,1,Basic,"2,3",9,,TiL,7,0.5,1.0,0.5,
Moghuli,2,Pro Default,"2,3",1,Ka,TinFull,1,1.0,1.0,1.0,Tin
Moghuli,2,Pro Default,"2,3",2,,TiL,2,1.0,1.0,0.5,-
Moghuli,2,Pro Default,"2,3",3,,Na,3,0.5,1.0,1.0,Na
Moghuli,2,Pro Default,"2,3",4,,TiL,3,0.5,1.0,0.5,
Moghuli,2,Pro Default,"2,3",5,Ge-F,TinFull,4,1.0,1.0,1.0,Dhin
Moghuli,2,Pro Default,"2,3",6,Ge-LT6,Tin,5,1.0,1.0,1.0,Dhin
Moghuli,2,Pro Default,"2,3",7,,Na,6,1.0,1.0,1.0,Na
Moghuli,2,Pro Default,"2,3",8,,Na,7,0.5,1.0,1.0,Na
Moghuli,2,Pro Default,"2,3",9,,TiL,7,0.5,1.0,0.5,
Moghuli,3,Variation #1,"2,3",1,Ka,TinFull,1,1.0,1.0,1.0,Tin
Moghuli,3,Variation #1,"2,3",2,,TiL,2,1.0,1.0,0.5,-
Moghuli,3,Variation #1,"2,3",3,,Na,3,0.5,1.0,1.0,Na
Moghuli,3,Variation #1,"2,3",4,,TiL,3,0.5,1.0,0.5,
Moghuli,3,Variation #1,"2,3",5,Ge-F,TinFull,4,1.0,1.0,1.0,Dhin
Moghuli,3,Variation #1,"2,3",6,Ge-LT6,Tin,5,1.0,1.0,1.0,Dhin
Moghuli,3,Variation #1,"2,3",7,,Na,6,0.5,1.0,1.0,Na Ge
Moghuli,3,Variation #1,"2,3",8,Ge,,6,0.5,0.5,1.0,
Moghuli,3,Variation #1,"2,3",9,,Ti,7,0.5,1.0,1.0,TiTa
Moghuli,3,Variation #1,"2,3",10,,TTa,7,0.5,1.0,1.0,
Pashto,1,Basic,2,1,Ka,TinFull,1,1.0,1.0,1.0,Tin
Pashto,1,Basic,2,2,Ka,TinFull,2,0.5,1.0,1.0,Tin Na
Pashto,1,Basic,2,3,,Na,2,0.5,1.0,0.75,
Pashto,1,Basic,2,4,,Ti,3,0.5,1.0,1.0,TiTa
Pashto,1,Basic,2,5,,TTa,3,0.5,1.0,1.0,
Pashto,1,Basic,2,6,Ge-LT6,TinFull,4,1.0,1.0,1.0,Dhin
Pashto,1,Basic,2,7,,Na,5,0.5,1.0,0.75,Na
Pashto,1,Basic,2,8,,TiL,5,0.5,1.0,0.5,
Pashto,1,Basic,2,9,Ge-LT6,TinFull,6,1.0,1.0,1.0,Dhin
Pashto,1,Basic,2,10,,Na,7,0.5,1.0,0.75,Na
Pashto,1,Basic,2,11,,TiL,7,0.5,1.0,0.5,
Pashto,1,Basic,3,1,Ka,TinFull,1,1.0,1.0,1.0,Tin
Pashto,1,Basic,3,2,Ka,TinFull,2,0.5,1.0,1.0,Tin Na
Pashto,1,Basic,3,3,,Na,2,0.5,1.0,0.75,
Pashto,1,Basic,3,4,,Ti,3,0.5,1.0,1.0,TiTa
Pashto,1,Basic,3,5,,TTa,3,0.5,1.0,1.0,
Pashto,1,Basic,3,6,Ge-B,TinFull,4,1.0,1.0,1.0,Dhin
Pashto,1,Basic,3,7,,Na,5,0.5,1.0,0.75,Na
Pashto,1,Basic,3,8,,TiL,5,0.5,1.0,0.5,
Pashto,1,Basic,3,9,Ge-B,TinFull,6,1.0,1.0,1.0,Dhin
Pashto,1,Basic,3,10,,Na,7,0.5,1.0,0.75,Na
Pashto,1,Basic,3,11,,TiL,7,0.5,1.0,0.5,
Pashto,2,Pro Default,2,1,Ka,TinFull,1,0.75,1.0,1.0,Tin
Pashto,2,Pro Default,2,2,,KDa,1,0.25,1.0,0.75,
Pashto,2,Pro Default,2,3,Ka,TinFull,2,0.5,1.0,1.0,Tin Na
Pashto,2,Pro Default,2,4,,Na,2,0.5,1.0,1.0,
Pashto,2,Pro Default,2,5,,Ti,3,0.5,1.0,1.0,TiTa
Pashto,2,Pro Default,2,6,,TTa,3,0.5,1.0,1.0,
Pashto,2,Pro Default,2,7,Ge-F,TinFull,4,0.5,1.0,1.0,Dhin Dhin
Pashto,2,Pro Default,2,8,Ge-B,Tin,4,0.5,1.0,1.0,
Pashto,2,Pro Default,2,9,,Na,5,0.5,1.0,1.0,Na Na
Pashto,2,Pro Default,2,10,,Na,5,0.5,1.0,1.0,
Pashto,2,Pro Default,2,11,Ge-F,TinFull,6,0.5,1.0,1.0,Dhin Dhin
Pashto,2,Pro Default,2,12,Ge-B,Tin,6,0.5,1.0,1.0,
Pashto,2,Pro Default,2,13,,Na,7,0.5,1.0,1.0,Na Na
Pashto,2,Pro Default,2,14,,Na,7,0.5,1.0,1.0,
Pashto,2,Pro Default,3,1,Ka,TinFull,1,1.0,1.0,1.0,Tin
Pashto,2,Pro Default,3,2,Ka,Tin,2,0.5,1.0,1.0,Tin Na
Pashto,2,Pro Default,3,3,,Na,2,0.5,1.0,0.75,
Pashto,2,Pro Default,3,4,,Ti,3,0.5,1.0,1.0,TiTa
Pashto,2,Pro Default,3,5,,TTa,3,0.5,1.0,1.0,
Pashto,2,Pro Default,3,6,Ge-LT6,TinFull,4,1.0,1.0,1.0,Dhin
Pashto,2,Pro Default,3,7,,Na,5,0.5,1.0,0.75,Na
Pashto,2,Pro Default,3,8,,TiL,5,0.5,1.0,0.5,
Pashto,2,Pro Default,3,9,Ge-LT6,TinFull,6,1.0,1.0,1.0,Dhin
Pashto,2,Pro Default,3,10,,Na,7,0.5,1.0,0.75,Na
Pashto,2,Pro Default,3,11,,TiL,7,0.5,1.0,0.5,
Pashto,3,Variation #1,"2,3",1,Ka,TinFull,1,1.0,1.0,1.0,Tin
Pashto,3,Variation #1,"2,3",2,,TiL,2,1.0,1.0,0.5,
Pashto,3,Variation #1,"2,3",3,,Na,3,0.5,1.0,1.0,Na Ka
Pashto,3,Variation #1,"2,3",4,Ka,,3,0.5,1.0,1.0,
Pashto,3,Variation #1,"2,3",5,Ge-LT6,TinFull,4,1.0,1.0,1.0,Dhin
Pashto,3,Variation #1,"2,3",6,,TiL,5,1.0,1.0,0.5,
Pashto,3,Variation #1,"2,3",7,Ge,Ta,6,1.0,1.0,1.0,Dha
Pashto,3,Variation #1,"2,3",8,Ge-B,,7,1.0,1.0,1.0,Ge
Pashto,4,Variation #2,2,1,Ka,TinFull,1,1.0,1.0,1.0,Tin
Pashto,4,Variation #2,2,2,,TiL,2,0.5,1.0,0.5,- Ta
Pashto,4,Variation #2,2,3,,Ta,2,0.5,1.0,1.0,
Pashto,4,Variation #2,2,4,,Ti,3,0.25,1.0,1.0,TiRaKiTa
Pashto,4,Variation #2,2,5,,Ra,3,0.25,1.0,1.0,
Pashto,4,Variation #2,2,6,Ki,,3,0.25,1.0,1.0,
Pashto,4,Variation #2,2,7,,TTa,3,0.25,1.0,1.0,
Pashto,4,Variation #2,2,8,Ge,TinFull,4,1.0,1.0,1.0,Dhin
Pashto,4,Variation #2,2,9,Ge-LT6,TinFull,5,1.0,1.0,1.0,Dhin
Pashto,4,Variation #2,2,10,Ge,Ta,6,0.5,1.0,1.0,Dha Ge
Pashto,4,Variation #2,2,11,Ge-B,,6,0.5,1.0,1.0,
Pashto,4,Variation #2,2,12,,Ti,7,0.25,1.0,1.0,TiRaKiTa
Pashto,4,Variation #2,2,13,,Ra,7,0.25,1.0,1.0,
Pashto,4,Variation #2,2,14,Ki,,7,0.25,1.0,1.0,
Pashto,4,Variation #2,2,15,,TTa,7,0.25,1.0,1.0,
Pashto,4,Variation #2,3,1,Ka,TinFull,1,1.0,1.0,1.0,Tin
Pashto,4,Variation #2,3,2,,TiL,2,0.5,1.0,0.5,- Ta
Pashto,4,Variation #2,3,3,,Ta,2,0.5,1.0,1.0,
Pashto,4,Variation #2,3,4,,Ti,3,0.5,1.0,1.0,TiTa
Pashto,4,Variation #2,3,5,,TTa,3,0.5,1.0,1.0,
Pashto,4,Variation #2,3,6,Ge,TinFull,4,1.0,1.0,1.0,Dhin
Pashto,4,Variation #2,3,7,Ge-B,TinFull,5,1.0,1.0,1.0,Dhin
Pashto,4,Variation #2,3,8,Ge,Ta,6,0.5,1.0,1.0,Dha Ge
Pashto,4,Variation #2,3,9,Ge-B,,6,0.5,1.0,1.0,
Pashto,4,Variation #2,3,10,,Ti,7,0.5,1.0,1.0,TiTa
Pashto,4,Variation #2,3,11,,TTa,7,0.5,1.0,1.0,
Rupak,1,Basic,0,1,Kat,TinFull,1,0.5,1.25,1.25,Tin
Rupak,1,Basic,0,2,,Tin,1,0.25,1.0,0.5,
Rupak,1,Basic,0,3,,TiTaL,1,0.25,1.0,0.5,
Rupak,1,Basic,0,4,Ka,TinFull,2,0.5,1.0,1.0,Tin
Rupak,1,Basic,0,5,,Tin,2,0.25,1.0,0.5,
Rupak,1,Basic,0,6,,TiTaL,2,0.25,1.0,0.5,
Rupak,1,Basic,0,7,,Na,3,0.5,1.0,1.0,Na Na
Rupak,1,Basic,0,8,,Na,3,0.25,1.0,0.5,
Rupak,1,Basic,0,9,,Na,3,0.25,1.0,0.5,
Rupak,1,Basic,0,10,Ge-B,TinFull,4,0.5,1.0,1.0,Dhin
Rupak,1,Basic,0,11,Ge,,4,0.25,0.125,1.0,
Rupak,1,Basic,0,12,,TiTaL,4,0.25,1.0,0.5,
Rupak,1,Basic,0,13,,Na,5,0.5,1.0,1.0,Na Na
Rupak,1,Basic,0,14,,Na,5,0.25,1.0,0.5,
Rupak,1,Basic,0,15,,Na,5,0.25,1.0,0.5,
Rupak,1,Basic,0,16,Ge-B,TinFull,6,0.5,1.0,1.0,Dhin
Rupak,1,Basic,0,17,Ge,,6,0.25,0.125,1.0,
Rupak,1,Basic,0,18,,TiTaL,6,0.25,1.0,0.5,
Rupak,1,Basic,0,19,Ge,Ta,7,0.5,1.25,1.25,Dha Dha
Rupak,1,Basic,0,20,Ge-LT6,Ta,7,0.25,1.0,1.0,
Rupak,1,Basic,0,21,,Ti,7,0.25,1.0,1.0,
Rupak,1,Basic,1,1,Kat,TinFull,1,0.75,1.25,1.25,Tin
Rupak,1,Basic,1,2,,TiL,1,0.25,1.0,1.0,
Rupak,1,Basic,1,3,Ka,TinFull,2,0.75,1.0,1.0,Tin
Rupak,1,Basic,1,4,,TiL,2,0.25,1.0,1.0,
Rupak,1,Basic,1,5,,Na,3,0.75,1.0,1.0,Na
Rupak,1,Basic,1,6,,TiL,3,0.25,1.0,1.0,
Rupak,1,Basic,1,7,Ge-B,TinFull,4,0.75,1.0,1.0,Dhin
Rupak,1,Basic,1,8,,TiL,4,0.25,1.0,1.0,
Rupak,1,Basic,1,9,,Na,5,0.5,1.0,1.0,Na Na
Rupak,1,Basic,1,10,,Na,5,0.5,1.0,1.0,
Rupak,1,Basic,1,11,Ge-B,TinFull,6,0.75,1.0,1.0,Dhin
Rupak,1,Basic,1,12,,TiL,6,0.25,1.0,1.0,
Rupak,1,Basic,1,13,,Na,7,0.5,1.0,1.0,Na Na
Rupak,1,Basic,1,14,,Na,7,0.25,1.0,1.0,
Rupak,1,Basic,1,15,,TiL,7,0.25,1.0,1.0,
Rupak,1,Basic,2,1,Kat,TinFull,1,1.0,1.0,1.0,Tin
Rupak,1,Basic,2,2,Ka,TinFull,2,1.0,1.0,1.0,Tin
Rupak,1,Basic,2,3,,Na,3,0.5,1.0,1.0,Na
Rupak,1,Basic,2,4,,TiL,3,0.5,1.0,0.5,
Rupak,1,Basic,2,5,Ge-B,TinFull,4,1.0,1.0,1.0,Dhin
Rupak,1,Basic,2,6,,Na,5,0.5,1.0,1.0,Na
Rupak,1,Basic,2,7,,TiL,5,0.5,1.0,0.5,
Rupak,1,Basic,2,8,Ge-B,TinFull,6,1.0,1.0,1.0,Dhin
Rupak,1,Basic,2,9,,Na,7,0.5,1.0,1.0,Na
Rupak,1,Basic,2,10,,TiL,7,0.5,1.0,0.5,
Rupak,1,Basic,3,1,Kat,TinFull,1,1.0,1.25,1.0,Tin
Rupak,1,Basic,3,2,Ka,TinFull,2,1.0,1.0,1.0,Tin
Rupak,1,Basic,3,3,,Na,3,1.0,1.0,0.75,Na
Rupak,1,Basic,3,4,Ge-B,TinFull,4,1.0,1.0,1.0,Dhin
Rupak,1,Basic,3,5,,Na,5,0.5,1.0,0.75,Na
Rupak,1,Basic,3,6,,TiL,5,0.5,1.0,0.5,
Rupak,1,Basic,3,7,Ge-B,TinFull,6,1.0,1.0,1.0,Dhin
Rupak,1,Basic,3,8,,Na,7,0.5,1.0,0.75,Na
Rupak,1,Basic,3,9,,TiL,7,0.5,1.0,0.5,
Rupak,2,Pro Default,0,1,Kat,TinFull,1,0.5,1.25,1.25,Tin
Rupak,2,Pro Default,0,2,,Tin,1,0.25,1.0,0.5,
Rupak,2,Pro Default,0,3,,TiTaL,1,0.25,1.0,0.5,
Rupak,2,Pro Default,0,4,Ka,TinFull,2,0.375,1.0,0.5,Tin
Rupak,2,Pro Default,0,5,Ka,,2,0.125,0.25,1.0,
Rupak,2,Pro Default,0,6,,Tin,2,0.25,1.0,0.5,
Rupak,2,Pro Default,0,7,,TiTaL,2,0.25,1.0,0.5,
Rupak,2,Pro Default,0,8,,Na,3,0.375,1.0,1.0,Na Na
Rupak,2,Pro Default,0,9,Ka,,3,0.125,0.5,1.0,
Rupak,2,Pro Default,0,10,,Na,3,0.25,1.0,1.0,
Rupak,2,Pro Default,0,11,,Na,3,0.125,1.0,0.75,
Rupak,2,Pro Default,0,12,,Na,3,0.125,1.0,0.75,
Rupak,2,Pro Default,0,13,Ge-S,TinFull,4,0.75,1.0,1.0,Dhin
Rupak,2,Pro Default,0,14,,TiTaL,4,0.25,1.0,1.0,
Rupak,2,Pro Default,0,15,,Na,5,0.375,1.0,1.0,Na Na
Rupak,2,Pro Default,0,16,Ka,,5,0.125,0.5,1.0,
Rupak,2,Pro Default,0,17,,Na,5,0.125,1.0,1.0,
Rupak,2,Pro Default,0,18,Ka,,5,0.125,0.5,1.0,
Rupak,2,Pro Default,0,19,,TiTaL,5,0.25,1.0,1.0,
Rupak,2,Pro Default,0,20,Ge-S,TinFull,6,0.75,1.0,1.0,Dhin
Rupak,2,Pro Default,0,21,,TiTaL,6,0.25,1.0,1.0,
Rupak,2,Pro Default,0,22,Ge,Ta,7,0.375,1.25,1.25,Dha Dha
Rupak,2,Pro Default,0,23,,KDa,7,0.125,1.0,0.5,
Rupak,2,Pro Default,0,24,Ge-LT6,Ta,7,0.25,1.25,1.25,
Rupak,2,Pro Default,0,25,Ge,Ta,7,0.125,1.0,1.0,
Rupak,2,Pro Default,0,26,,Ti,7,0.125,1.0,1.0,
Rupak,2,Pro Default,1,1,Kat,TinFull,1,0.75,1.25,1.25,Tin
Rupak,2,Pro Default,1,2,,KDa,1,0.25,1.0,1.0,
Rupak,2,Pro Default,1,3,Ka,TinFull,2,0.5,1.0,1.0,Tin Tin
Rupak,2,Pro Default,1,4,Ka,Tin,2,0.5,1.0,1.0,
Rupak,2,Pro Default,1,5,,Na,3,0.25,1.0,1.0,NaKeTiTa
Rupak,2,Pro Default,1,6,Ka,,3,0.25,1.0,1.0,
Rupak,2,Pro Default,1,7,,Ti,3,0.25,1.0,1.0,
Rupak,2,Pro Default,1,8,,TTa,3,0.25,1.0,1.0,
Rupak,2,Pro Default,1,9,Ge-S,TinFull,4,0.75,1.0,1.0,Dhin
Rupak,2,Pro Default,1,10,,TiL,4,0.25,1.0,1.0,
Rupak,2,Pro Default,1,11,,Na,5,0.5,1.0,1.0,Na
Rupak,2,Pro Default,1,12,,TiTaL,5,0.5,1.0,1.0,
Rupak,2,Pro Default,1,13,Ge-S,TinFull,6,0.75,1.0,1.0,Dhin
Rupak,2,Pro Default,1,14,,TiL,6,0.25,1.0,1.0,
Rupak,2,Pro Default,1,15,Ge,Na,7,0.375,1.0,1.0,Dha Dha
Rupak,2,Pro Default,1,16,,KDa,7,0.125,1.0,0.5,
Rupak,2,Pro Default,1,17,Ge-B,Na,7,0.25,1.0,1.0,
Rupak,2,Pro Default,1,18,Ge,Na,7,0.25,1.0,1.0,
Rupak,2,Pro Default,55,1,Kat,TinFull,1,0.75,1.25,1.0,Tin
Rupak,2,Pro Default,55,2,,KDa,1,0.25,1.0,1.0,
Rupak,2,Pro Default,55,3,Ka,TinFull,2,0.5,1.0,1.0,Tin Tin
Rupak,2,Pro Default,55,4,Ka,Tin,2,0.5,1.0,1.0,
Rupak,2,Pro Default,55,5,,Na,3,0.25,1.0,0.5,NaKeTiTa
Rupak,2,Pro Default,55,6,Ka,,3,0.25,0.5,1.0,
Rupak,2,Pro Default,55,7,,TiL,3,0.25,1.0,1.0,
Rupak,2,Pro Default,55,8,,TTaL,3,0.25,1.0,1.0,
Rupak,2,Pro Default,55,9,Ge-S,TinFull,4,1.0,1.0,1.0,Dhin
Rupak,2,Pro Default,55,10,,Na,5,0.5,1.0,1.0,Na
Rupak,2,Pro Default,55,11,,TiTaL,5,0.5,1.0,1.0,
Rupak,2,Pro Default,55,12,Ge-S,TinFull,6,0.75,1.0,1.0,Dhin
Rupak,2,Pro Default,55,13,,TiL,6,0.25,1.0,1.0,
Rupak,2,Pro Default,55,14,Ge,Na,7,0.5,1.0,1.0,Dha Dha
Rupak,2,Pro Default,55,15,Ge,Na,7,0.25,1.0,1.0,
Rupak,2,Pro Default,55,16,,TiL,7,0.25,1.0,1.0,
Rupak,2,Pro Default,2,1,Kat,TinFull,1,0.75,1.0,1.0,Tin
Rupak,2,Pro Default,2,2,,KDa,1,0.25,1.0,0.75,
Rupak,2,Pro Default,2,3,Ka,TinFull,2,0.5,1.0,1.0,Tin Tin
Rupak,2,Pro Default,2,4,Ka,Tin,2,0.5,1.0,0.5,
Rupak,2,Pro Default,2,5,,Na,3,0.5,1.0,1.0,Na
Rupak,2,Pro Default,2,6,,TiL,3,0.5,1.0,0.5,
Rupak,2,Pro Default,2,7,Ge-F,TinFull,4,0.5,1.0,1.0,Dhi Dhi
Rupak,2,Pro Default,2,8,Ge-B,Tin,4,0.5,1.0,1.0,
Rupak,2,Pro Default,2,9,,Na,5,0.5,1.0,1.0,Na Na
Rupak,2,Pro Default,2,10,,Na,5,0.5,1.0,1.0,
Rupak,2,Pro Default,2,11,Ge-F,TinFull,6,0.5,1.0,1.0,Dhi Dhi
Rupak,2,Pro Default,2,12,Ge-B,Tin,6,0.5,1.0,1.0,
Rupak,2,Pro Default,2,13,,Na,7,0.5,1.0,1.0,Na Na
Rupak,2,Pro Default,2,14,,Na,7,0.5,1.0,1.0,
Rupak,2,Pro Default,3,1,Kat,TinFull,1,1.0,1.0,1.0,Tin
Rupak,2,Pro Default,3,2,Ka,TinFull,2,1.0,1.0,0.5,Tin
Rupak,2,Pro Default,3,3,,Na,3,0.5,1.0,0.75,Na
Rupak,2,Pro Default,3,4,,TiL,3,0.5,1.0,0.5,
Rupak,2,Pro Default,3,5,Ge-B,TinFull,4,1.0,1.0,1.0,Dhin
Rupak,2,Pro Default,3,6,,Na,5,0.5,1.0,0.75,Na
Rupak,2,Pro Default,3,7,,TiL,5,0.5,1.0,0.5,
Rupak,2,Pro Default,3,8,Ge-B,TinFull,6,1.0,1.0,1.0,Dhin
Rupak,2,Pro Default,3,9,,Na,7,0.5,1.0,0.75,Na
Rupak,2,Pro Default,3,10,,TiL,7,0.5,1.0,0.5,
Rupak,3,Jhoomra Ang,0,1,Kat,TinFull,1,0.75,1.25,1.25,Tin
Rupak,3,Jhoomra Ang,0,2,,TiL,1,0.25,1.0,0.5,
Rupak,3,Jhoomra Ang,0,3,Ka,Tin,2,0.5,0.5,0.5,- Ta
Rupak,3,Jhoomra Ang,0,4,,Ta,2,0.25,1.0,1.25,
Rupak,3,Jhoomra Ang,0,5,,TaKa,2,0.25,1.0,0.5,
Rupak,3,Jhoomra Ang,0,6,,Ti,3,0.25,1.0,1.0,Ti Ra Ki Ta
Rupak,3,Jhoomra Ang,0,7,,Ra,3,0.25,1.0,1.0,
Rupak,3,Jhoomra Ang,0,8,,Ti,3,0.125,1.0,0.5,
Rupak,3,Jhoomra Ang,0,9,,Ra,3,0.125,1.0,0.5,
Rupak,3,Jhoomra Ang,0,10,Ki,,3,0.125,0.5,1.0,
Rupak,3,Jhoomra Ang,0,11,,TTa,3,0.125,1.0,0.5,
Rupak,3,Jhoomra Ang,0,12,Ge-S,TinFull,4,0.75,1.0,1.0,Dhin
Rupak,3,Jhoomra Ang,0,13,Ge-B,Tin,4,0.25,0.5,0.5,
Rupak,3,Jhoomra Ang,0,14,,Ti,5,0.25,1.0,1.0,Ti Ra Ki Ta
Rupak,3,Jhoomra Ang,0,15,,Ra,5,0.25,1.0,1.0,
Rupak,3,Jhoomra Ang,0,16,Ki,,5,0.25,1.0,1.0,
Rupak,3,Jhoomra Ang,0,17,,TTa,5,0.25,1.0,1.0,
Rupak,3,Jhoomra Ang,0,18,Ge-S,TinFull,6,0.75,1.0,1.0,Dhin
Rupak,3,Jhoomra Ang,0,19,,TiTaL,6,0.25,1.0,1.0,
Rupak,3,Jhoomra Ang,0,20,Ge,Ta,7,0.375,1.25,1.25,Dha Dha
Rupak,3,Jhoomra Ang,0,21,,KDa,7,0.125,1.0,0.5,
Rupak,3,Jhoomra Ang,0,22,Ge-LT6,Ta,7,0.125,1.25,1.25,
Rupak,3,Jhoomra Ang,0,23,Ge,,7,0.125,0.75,1.0,
Rupak,3,Jhoomra Ang,0,24,,TiTaL,7,0.25,1.0,1.0,
Rupak,3,Jhoomra Ang,1,1,Kat,TinFull,1,0.75,1.25,1.25,Tin
Rupak,3,Jhoomra Ang,1,2,,TiL,1,0.25,1.0,0.5,
Rupak,3,Jhoomra Ang,1,3,Ka,Tin,2,0.5,0.5,0.5,- Ta
Rupak,3,Jhoomra Ang,1,4,,Ta,2,0.25,1.0,0.75,
Rupak,3,Jhoomra Ang,1,5,Ka,,2,0.25,0.5,0.5,
Rupak,3,Jhoomra Ang,1,6,,Ti,3,0.25,1.0,1.0,TiRaKiTa
Rupak,3,Jhoomra Ang,1,7,,Ra,3,0.25,1.0,1.0,
Rupak,3,Jhoomra Ang,1,8,Ki,,3,0.25,1.0,1.0,
Rupak,3,Jhoomra Ang,1,9,,TTa,3,0.25,1.0,1.0,
Rupak,3,Jhoomra Ang,1,10,Ge-B,TinFull,4,0.5,1.0,1.0,Dhin
Rupak,3,Jhoomra Ang,1,11,Ge,,4,0.5,0.25,1.0,
Rupak,3,Jhoomra Ang,1,12,,Ti,5,0.25,1.0,1.0,TiRaKiTa
Rupak,3,Jhoomra Ang,1,13,,Ra,5,0.25,1.0,1.0,
Rupak,3,Jhoomra Ang,1,14,Ki,,5,0.25,1.0,1.0,
Rupak,3,Jhoomra Ang,1,15,,TTa,5,0.25,1.0,1.0,
Rupak,3,Jhoomra Ang,1,16,Ge-S,TinFull,6,0.75,1.0,1.0,Dhin
Rupak,3,Jhoomra Ang,1,17,,TiL,6,0.25,1.0,1.0,
Rupak,3,Jhoomra Ang,1,18,Ge,Na,7,0.375,1.0,1.0,Dha Dha
Rupak,3,Jhoomra Ang,1,19,,KDa,7,0.125,1.0,0.5,
Rupak,3,Jhoomra Ang,1,20,Ge-B,Na,7,0.25,1.0,1.0,
Rupak,3,Jhoomra Ang,1,21,Ge,Na,7,0.25,1.0,1.0,
Rupak,3,Jhoomra Ang,55,1,Kat,TinFull,1,0.75,1.25,1.0,Tin
Rupak,3,Jhoomra Ang,55,2,,TiL,1,0.25,1.0,0.5,
Rupak,3,Jhoomra Ang,55,3,Ka,Tin,2,0.5,0.5,0.25,- Ta
Rupak,3,Jhoomra Ang,55,4,,Ta,2,0.5,1.0,0.75,
Rupak,3,Jhoomra Ang,55,6,,Ti,3,0.25,1.0,0.75,TiRaKiTa
Rupak,3,Jhoomra Ang,55,7,,Ra,3,0.25,1.0,0.75,
Rupak,3,Jhoomra Ang,55,8,Ki,,3,0.25,0.75,1.0,
Rupak,3,Jhoomra Ang,55,9,,TTa,3,0.25,1.0,0.75,
Rupak,3,Jhoomra Ang,55,10,Ge-S,TinFull,4,0.75,1.0,1.0,Dhin
Rupak,3,Jhoomra Ang,55,11,,TiL,4,0.25,1.0,1.0,
Rupak,3,Jhoomra Ang,55,12,,Ti,5,0.25,1.0,0.75,TiRaKiTa
Rupak,3,Jhoomra Ang,55,13,,Ra,5,0.25,1.0,0.75,
Rupak,3,Jhoomra Ang,55,14,Ki,,5,0.25,0.75,1.0,
Rupak,3,Jhoomra Ang,55,15,,TTa,5,0.25,1.0,0.75,
Rupak,3,Jhoomra Ang,55,16,Ge-S,TinFull,6,0.75,1.0,1.0,Dhin
Rupak,3,Jhoomra Ang,55,17,,TiL,6,0.25,1.0,1.0,
Rupak,3,Jhoomra Ang,55,18,Ge,Na,7,0.375,1.0,1.0,Dha Dha
Rupak,3,Jhoomra Ang,55,19,,KDa,7,0.125,1.0,0.5,
Rupak,3,Jhoomra Ang,55,20,Ge-B,Na,7,0.25,1.0,1.0,
Rupak,3,Jhoomra Ang,55,21,,Ti,7,0.25,1.0,1.0,
Rupak,3,Jhoomra Ang,2,1,Kat,TinFull,1,1.0,1.0,1.0,Tin
Rupak,3,Jhoomra Ang,2,2,,,2,0.5,1.0,1.0,- Ta
Rupak,3,Jhoomra Ang,2,3,,Ta,2,0.5,1.0,0.5,
Rupak,3,Jhoomra Ang,2,4,,Ti,3,0.25,1.0,0.5,TiRaKiTa
Rupak,3,Jhoomra Ang,2,5,,Ra,3,0.25,1.0,0.5,
Rupak,3,Jhoomra Ang,2,6,Ki,,3,0.25,0.5,1.0,
Rupak,3,Jhoomra Ang,2,7,,TTa,3,0.25,1.0,0.5,
Rupak,3,Jhoomra Ang,2,8,Ge-LT6,TinFull,4,1.0,1.0,1.0,Dhin
Rupak,3,Jhoomra Ang,2,9,,Ti,5,0.25,1.0,0.5,TiRaKiTa
Rupak,3,Jhoomra Ang,2,10,,Ra,5,0.25,1.0,0.5,
Rupak,3,Jhoomra Ang,2,11,Ki,,5,0.25,0.5,1.0,
Rupak,3,Jhoomra Ang,2,12,,TTa,5,0.25,1.0,0.5,
Rupak,3,Jhoomra Ang,2,13,Ge-B,TinFull,6,0.75,1.0,1.0,Dhin
Rupak,3,Jhoomra Ang,2,14,,KDa,6,0.25,1.0,0.75,
Rupak,3,Jhoomra Ang,2,15,,Na,7,0.5,1.0,1.0,Na Na
Rupak,3,Jhoomra Ang,2,16,,Na,7,0.5,1.0,1.0,
Rupak,3,Jhoomra Ang,3,1,Kat,TinFull,1,1.0,1.0,1.0,Tin
Rupak,3,Jhoomra Ang,3,2,,,2,0.5,1.0,1.0,-Ta
Rupak,3,Jhoomra Ang,3,3,,Ta,2,0.5,1.0,1.0,
Rupak,3,Jhoomra Ang,3,4,,Ti,3,0.5,1.0,0.5,TiTa
Rupak,3,Jhoomra Ang,3,5,,TTa,3,0.5,1.0,0.5,
Rupak,3,Jhoomra Ang,3,6,Ge-B,TinFull,4,1.0,1.0,1.0,Dhin
Rupak,3,Jhoomra Ang,3,7,,Ti,5,0.5,1.0,0.5,TiTa
Rupak,3,Jhoomra Ang,3,8,,TTa,5,0.5,1.0,0.5,
Rupak,3,Jhoomra Ang,3,9,Ge-B,TinFull,6,1.0,1.0,1.0,Dhin
Rupak,3,Jhoomra Ang,3,10,,Na,7,0.5,1.0,1.0,Na
Rupak,3,Jhoomra Ang,3,11,,TiL,7,0.5,1.0,0.5,
Rupak,4,Ghazal,2,1,Kat,TinFull,1,1.0,1.25,1.0,Tin
Rupak,4,Ghazal,2,2,,TiL,2,0.5,1.0,0.5,-Ta
Rupak,4,Ghazal,2,3,,Na,2,0.5,1.0,1.0,
Rupak,4,Ghazal,2,4,,,3,0.5,1.0,1.0,-
Rupak,4,Ghazal,2,5,,TiL,3,0.5,1.0,0.5,
Rupak,4,Ghazal,2,6,Ge-F,TinFull,4,0.5,1.0,1.0,Dhi Dhi
Rupak,4,Ghazal,2,7,Ge-B,Tin,4,0.5,1.0,1.0,
Rupak,4,Ghazal,2,8,,Na,5,0.5,1.0,1.0,Na Na
Rupak,4,Ghazal,2,9,,Na,5,0.5,1.0,1.0,
Rupak,4,Ghazal,2,10,Ge-F,TinFull,6,0.5,1.0,1.0,Dhi Dhi
Rupak,4,Ghazal,2,11,Ge-B,Tin,6,0.5,1.0,1.0,
Rupak,4,Ghazal,2,12,,Na,7,0.5,1.0,1.0,Na Na
Rupak,4,Ghazal,2,13,,Na,7,0.5,1.0,1.0,
Rupak,4,Ghazal,3,1,Kat,TinFull,1,1.0,1.0,1.0,Tin
Rupak,4,Ghazal,3,2,,TiL,2,0.5,1.0,0.5,-Ta
Rupak,4,Ghazal,3,3,,Na,2,0.5,1.0,0.75,
Rupak,4,Ghazal,3,4,,,3,0.5,1.0,1.0,-
Rupak,4,Ghazal,3,5,,TiL,3,0.5,1.0,0.5,
Rupak,4,Ghazal,3,6,Ge-B,TinFull,4,1.0,1.0,1.0,Dhin
Rupak,4,Ghazal,3,7,,Na,5,0.5,1.0,0.75,Na
Rupak,4,Ghazal,3,8,,TiL,5,0.5,1.0,0.5,
Rupak,4,Ghazal,3,9,Ge-B,TinFull,6,1.0,1.0,1.0,Dhin
Rupak,4,Ghazal,3,10,,Na,7,0.5,1.0,0.75,Na
Rupak,4,Ghazal,3,11,,TiL,7,0.5,1.0,0.5,
Saatva,1,Basic,"2,3",1,Ge,Ta,1,1.0,1.0,1.0,Dha
Saatva,1,Basic,"2,3",2,Ge-B,,2,1.0,1.0,1.0,Ge
Saatva,1,Basic,"2,3",3,,TiL,3,1.0,1.0,1.0,Na
Saatva,1,Basic,"2,3",4,Ge,Ta,4,1.0,1.0,1.0,Dha
Saatva,1,Basic,"2,3",5,,,5,1.0,1.0,1.0,-
Saatva,1,Basic,"2,3",6,Ka,Tin,6,1.0,1.0,1.0,Tin
Saatva,1,Basic,"2,3",7,,TiL,7,1.0,1.0,0.5,-
Saatva,2,Pro Default,"2,3",1,Ge,Ta,1,1.0,1.0,1.0,Dha
Saatva,2,Pro Default,"2,3",2,Ge-LT6,,2,1.0,1.0,1.0,Ge
Saatva,2,Pro Default,"2,3",3,,TiL,3,1.0,1.0,1.0,Na
Saatva,2,Pro Default,"2,3",4,Ge,Ta,4,1.0,1.0,1.0,Dha
Saatva,2,Pro Default,"2,3",5,Ge-B,,5,1.0,0.5,1.0,-
Saatva,2,Pro Default,"2,3",6,Ka,Tin,6,1.0,1.0,1.0,Tin
Saatva,2,Pro Default,"2,3",7,,TiL,7,1.0,1.0,0.5,-
Teevra,2,Pro Default,"1,2",1,Ge-OP,TinFull,1,1.0,1.0,1.0,Dha
Teevra,2,Pro Default,"1,2",2,Ge-B,Di,2,1.0,1.0,1.0,Dhin
Teevra,2,Pro Default,"1,2",3,,TinFull,3,1.0,1.0,1.0,Ta
Teevra,2,Pro Default,"1,2",4,,Din,4,0.5,1.0,1.0,Ti Ta
Teevra,2,Pro Default,"1,2",5,,TTa,4,0.5,1.0,1.0,
Teevra,2,Pro Default,"1,2",6,Ka,,5,0.5,1.0,1.0,Ka Ta
Teevra,2,Pro Default,"1,2",7,,TTa,5,0.5,1.0,1.0,
Teevra,2,Pro Default,"1,2",8,Ge-B,,6,0.5,1.0,1.0,Ga Di
Teevra,2,Pro Default,"1,2",9,,Di,6,0.5,1.0,1.0,
Teevra,2,Pro Default,"1,2",10,Ka,,7,0.5,1.0,1.0,Ga Na
Teevra,2,Pro Default,"1,2",11,,NNa,7,0.5,1.0,1.0,
Neel Taal,1,Basic,1,1,Ka,TinFull,1,0.75,1.0,1.0,Tin
Neel Taal,1,Basic,1,2,,TiL,1,0.25,1.0,1.0,
Neel Taal,1,Basic,1,3,Ka,TinFull,2,0.75,1.0,1.0,Tin
Neel Taal,1,Basic,1,4,,TiL,2,0.25,1.0,1.0,
Neel Taal,1,Basic,1,5,,Na,3,0.75,1.0,1.0,Na
Neel Taal,1,Basic,1,6,,TiL,3,0.25,1.0,1.0,
Neel Taal,1,Basic,1,7,Ge-B,TinFull,4,0.75,1.0,1.0,Dhin
Neel Taal,1,Basic,1,8,,TiL,4,0.25,1.0,1.0,
Neel Taal,1,Basic,1,9,,Na,5,0.75,1.0,1.0,Na
Neel Taal,1,Basic,1,10,,TiL,5,0.25,1.0,1.0,
Neel Taal,1,Basic,1,11,Ge-B,TinFull,6,0.5,1.0,1.0,Dhi Na
Neel Taal,1,Basic,1,12,,Na,6,0.5,1.0,1.0,
Neel Taal,1,Basic,1,13,Ge,Tin,7,0.5,1.0,1.0,Dhi Dhi
Neel Taal,1,Basic,1,14,Ge-B,Tin,7,0.5,1.0,1.0,
Neel Taal,1,Basic,1,15,,Na,8,0.5,1.0,1.0,Na
Neel Taal,1,Basic,2,1,Ka,TinFull,1,1.0,1.0,1.0,Tin
Neel Taal,1,Basic,2,2,Ka,TinFull,2,1.0,1.0,1.0,Tin
Neel Taal,1,Basic,2,3,,Na,3,0.5,1.0,1.0,Na
Neel Taal,1,Basic,2,4,,TiL,3,0.5,1.0,0.5,
Neel Taal,1,Basic,2,5,Ge-B,TinFull,4,1.0,1.0,1.0,Dhin
Neel Taal,1,Basic,2,6,,Na,5,0.5,1.0,1.0,Na
Neel Taal,1,Basic,2,7,,TiL,5,0.5,1.0,0.5,
Neel Taal,1,Basic,2,8,Ge-B,TinFull,6,0.5,1.0,1.0,Dhi Na
Neel Taal,1,Basic,2,9,,Na,6,0.5,1.0,1.0,
Neel Taal,1,Basic,2,10,Ge,Tin,7,0.5,1.0,1.0,Dhi Dhi
Neel Taal,1,Basic,2,11,Ge-B,Tin,7,0.5,1.0,1.0,
Neel Taal,1,Basic,2,12,,Na,8,0.5,1.0,1.0,Na
Neel Taal,1,Basic,3,1,Ka,TinFull,1,1.0,1.0,1.0,Tin
Neel Taal,1,Basic,3,2,Ka,TinFull,2,1.0,1.0,1.0,Tin
Neel Taal,1,Basic,3,3,,Na,3,0.5,1.0,1.0,Na
Neel Taal,1,Basic,3,4,,TiL,3,0.5,1.0,0.5,
Neel Taal,1,Basic,3,5,Ge-B,TinFull,4,1.0,1.0,1.0,Dhin
Neel Taal,1,Basic,3,6,,Na,5,0.5,1.0,1.0,Na
Neel Taal,1,Basic,3,7,,TiL,5,0.5,1.0,0.5,
Neel Taal,1,Basic,3,8,Ge-B,TinFull,6,0.5,1.0,1.0,Dhi Na
Neel Taal,1,Basic,3,9,,Na,6,0.5,1.0,1.0,
Neel Taal,1,Basic,3,10,Ge,Tin,7,0.5,1.0,1.0,Dhi Dhi
Neel Taal,1,Basic,3,11,Ge-B,Tin,7,0.5,1.0,1.0,
Neel Taal,1,Basic,3,12,,Na,8,0.5,1.0,1.0,Na
Neel Taal,2,Pro Default,1,1,Ka,TinFull,1,0.75,1.0,1.0,Tin
Neel Taal,2,Pro Default,1,2,,KDa,1,0.25,1.0,1.0,
Neel Taal,2,Pro Default,1,3,Ka,TinFull,2,0.5,1.0,1.0,Tin Tin
Neel Taal,2,Pro Default,1,4,Ka,Tin,2,0.5,1.0,1.0,
Neel Taal,2,Pro Default,1,5,,Na,3,0.75,1.0,1.0,Na
Neel Taal,2,Pro Default,1,6,,TiL,3,0.25,1.0,1.0,
Neel Taal,2,Pro Default,1,7,Ge-S,TinFull,4,0.75,1.0,1.0,Dhin
Neel Taal,2,Pro Default,1,8,,TiL,4,0.25,1.0,1.0,
Neel Taal,2,Pro Default,1,9,,Na,5,0.5,1.0,1.0,Na
Neel Taal,2,Pro Default,1,10,,TiTaL,5,0.5,1.0,1.0,
Neel Taal,2,Pro Default,1,11,Ge-B,TinFull,6,0.5,1.0,1.0,Dhi Na
Neel Taal,2,Pro Default,1,12,,Na,6,0.5,1.0,1.0,
Neel Taal,2,Pro Default,1,13,Ge-F,Tin,7,0.5,1.0,1.0,Dhi Dhi
Neel Taal,2,Pro Default,1,14,Ge-B,Tin,7,0.5,1.0,1.0,
Neel Taal,2,Pro Default,1,15,,Na,8,0.5,1.0,1.0,Na
Neel Taal,2,Pro Default,2,1,Ka,TinFull,1,0.75,1.0,1.0,Tin
Neel Taal,2,Pro Default,2,2,,KDa,1,0.25,1.0,0.75,
Neel Taal,2,Pro Default,2,3,Ka,TinFull,2,0.5,1.0,1.0,Tin Tin
Neel Taal,2,Pro Default,2,4,Ka,Tin,2,0.5,1.0,1.0,
Neel Taal,2,Pro Default,2,5,,Na,3,0.5,1.0,1.0,Na
Neel Taal,2,Pro Default,2,6,,TiL,3,0.5,1.0,0.5,
Neel Taal,2,Pro Default,2,7,Ge-LT6,TinFull,4,1.0,1.0,1.0,Dhin
Neel Taal,2,Pro Default,2,8,,Na,5,0.5,1.0,1.0,Na
Neel Taal,2,Pro Default,2,9,,TiL,5,0.5,1.0,0.5,
Neel Taal,2,Pro Default,2,10,Ge-B,TinFull,6,0.5,1.0,1.0,Dhi Na
Neel Taal,2,Pro Default,2,11,,Na,6,0.5,1.0,1.0,
Neel Taal,2,Pro Default,2,12,Ge-F,Tin,7,0.5,1.0,1.0,Dhi Dhi
Neel Taal,2,Pro Default,2,13,Ge-B,Tin,7,0.5,1.0,1.0,
Neel Taal,2,Pro Default,2,14,,Na,8,0.5,1.0,1.0,Na
Neel Taal,2,Pro Default,3,1,Ka,TinFull,1,1.0,1.0,1.0,Tin
Neel Taal,2,Pro Default,3,2,Ka,TinFull,2,1.0,1.0,1.0,Tin
Neel Taal,2,Pro Default,3,3,,Na,3,0.5,1.0,1.0,Na
Neel Taal,2,Pro Default,3,4,,TiL,3,0.5,1.0,0.5,
Neel Taal,2,Pro Default,3,5,Ge-LT6,TinFull,4,1.0,1.0,1.0,Dhin
Neel Taal,2,Pro Default,3,6,,Na,5,0.5,1.0,1.0,Na
Neel Taal,2,Pro Default,3,7,,TiL,5,0.5,1.0,0.5,
Neel Taal,2,Pro Default,3,8,Ge-B,TinFull,6,0.5,1.0,1.0,Dhi Na
Neel Taal,2,Pro Default,3,9,,Na,6,0.5,1.0,1.0,
Neel Taal,2,Pro Default,3,10,Ge-F,Tin,7,0.5,1.0,1.0,Dhi Dhi
Neel Taal,2,Pro Default,3,11,Ge-B,Tin,7,0.5,1.0,1.0,
Neel Taal,2,Pro Default,3,12,,Na,8,0.5,1.0,1.0,Na
Bhajani,1,Basic,2,1,Ge-LT6,Tin,1,1.0,1.0,1.0,Dhin
Bhajani,1,Basic,2,2,,Na,2,0.5,1.0,1.0,Na Dhin
Bhajani,1,Basic,2,3,Ge-B,Tin,2,0.5,1.0,1.0,
Bhajani,1,Basic,2,4,,,3,0.5,1.0,1.0,- Dhin
Bhajani,1,Basic,2,5,Ge,Tin,3,0.5,1.0,1.0,
Bhajani,1,Basic,2,6,,Na,4,0.5,1.0,1.0,Na Ge
Bhajani,1,Basic,2,7,Ge,,4,0.5,0.5,1.0,
Bhajani,1,Basic,2,8,Ge-B,Tin,5,1.0,1.0,1.0,Dhin
Bhajani,1,Basic,2,9,,Na,6,0.5,1.0,1.0,Na Tin
Bhajani,1,Basic,2,10,Ka,Tin,6,0.5,1.0,1.0,
Bhajani,1,Basic,2,11,,,7,0.5,1.0,1.0,- Tin
Bhajani,1,Basic,2,12,Ka,Tin,7,0.5,1.0,1.0,
Bhajani,1,Basic,2,13,,Na,8,0.5,1.0,1.0,Na Ge
Bhajani,1,Basic,2,14,Ge-B,,8,0.5,0.5,1.0,
Bhajani,1,Basic,3,1,Ge-B,Tin,1,1.0,1.0,1.0,Dhin
Bhajani,1,Basic,3,2,,Na,2,0.5,1.0,1.0,Na Dhin
Bhajani,1,Basic,3,3,Ge-B,Tin,2,0.5,1.0,1.0,
Bhajani,1,Basic,3,4,,,3,0.5,1.0,1.0,- Dhin
Bhajani,1,Basic,3,5,Ge,Tin,3,0.5,1.0,1.0,
Bhajani,1,Basic,3,6,,Na,4,0.5,1.0,1.0,Na Ge
Bhajani,1,Basic,3,7,Ge,,4,0.5,0.75,1.0,
Bhajani,1,Basic,3,8,Ge-B,Tin,5,1.0,1.0,1.0,Dhin
Bhajani,1,Basic,3,9,,Na,6,0.5,1.0,1.0,Na Tin
Bhajani,1,Basic,3,10,Ka,Tin,6,0.5,1.0,1.0,
Bhajani,1,Basic,3,11,,,7,0.5,1.0,1.0,- Tin
Bhajani,1,Basic,3,12,Ka,Tin,7,0.5,1.0,1.0,
Bhajani,1,Basic,3,13,,Na,8,0.5,1.0,1.0,Na
Bhajani,1,Basic,3,14,Ge,,8,0.5,0.75,1.0,
Bhajani,2,Pro Default,1,1,Ge-LT6,Tin,1,0.75,1.0,1.0,Dhin
Bhajani,2,Pro Default,1,2,,KDa,1,0.25,1.0,0.75,
Bhajani,2,Pro Default,1,3,,Na,2,0.5,1.0,1.0,Na Dhin
Bhajani,2,Pro Default,1,4,Ge-B,Tin,2,0.5,1.0,1.0,
Bhajani,2,Pro Default,1,5,,,3,0.5,1.0,1.0,- Dhin
Bhajani,2,Pro Default,1,6,Ge-LT6,Tin,3,0.5,1.0,1.0,
Bhajani,2,Pro Default,1,7,,Na,4,0.25,1.0,1.0,Na Ge
Bhajani,2,Pro Default,1,8,Ka,,4,0.25,0.5,1.0,
Bhajani,2,Pro Default,1,9,Ge-B,Tin,4,0.25,0.5,0.5,
Bhajani,2,Pro Default,1,10,,TiL,4,0.25,0.5,1.0,
Bhajani,2,Pro Default,1,11,Ge-LT6,Tin,5,0.75,1.0,1.0,Dhin
Bhajani,2,Pro Default,1,12,,KDa,5,0.25,1.0,0.75,
Bhajani,2,Pro Default,1,13,,Na,6,0.5,1.0,1.0,Na Tin
Bhajani,2,Pro Default,1,14,Ka,Tin,6,0.5,1.0,1.0,
Bhajani,2,Pro Default,1,15,,,7,0.5,1.0,1.0,- Tin
Bhajani,2,Pro Default,1,16,Ka,Tin,7,0.5,1.0,1.0,
Bhajani,2,Pro Default,1,17,,Na,8,0.25,1.0,1.0,Na Ge
Bhajani,2,Pro Default,1,18,Ge,,8,0.25,0.5,1.0,
Bhajani,2,Pro Default,1,19,Ge-B,Tin,8,0.25,0.5,0.5,
Bhajani,2,Pro Default,1,20,,TiL,8,0.25,0.5,1.0,
Bhajani,2,Pro Default,2,1,Ge-LT6,Tin,1,0.75,1.0,1.0,Dhin
Bhajani,2,Pro Default,2,2,,KDa,1,0.25,1.0,0.75,
Bhajani,2,Pro Default,2,3,,Na,2,0.5,1.0,1.0,Na Dhin
Bhajani,2,Pro Default,2,4,Ge-B,Tin,2,0.5,1.0,1.0,
Bhajani,2,Pro Default,2,5,,,3,0.5,1.0,1.0,- Dhin
Bhajani,2,Pro Default,2,6,Ge-F,Tin,3,0.5,1.0,1.0,
Bhajani,2,Pro Default,2,7,,Na,4,0.5,1.0,1.0,Na Ge
Bhajani,2,Pro Default,2,8,Ge,,4,0.5,0.5,1.0,
Bhajani,2,Pro Default,2,9,Ge-B,Tin,5,0.75,1.0,1.0,Dhin
Bhajani,2,Pro Default,2,10,,KDa,5,0.25,1.0,0.75,
Bhajani,2,Pro Default,2,11,,Na,6,0.5,1.0,1.0,Na Tin
Bhajani,2,Pro Default,2,12,Ka,Tin,6,0.5,1.0,1.0,
Bhajani,2,Pro Default,2,13,,,7,0.5,1.0,1.0,- Tin
Bhajani,2,Pro Default,2,14,Ka,Tin,7,0.5,1.0,1.0,
Bhajani,2,Pro Default,2,15,,Na,8,0.5,1.0,1.0,Na Ge
Bhajani,2,Pro Default,2,16,Ge,,8,0.5,0.5,1.0,
Bhajani,2,Pro Default,3,1,Ge-LT6,Tin,1,1.0,1.0,1.0,Dhin
Bhajani,2,Pro Default,3,2,,Na,2,0.5,1.0,1.0,Na Dhin
Bhajani,2,Pro Default,3,3,Ge-B,Tin,2,0.5,1.0,1.0,
Bhajani,2,Pro Default,3,4,,,3,0.5,1.0,1.0,- Dhin
Bhajani,2,Pro Default,3,5,Ge-F,Tin,3,0.5,0.75,1.0,
Bhajani,2,Pro Default,3,6,,Na,4,0.5,1.0,1.0,Na Ge
Bhajani,2,Pro Default,3,7,Ge,,4,0.5,0.5,1.0,
Bhajani,2,Pro Default,3,8,Ge-B,Tin,5,1.0,1.0,1.0,Dhin
Bhajani,2,Pro Default,3,9,,Na,6,0.5,1.0,1.0,Na Tin
Bhajani,2,Pro Default,3,10,Ka,Tin,6,0.5,1.0,1.0,
Bhajani,2,Pro Default,3,11,,,7,0.5,1.0,1.0,- Tin
Bhajani,2,Pro Default,3,12,Ka,Tin,7,0.5,1.0,1.0,
Bhajani,2,Pro Default,3,13,,Na,8,0.5,1.0,1.0,Na Ge
Bhajani,2,Pro Default,3,14,Ge,,8,0.5,0.5,1.0,
Bhajani,3,Variation #1,"2,3",1,Ge-LT6,Tin,1,0.5,1.0,1.0,Dhi Na
Bhajani,3,Variation #1,"2,3",2,,Na,1,0.45,1.0,0.5,
Bhajani,3,Variation #1,"2,3",3,,Na,2,0.55,1.0,1.0,Na Dhin
Bhajani,3,Variation #1,"2,3",4,Ge-B,Tin,2,0.5,1.0,1.0,
Bhajani,3,Variation #1,"2,3",5,,,3,0.5,1.0,1.0,- Dhin
Bhajani,3,Variation #1,"2,3",6,Ge-F,Tin,3,0.5,0.75,1.0,
Bhajani,3,Variation #1,"2,3",7,,Na,4,0.5,1.0,1.0,Na Ge
Bhajani,3,Variation #1,"2,3",8,Ge,,4,0.5,0.5,1.0,
Bhajani,3,Variation #1,"2,3",9,Ge-B,Tin,5,0.5,1.0,1.0,Dhi Na
Bhajani,3,Variation #1,"2,3",10,,Na,5,0.45,1.0,0.5,
Bhajani,3,Variation #1,"2,3",11,,Na,6,0.55,1.0,1.0,Na Tin
Bhajani,3,Variation #1,"2,3",12,Ka,Tin,6,0.5,1.0,1.0,
Bhajani,3,Variation #1,"2,3",13,,,7,0.5,1.0,1.0,- Tin
Bhajani,3,Variation #1,"2,3",14,Ka,Tin,7,0.5,1.0,1.0,
Bhajani,3,Variation #1,"2,3",15,,Na,8,0.5,1.0,1.0,Na Ge
Bhajani,3,Variation #1,"2,3",16,Ge,,8,0.5,0.5,1.0,
Bhajani,4,Variation #2,2,1,,TiL,1,0.25,1.0,1.0,TiRaKiTa
Bhajani,4,Variation #2,2,2,,Ra,1,0.25,1.0,0.25,
Bhajani,4,Variation #2,2,3,Ki,,1,0.25,0.25,1.0,
Bhajani,4,Variation #2,2,4,,TTaL,1,0.2,1.0,1.0,
Bhajani,4,Variation #2,2,5,Ge,Ta,2,0.55,1.0,1.0,Dha Dhin
Bhajani,4,Variation #2,2,6,Ge-B,Tin,2,0.5,1.0,1.0,
Bhajani,4,Variation #2,2,7,,,3,0.5,1.0,1.0,- Dhin
Bhajani,4,Variation #2,2,8,Ge-F,Tin,3,0.5,1.0,1.0,
Bhajani,4,Variation #2,2,9,,Na,4,0.5,1.0,1.0,Na Ge
Bhajani,4,Variation #2,2,10,Ge,,4,0.5,0.5,1.0,
Bhajani,4,Variation #2,2,11,,TiL,5,0.25,1.0,1.0,TiRaKiTa
Bhajani,4,Variation #2,2,12,,Ra,5,0.25,1.0,0.25,
Bhajani,4,Variation #2,2,13,Ki,,5,0.25,0.25,1.0,
Bhajani,4,Variation #2,2,14,,TTaL,5,0.2,1.0,1.0,
Bhajani,4,Variation #2,2,15,Ge,Ta,6,0.55,1.0,1.0,Dha Tin
Bhajani,4,Variation #2,2,16,Ka,Tin,6,0.5,1.0,1.0,
Bhajani,4,Variation #2,2,17,,,7,0.5,1.0,1.0,- Tin
Bhajani,4,Variation #2,2,18,Ka,Tin,7,0.5,1.0,1.0,
Bhajani,4,Variation #2,2,19,,Na,8,0.5,1.0,1.0,Na Ge
Bhajani,4,Variation #2,2,20,Ge,,8,0.5,0.5,1.0,
Bhajani,4,Variation #2,3,1,,TiL,1,0.5,1.0,1.0,TiTa
Bhajani,4,Variation #2,3,4,,TTaL,1,0.45,1.0,1.0,
Bhajani,4,Variation #2,3,5,Ge,Ta,2,0.55,1.0,1.0,Dha Dhin
Bhajani,4,Variation #2,3,6,Ge-B,Tin,2,0.5,1.0,1.0,
Bhajani,4,Variation #2,3,7,,,3,0.5,1.0,1.0,- Dhin
Bhajani,4,Variation #2,3,8,Ge-F,Tin,3,0.5,1.0,1.0,
Bhajani,4,Variation #2,3,9,,Na,4,0.5,1.0,1.0,Na Ge
Bhajani,4,Variation #2,3,10,Ge,,4,0.5,0.5,1.0,
Bhajani,4,Variation #2,3,11,,TiL,5,0.5,1.0,1.0,TiTa
Bhajani,4,Variation #2,3,14,,TTaL,5,0.45,1.0,1.0,
Bhajani,4,Variation #2,3,15,Ge,Ta,6,0.55,1.0,1.0,Dha Tin
Bhajani,4,Variation #2,3,16,Ka,Tin,6,0.5,1.0,1.0,
Bhajani,4,Variation #2,3,17,,,7,0.5,1.0,1.0,- Tin
Bhajani,4,Variation #2,3,18,Ka,Tin,7,0.5,1.0,1.0,
Bhajani,4,Variation #2,3,19,,Na,8,0.5,1.0,1.0,Na Ge
Bhajani,4,Variation #2,3,20,Ge,,8,0.5,0.5,1.0,
Bhajani,5,Variation #3,"2,3",1,Ge,Ta,1,0.5,1.0,1.0,Dha Dha
Bhajani,5,Variation #3,"2,3",2,Ge-LT6,Ta,1,0.45,1.0,0.5,
Bhajani,5,Variation #3,"2,3",3,Ge,Ta,2,0.55,1.0,1.0,Dha Dhin
Bhajani,5,Variation #3,"2,3",4,Ge-B,Tin,2,0.5,1.0,1.0,
Bhajani,5,Variation #3,"2,3",5,,,3,0.5,1.0,1.0,- Dhin
Bhajani,5,Variation #3,"2,3",6,Ge-F,Tin,3,0.5,1.0,1.0,
Bhajani,5,Variation #3,"2,3",7,,Na,4,0.5,1.0,1.0,Na Ge
Bhajani,5,Variation #3,"2,3",8,Ge,,4,0.5,0.5,1.0,
Bhajani,5,Variation #3,"2,3",9,Ge,Ta,5,0.5,1.0,1.0,Dha Dha
Bhajani,5,Variation #3,"2,3",10,Ge-LT6,Ta,5,0.45,1.0,0.5,
Bhajani,5,Variation #3,"2,3",11,Ge,Ta,6,0.55,1.0,1.0,Dha Tin
Bhajani,5,Variation #3,"2,3",12,Ka,Tin,6,0.5,1.0,1.0,
Bhajani,5,Variation #3,"2,3",13,,,7,0.5,1.0,1.0,- Tin
Bhajani,5,Variation #3,"2,3",14,Ka,Tin,7,0.5,1.0,1.0,
Bhajani,5,Variation #3,"2,3",15,,Na,8,0.5,1.0,1.0,Na Ge
Bhajani,5,Variation #3,"2,3",16,Ge,,8,0.5,0.5,1.0,
Bhajani,6,Variation #4,"2,3",1,Ge,Ta,1,0.5,1.0,1.0,Dha Ti
Bhajani,6,Variation #4,"2,3",2,,TiL,1,0.45,1.0,0.5,
Bhajani,6,Variation #4,"2,3",3,Ge,Ta,2,0.55,1.0,1.0,Dha Dhin
Bhajani,6,Variation #4,"2,3",4,Ge-B,Tin,2,0.5,1.0,1.0,
Bhajani,6,Variation #4,"2,3",5,,,3,0.5,1.0,1.0,- Dhin
Bhajani,6,Variation #4,"2,3",6,Ge-F,Tin,3,0.5,1.0,1.0,
Bhajani,6,Variation #4,"2,3",7,,Na,4,0.5,1.0,1.0,Na Ge
Bhajani,6,Variation #4,"2,3",8,Ge,,4,0.5,0.5,1.0,
Bhajani,6,Variation #4,"2,3",9,Ge,Ta,5,0.5,1.0,1.0,Dha Ti
Bhajani,6,Variation #4,"2,3",10,,TiL,5,0.45,1.0,0.5,
Bhajani,6,Variation #4,"2,3",11,Ge,Ta,6,0.55,1.0,1.0,Dha Tin
Bhajani,6,Variation #4,"2,3",12,Ka,Tin,6,0.5,1.0,1.0,
Bhajani,6,Variation #4,"2,3",13,,,7,0.5,1.0,1.0,- Tin
Bhajani,6,Variation #4,"2,3",14,Ka,Tin,7,0.5,1.0,1.0,
Bhajani,6,Variation #4,"2,3",15,,Na,8,0.5,1.0,1.0,Na Ge
Bhajani,6,Variation #4,"2,3",16,Ge,,8,0.5,0.5,1.0,
Bhajani,7,Variation #5,"2,3",1,Ge-LT6,Tin,1,0.5,1.0,1.0,Dhin Dhin
Bhajani,7,Variation #5,"2,3",2,Ge-B,Tin,1,0.5,1.0,0.5,
Bhajani,7,Variation #5,"2,3",3,Ge,Ta,2,0.5,1.0,1.0,Dha Dhin
Bhajani,7,Variation #5,"2,3",4,Ge-B,Tin,2,0.5,1.0,0.5,
Bhajani,7,Variation #5,"2,3",5,,,3,0.5,1.0,1.0,- Dhin
Bhajani,7,Variation #5,"2,3",6,Ge-F,Tin,3,0.5,1.0,1.0,
Bhajani,7,Variation #5,"2,3",7,,Ti,4,0.5,1.0,0.5,TiTa
Bhajani,7,Variation #5,"2,3",8,,TTa,4,0.5,1.0,0.75,
Bhajani,7,Variation #5,"2,3",9,Ge-LT6,Tin,5,0.5,1.0,1.0,Dhin Dhin
Bhajani,7,Variation #5,"2,3",10,Ge-B,Tin,5,0.5,1.0,0.5,
Bhajani,7,Variation #5,"2,3",11,Ge,Ta,6,0.5,1.0,1.0,Dha Tin
Bhajani,7,Variation #5,"2,3",12,Ka,Tin,6,0.5,1.0,1.0,
Bhajani,7,Variation #5,"2,3",13,,,7,0.5,1.0,1.0,- Tin
Bhajani,7,Variation #5,"2,3",14,Ka,Tin,7,0.5,1.0,1.0,
Bhajani,7,Variation #5,"2,3",15,,Ti,8,0.5,1.0,0.5,TiTa
Bhajani,7,Variation #5,"2,3",16,,TTa,8,0.5,1.0,0.75,
Bhajani,8,Variation #6,"2,3",1,Ge-LT6,Tin,1,0.5,1.0,1.0,Dhin Ti
Bhajani,8,Variation #6,"2,3",2,,Ti,1,0.45,1.0,0.5,
Bhajani,8,Variation #6,"2,3",3,Ge,Ta,2,0.55,1.0,1.0,Dha Dhin
Bhajani,8,Variation #6,"2,3",4,Ge-B,Tin,2,0.5,1.0,1.0,
Bhajani,8,Variation #6,"2,3",5,Ge,,3,0.5,0.5,1.0,Ge Dhin
Bhajani,8,Variation #6,"2,3",6,Ge-F,Tin,3,0.5,0.5,1.0,
Bhajani,8,Variation #6,"2,3",7,,Na,4,0.5,1.0,1.0,Na Na
Bhajani,8,Variation #6,"2,3",8,,Na,4,0.5,1.0,0.5,
Bhajani,8,Variation #6,"2,3",9,Ki,,5,0.5,1.0,1.0,Ki Ta
Bhajani,8,Variation #6,"2,3",10,,TTa,5,0.45,1.0,0.5,
Bhajani,8,Variation #6,"2,3",11,Ge,Ta,6,0.55,1.0,1.0,Dha Tin
Bhajani,8,Variation #6,"2,3",12,Ka,Tin,6,0.5,1.0,1.0,
Bhajani,8,Variation #6,"2,3",13,Ka,,7,0.5,0.5,1.0,Ka Tin
Bhajani,8,Variation #6,"2,3",14,Ka,Tin,7,0.5,0.5,1.0,
Bhajani,8,Variation #6,"2,3",15,,Na,8,0.5,1.0,1.0,Na Na
Bhajani,8,Variation #6,"2,3",16,,Na,8,0.5,1.0,0.5,
Bhajani,9,Laggi,"2,3",1,Ge,Ta,1,0.5,1.0,1.0,Dha Tin
Bhajani,9,Laggi,"2,3",2,,Tin,1,0.5,1.0,0.5,
Bhajani,9,Laggi,"2,3",3,,Na,2,0.5,1.0,1.0,Na Ta
Bhajani,9,Laggi,"2,3",4,,KDa,2,0.5,1.5,1.0,
Bhajani,9,Laggi,"2,3",5,,Ta,3,0.5,1.0,1.0,Ta Dhin
Bhajani,9,Laggi,"2,3",6,Ge-B,Tin,3,0.5,0.5,0.5,
Bhajani,9,Laggi,"2,3",7,Ge,Ta,4,0.5,1.0,1.0,Dha Na
Bhajani,9,Laggi,"2,3",8,,Na,4,0.5,1.0,1.0,
Bhajani,9,Laggi,"2,3",9,Ge,Ta,5,0.5,1.0,1.0,Dha Tin
Bhajani,9,Laggi,"2,3",10,,Tin,5,0.5,1.0,0.5,
Bhajani,9,Laggi,"2,3",11,,Na,6,0.5,1.0,1.0,Na Ta
Bhajani,9,Laggi,"2,3",12,,KDa,6,0.5,1.5,1.0,
Bhajani,9,Laggi,"2,3",13,,Ta,7,0.5,1.0,1.0,Ta Dhin
Bhajani,9,Laggi,"2,3",14,Ge-B,Tin,7,0.5,0.5,0.5,
Bhajani,9,Laggi,"2,3",15,Ge-B,Ta,8,0.5,1.0,1.0,Dha Na
Bhajani,9,Laggi,"2,3",16,,Na,8,0.5,1.0,1.0,
Bhajani,10,Laggi 2,"2,3",1,Ge,Ta,1,0.5,1.0,1.0,Dha Dhin
Bhajani,10,Laggi 2,"2,3",2,Ge-F,Tin,1,0.5,0.25,0.5,
Bhajani,10,Laggi 2,"2,3",3,Ge,Ta,2,0.5,1.0,1.0,Dha Dha
Bhajani,10,Laggi 2,"2,3",4,Ge-F,Ta,2,0.5,0.25,0.5,
Bhajani,10,Laggi 2,"2,3",5,Ge,Ta,3,0.5,1.0,1.0,Dha Tin
Bhajani,10,Laggi 2,"2,3",6,Ka,Tin,3,0.5,0.5,0.5,
Bhajani,10,Laggi 2,"2,3",7,,Ta,4,0.5,1.0,1.0,Ta Dha
Bhajani,10,Laggi 2,"2,3",8,Ge-B,Ta,4,0.5,1.0,0.5,
Bhajani,10,Laggi 2,"2,3",9,Ge,Ta,5,0.5,1.0,1.0,Dha Dhin
Bhajani,10,Laggi 2,"2,3",10,Ge-F,Tin,5,0.5,0.25,0.5,
Bhajani,10,Laggi 2,"2,3",11,Ge,Ta,6,0.5,1.0,1.0,Dha Dha
Bhajani,10,Laggi 2,"2,3",12,Ge-F,Ta,6,0.5,0.25,0.5,
Bhajani,10,Laggi 2,"2,3",13,Ge,Ta,7,0.5,1.0,1.0,Dha Tin
Bhajani,10,Laggi 2,"2,3",14,Ka,Tin,7,0.5,0.5,0.5,
Bhajani,10,Laggi 2,"2,3",15,,Ta,8,0.5,1.0,1.0,Ta Dha
Bhajani,10,Laggi 2,"2,3",16,Ge-B,Na,8,0.5,1.0,0.5,
Bhajani,11,Laggi 3,2,1,Ge,Ta,1,0.5,1.0,1.0,Dha Dhin
Bhajani,11,Laggi 3,2,2,Ge-B,Tin,1,0.5,0.5,0.5,
Bhajani,11,Laggi 3,2,3,,Na,2,0.5,1.0,1.0,Na KiTa
Bhajani,11,Laggi 3,2,4,Ki,,2,0.25,1.0,1.0,
Bhajani,11,Laggi 3,2,5,,TTa,2,0.25,1.0,1.0,
Bhajani,11,Laggi 3,2,6,,TaKa,3,0.5,1.0,1.0,TaKa Dhin
Bhajani,11,Laggi 3,2,7,Ge-B,Tin,3,0.5,1.0,1.0,
Bhajani,11,Laggi 3,2,8,,Na,4,0.25,1.0,0.5,NaNa KiTa
Bhajani,11,Laggi 3,2,9,,Na,4,0.25,1.0,0.5,
Bhajani,11,Laggi 3,2,10,Ki,,4,0.25,1.0,1.0,
Bhajani,11,Laggi 3,2,11,,TTa,4,0.25,1.0,1.0,
Bhajani,11,Laggi 3,2,12,Ge,Ta,5,0.5,1.0,1.0,Dha Dhin
Bhajani,11,Laggi 3,2,13,Ge-B,Tin,5,0.5,0.5,0.5,
Bhajani,11,Laggi 3,2,14,,Na,6,0.5,1.0,1.0,Na KiTa
Bhajani,11,Laggi 3,2,15,Ki,,6,0.25,1.0,1.0,
Bhajani,11,Laggi 3,2,16,,TTa,6,0.25,1.0,1.0,
Bhajani,11,Laggi 3,2,17,,TaKa,7,0.5,1.0,1.0,TaKa Dhin
Bhajani,11,Laggi 3,2,18,Ge-B,Tin,7,0.5,1.0,1.0,
Bhajani,11,Laggi 3,2,19,,Na,8,0.25,1.0,0.5,NaNa KiTa
Bhajani,11,Laggi 3,2,20,,Na,8,0.25,1.0,0.5,
Bhajani,11,Laggi 3,2,21,Ki,,8,0.25,1.0,1.0,
Bhajani,11,Laggi 3,2,22,,TTa,8,0.25,1.0,1.0,
Bhajani,11,Laggi 3,3,1,Ge,Ta,1,0.5,1.0,1.0,Dha Dhin
Bhajani,11,Laggi 3,3,2,Ge-B,Tin,1,0.5,0.5,0.5,
Bhajani,11,Laggi 3,3,3,,Na,2,0.5,1.0,1.0,Na KiTa
Bhajani,11,Laggi 3,3,4,Ki,,2,0.25,0.5,1.0,
Bhajani,11,Laggi 3,3,5,,TTaL,2,0.25,1.0,1.0,
Bhajani,11,Laggi 3,3,6,,TaKa,3,0.5,1.0,0.5,TaKa Dhin
Bhajani,11,Laggi 3,3,7,Ge-B,Tin,3,0.5,1.0,1.0,
Bhajani,11,Laggi 3,3,8,,Na,4,0.25,1.0,0.5,NaNa KiTa
Bhajani,11,Laggi 3,3,9,,Na,4,0.25,1.0,0.5,
Bhajani,11,Laggi 3,3,10,Ki,,4,0.25,0.5,1.0,
Bhajani,11,Laggi 3,3,11,,TTaL,4,0.25,1.0,1.0,
Bhajani,11,Laggi 3,3,12,Ge,Ta,5,0.5,1.0,1.0,Dha Dhin
Bhajani,11,Laggi 3,3,13,Ge-B,Tin,5,0.5,0.5,0.5,
Bhajani,11,Laggi 3,3,14,,Na,6,0.5,1.0,1.0,Na KiTa
Bhajani,11,Laggi 3,3,15,Ki,,6,0.25,0.5,1.0,
Bhajani,11,Laggi 3,3,16,,TTaL,6,0.25,1.0,1.0,
Bhajani,11,Laggi 3,3,17,,TaKa,7,0.5,1.0,0.5,TaKa Dhin
Bhajani,11,Laggi 3,3,18,Ge-B,Tin,7,0.5,1.0,1.0,
Bhajani,11,Laggi 3,3,19,,Na,8,0.25,1.0,0.5,NaNa KiTa
Bhajani,11,Laggi 3,3,20,,Na,8,0.25,1.0,0.5,
Bhajani,11,Laggi 3,3,21,Ki,,8,0.25,0.5,1.0,
Bhajani,11,Laggi 3,3,22,,TTaL,8,0.25,1.0,1.0,
Bhajani,12,Laggi 4,"2,3",1,Ge,,1,0.5,1.0,1.0,Ge Dhin
Bhajani,12,Laggi 4,"2,3",2,Ge-F,Tin,1,0.5,0.5,0.5,
Bhajani,12,Laggi 4,"2,3",3,,Na,2,0.5,1.0,1.0,Na Dha
Bhajani,12,Laggi 4,"2,3",4,Ge-F,Ta,2,0.5,0.25,0.5,
Bhajani,12,Laggi 4,"2,3",5,Ge,,3,0.5,1.0,1.0,Ge Tin
Bhajani,12,Laggi 4,"2,3",6,Ka,Tin,3,0.5,1.0,0.5,
Bhajani,12,Laggi 4,"2,3",7,,Na,4,0.5,1.0,1.0,Na Dha
Bhajani,12,Laggi 4,"2,3",8,Ge-B,Ta,4,0.5,0.5,0.5,
Bhajani,12,Laggi 4,"2,3",9,Ge,,5,0.5,1.0,1.0,Ge Dhin
Bhajani,12,Laggi 4,"2,3",10,Ge-F,Tin,5,0.5,0.5,0.5,
Bhajani,12,Laggi 4,"2,3",11,,Na,6,0.5,1.0,1.0,Na Dha
Bhajani,12,Laggi 4,"2,3",12,Ge-F,Ta,6,0.5,0.25,0.5,
Bhajani,12,Laggi 4,"2,3",13,Ge,,7,0.5,1.0,1.0,Ge Tin
Bhajani,12,Laggi 4,"2,3",14,Ka,Tin,7,0.5,1.0,0.5,
Bhajani,12,Laggi 4,"2,3",15,,Na,8,0.5,1.0,1.0,Na Dha
Bhajani,12,Laggi 4,"2,3",16,Ge-B,Ta,8,0.5,0.5,0.5,
Jat Taal,1,Basic,0,1,Ge,Ta,1,0.75,1.0,1.0,Dha
Jat Taal,1,Basic,0,2,,TiTaL,1,0.25,1.0,1.0,
Jat Taal,1,Basic,0,3,Ge-B,TinFull,2,0.75,1.0,1.0,Dhin
Jat Taal,1,Basic,0,4,,TiTaL,2,0.25,1.0,1.0,
Jat Taal,1,Basic,0,5,Ge,Ta,3,0.375,1.0,1.0,Dha DhaDha
Jat Taal,1,Basic,0,6,,KDa,3,0.125,0.5,0.5,
Jat Taal,1,Basic,0,7,Ge-B,Ta,3,0.25,1.0,1.0,
Jat Taal,1,Basic,0,8,Ge,Ta,3,0.25,1.0,1.0,
Jat Taal,1,Basic,0,9,Ka,TinFull,4,0.75,1.0,1.0,Tin
Jat Taal,1,Basic,0,10,,TiL,4,0.25,1.0,1.0,
Jat Taal,1,Basic,0,11,,Ta,5,0.75,1.0,1.0,Ta
Jat Taal,1,Basic,0,12,,TiTaL,5,0.25,1.0,1.0,
Jat Taal,1,Basic,0,13,Ka,TinFull,6,0.75,1.0,1.0,Tin
Jat Taal,1,Basic,0,14,,TiTaL,6,0.25,1.0,1.0,
Jat Taal,1,Basic,0,15,Ge,Ta,7,0.375,1.0,1.0,Dha DhaDha
Jat Taal,1,Basic,0,16,,KDa,7,0.125,0.5,0.5,
Jat Taal,1,Basic,0,17,Ge-B,Ta,7,0.25,1.0,1.0,
Jat Taal,1,Basic,0,18,Ge,Ta,7,0.25,1.0,1.0,
Jat Taal,1,Basic,0,19,Ge-B,TinFull,8,0.375,1.0,1.0,Dhin
Jat Taal,1,Basic,0,20,,KDa,8,0.125,0.5,0.5,
Jat Taal,1,Basic,0,21,Ge,Tin,8,0.25,0.5,0.5,
Jat Taal,1,Basic,0,22,,TiL,8,0.25,1.0,1.0,
Jat Taal,1,Basic,1,1,Ge,Ta,1,0.75,1.0,1.0,Dha
Jat Taal,1,Basic,1,2,,TiL,1,0.25,1.0,1.0,
Jat Taal,1,Basic,1,3,Ge-B,TinFull,2,0.75,1.0,1.0,Dhin
Jat Taal,1,Basic,1,4,,TiL,2,0.25,1.0,1.0,
Jat Taal,1,Basic,1,5,Ge-B,Ta,3,0.5,1.0,1.0,Dha Dha
Jat Taal,1,Basic,1,6,Ge,Ta,3,0.5,1.0,1.0,
Jat Taal,1,Basic,1,7,Ka,TinFull,4,0.75,1.0,1.0,Tin
Jat Taal,1,Basic,1,8,,TiL,4,0.25,1.0,1.0,
Jat Taal,1,Basic,1,9,,Ta,5,0.75,1.0,1.0,Ta
Jat Taal,1,Basic,1,10,,TiL,5,0.25,1.0,1.0,
Jat Taal,1,Basic,1,11,Ka,TinFull,6,0.75,1.0,1.0,Tin
Jat Taal,1,Basic,1,12,,TiL,6,0.25,1.0,1.0,
Jat Taal,1,Basic,1,13,Ge-B,Ta,7,0.5,1.0,1.0,Dha Dha
Jat Taal,1,Basic,1,14,Ge,Ta,7,0.5,1.0,1.0,
Jat Taal,1,Basic,1,15,Ge-B,TinFull,8,0.5,1.0,1.0,Dhin
Jat Taal,1,Basic,1,16,,TiTaL,8,0.5,1.0,1.0,
Jat Taal,1,Basic,2,1,Ge,Ta,1,1.0,1.0,1.0,Dha
Jat Taal,1,Basic,2,2,Ge-B,TinFull,2,1.0,1.0,1.0,Dhin
Jat Taal,1,Basic,2,3,Ge-B,Ta,3,0.5,1.0,1.0,Dha Dha
Jat Taal,1,Basic,2,4,Ge,Ta,3,0.5,1.0,0.5,
Jat Taal,1,Basic,2,5,Ka,TinFull,4,0.5,1.0,1.0,Tin
Jat Taal,1,Basic,2,6,,TiL,4,0.5,1.0,0.5,
Jat Taal,1,Basic,2,7,,Ta,5,1.0,1.0,1.0,Ta
Jat Taal,1,Basic,2,8,Ka,TinFull,6,1.0,1.0,1.0,Tin
Jat Taal,1,Basic,2,9,Ge-B,Ta,7,0.5,1.0,1.0,Dha Dha
Jat Taal,1,Basic,2,10,Ge,Ta,7,0.5,1.0,0.5,
Jat Taal,1,Basic,2,11,Ge-B,TinFull,8,0.5,1.0,1.0,Dhin
Jat Taal,1,Basic,2,12,,TiL,8,0.5,1.0,0.5,
Jat Taal,1,Basic,3,1,Ge,Ta,1,1.0,1.0,1.0,Dha
Jat Taal,1,Basic,3,2,Ge-B,Tin,2,1.0,1.0,1.0,Dhin
Jat Taal,1,Basic,3,3,Ge-B,Ta,3,0.5,1.0,1.0,Dha Dha
Jat Taal,1,Basic,3,4,Ge,Ta,3,0.5,1.0,0.5,
Jat Taal,1,Basic,3,5,Ka,Tin,4,1.0,1.0,1.0,Tin
Jat Taal,1,Basic,3,6,,Ta,5,1.0,1.0,1.0,Ta
Jat Taal,1,Basic,3,7,Ka,Tin,6,1.0,1.0,1.0,Tin
Jat Taal,1,Basic,3,8,Ge-B,Ta,7,0.5,1.0,1.0,Dha Dha
Jat Taal,1,Basic,3,9,Ge,Ta,7,0.5,1.0,0.5,
Jat Taal,1,Basic,3,10,Ge-B,Tin,8,0.5,1.0,1.0,Dhin
Jat Taal,1,Basic,3,11,,TiL,8,0.5,1.0,0.5,
Jat Taal,2,Pro Default,0,1,Ge,Ta,1,0.75,1.0,1.0,Dha
Jat Taal,2,Pro Default,0,2,,TiTaL,1,0.25,1.0,1.0,
Jat Taal,2,Pro Default,0,3,Ge-S,TinFull,2,0.75,1.0,1.0,Dhin
Jat Taal,2,Pro Default,0,4,,TiTaL,2,0.25,1.0,1.0,
Jat Taal,2,Pro Default,0,5,Ge,Ta,3,0.375,1.0,1.0,Dha DhaDha
Jat Taal,2,Pro Default,0,6,,KDa,3,0.125,0.5,0.5,
Jat Taal,2,Pro Default,0,7,Ge-F,Ta,3,0.25,1.0,1.0,
Jat Taal,2,Pro Default,0,8,Ge,Ta,3,0.25,1.0,1.0,
Jat Taal,2,Pro Default,0,9,Ka,TinFull,4,0.75,1.0,1.0,Tin
Jat Taal,2,Pro Default,0,10,,TiTaL,4,0.25,1.0,1.0,
Jat Taal,2,Pro Default,0,11,,Ta,5,0.75,1.0,1.0,Ta
Jat Taal,2,Pro Default,0,12,,TiTaL,5,0.25,1.0,1.0,
Jat Taal,2,Pro Default,0,13,Ka,TinFull,6,0.75,1.0,1.0,Tin
Jat Taal,2,Pro Default,0,14,,TiTaL,6,0.25,1.0,1.0,
Jat Taal,2,Pro Default,0,15,Ge,Ta,7,0.375,1.0,1.0,Dha DhaDha
Jat Taal,2,Pro Default,0,16,,KDa,7,0.125,0.5,0.5,
Jat Taal,2,Pro Default,0,17,Ge-F,Ta,7,0.25,1.0,1.0,
Jat Taal,2,Pro Default,0,18,Ge,Ta,7,0.25,1.0,1.0,
Jat Taal,2,Pro Default,0,19,Ge-S,TinFull,8,0.5,1.0,1.0,Dhin-DhaTiTa
Jat Taal,2,Pro Default,0,20,Ge,Ta,8,0.25,1.0,1.0,
Jat Taal,2,Pro Default,0,21,,Ti,8,0.125,1.0,0.5,
Jat Taal,2,Pro Default,0,22,,TTa,8,0.125,1.0,0.5,
Jat Taal,2,Pro Default,1,1,Ge,Ta,1,0.75,1.0,1.0,Dha
Jat Taal,2,Pro Default,1,2,,TiL,1,0.25,1.0,1.0,
Jat Taal,2,Pro Default,1,3,Ge-S,TinFull,2,0.75,1.0,1.0,Dhin
Jat Taal,2,Pro Default,1,4,,TiL,2,0.25,1.0,1.0,
Jat Taal,2,Pro Default,1,5,Ge,Ta,3,0.375,1.0,1.0,Dha DhaDha
Jat Taal,2,Pro Default,1,6,,KDa,3,0.125,0.5,0.25,
Jat Taal,2,Pro Default,1,7,Ge-F,Ta,3,0.25,1.0,1.0,
Jat Taal,2,Pro Default,1,8,Ge,Ta,3,0.25,0.5,0.25,
Jat Taal,2,Pro Default,1,9,Ka,TinFull,4,0.75,1.0,1.0,Tin
Jat Taal,2,Pro Default,1,10,,TiL,4,0.25,1.0,1.0,
Jat Taal,2,Pro Default,1,11,,Ta,5,0.75,1.0,1.0,Ta
Jat Taal,2,Pro Default,1,12,,TiL,5,0.25,1.0,1.0,
Jat Taal,2,Pro Default,1,13,Ka,TinFull,6,0.75,1.0,1.0,Tin
Jat Taal,2,Pro Default,1,14,,TiL,6,0.25,1.0,1.0,
Jat Taal,2,Pro Default,1,15,Ge,Ta,7,0.375,1.0,1.0,Dha DhaDha
Jat Taal,2,Pro Default,1,16,,KDa,7,0.125,0.5,0.25,
Jat Taal,2,Pro Default,1,17,Ge-F,Ta,7,0.25,1.0,1.0,
Jat Taal,2,Pro Default,1,18,Ge,Ta,7,0.25,0.5,0.25,
Jat Taal,2,Pro Default,1,19,Ge-B,TinFull,8,0.375,1.0,1.0,Dhin
Jat Taal,2,Pro Default,1,20,,KDa,8,0.125,1.0,1.0,
Jat Taal,2,Pro Default,1,21,Ge,Tin,8,0.25,0.5,0.5,
Jat Taal,2,Pro Default,1,22,,TiL,8,0.25,1.0,1.0,
Jat Taal,2,Pro Default,2,1,Ge,Ta,1,0.5,1.0,1.0,Dha
Jat Taal,2,Pro Default,2,2,,TiL,1,0.5,1.0,0.5,
Jat Taal,2,Pro Default,2,3,Ge-LT6,TinFull,2,0.5,1.0,1.0,Dhin
Jat Taal,2,Pro Default,2,4,,TiL,2,0.5,1.0,0.5,
Jat Taal,2,Pro Default,2,5,Ge-B,Ta,3,0.5,1.0,1.0,Dha Dha
Jat Taal,2,Pro Default,2,6,Ge,Ta,3,0.5,1.0,0.5,
Jat Taal,2,Pro Default,2,7,Ka,Tu,4,0.5,1.0,1.0,Tin
Jat Taal,2,Pro Default,2,8,,,4,0.5,1.0,1.0,
Jat Taal,2,Pro Default,2,9,,Ta,5,0.5,1.0,1.0,Ta
Jat Taal,2,Pro Default,2,10,,TiL,5,0.5,1.0,0.5,
Jat Taal,2,Pro Default,2,11,Ka,TinFull,6,0.5,1.0,1.0,Tin
Jat Taal,2,Pro Default,2,12,,TiL,6,0.5,1.0,0.5,
Jat Taal,2,Pro Default,2,13,Ge-B,Ta,7,0.5,1.0,1.0,Dha Dha
Jat Taal,2,Pro Default,2,14,Ge,Ta,7,0.5,1.0,0.5,
Jat Taal,2,Pro Default,2,15,Ge-LT6,TinFull,8,0.5,1.0,1.0,Dhin
Jat Taal,2,Pro Default,2,16,,TiL,8,0.5,1.0,1.0,
Jat Taal,2,Pro Default,3,1,Ge,Ta,1,1.0,1.0,1.0,Dha
Jat Taal,2,Pro Default,3,2,Ge-B,Tin,2,1.0,1.0,1.0,Dhin
Jat Taal,2,Pro Default,3,3,Ge-B,Ta,3,0.5,1.0,1.0,Dha Dha
Jat Taal,2,Pro Default,3,4,Ge,Ta,3,0.5,1.0,0.5,
Jat Taal,2,Pro Default,3,5,Ka,TinFull,4,1.0,1.0,1.0,Tin
Jat Taal,2,Pro Default,3,6,,Ta,5,1.0,1.0,1.0,Ta
Jat Taal,2,Pro Default,3,7,Ka,Tin,6,1.0,1.0,1.0,Tin
Jat Taal,2,Pro Default,3,8,Ge-B,Ta,7,0.5,1.0,1.0,Dha Dha
Jat Taal,2,Pro Default,3,9,Ge,Ta,7,0.5,1.0,0.5,
Jat Taal,2,Pro Default,3,10,Ge-B,Tin,8,0.5,1.0,1.0,Dhin
Jat Taal,2,Pro Default,3,11,,TiL,8,0.5,1.0,1.0,
Keherva,1,Basic,"1,2,3",1,Ge,Ta,1,0.5,1.0,1.0,Dha Ge
Keherva,1,Basic,"1,2,3",2,Ge-B,,1,0.5,0.5,1.0,
Keherva,1,Basic,"1,2,3",3,,Na,2,0.5,1.0,0.5,Na Ti
Keherva,1,Basic,"1,2,3",4,Ka,Tin,2,0.5,1.0,0.75,
Keherva,1,Basic,"1,2,3",5,,Na,3,0.5,1.0,0.5,Na Ka
Keherva,1,Basic,"1,2,3",6,Ge-B,,3,0.5,0.5,1.0,
Keherva,1,Basic,"1,2,3",7,Ge,TinFull,4,0.5,1.0,1.0,Dhi Na
Keherva,1,Basic,"1,2,3",8,,Na,4,0.5,1.0,0.5,
Keherva,1,Basic,"1,2,3",9,Ge,Ta,5,0.5,1.0,1.0,Dha Ge
Keherva,1,Basic,"1,2,3",10,Ge-B,,5,0.5,0.5,1.0,
Keherva,1,Basic,"1,2,3",11,,Na,6,0.5,1.0,0.5,Na Ti
Keherva,1,Basic,"1,2,3",12,Ka,Tin,6,0.5,1.0,0.75,
Keherva,1,Basic,"1,2,3",13,,Na,7,0.5,1.0,0.5,Na Ka
Keherva,1,Basic,"1,2,3",14,Ge-B,,7,0.5,0.5,1.0,
Keherva,1,Basic,"1,2,3",15,Ge,TinFull,8,0.5,1.0,1.0,Dhi Na
Keherva,1,Basic,"1,2,3",16,,Na,8,0.5,1.0,0.5,
Keherva,2,Pro Default,1,1,Ge-B,Ta,1,0.5,1.0,1.0,Dha Ge
Keherva,2,Pro Default,1,2,Ge-S,,1,0.5,0.5,1.0,
Keherva,2,Pro Default,1,3,,Na,2,0.5,1.0,0.75,Na Ti
Keherva,2,Pro Default,1,4,Ka,Tin,2,0.5,1.0,1.0,
Keherva,2,Pro Default,1,5,,Na,3,0.5,1.0,1.0,Na Ka
Keherva,2,Pro Default,1,6,Ge-B,,3,0.5,0.5,1.0,
Keherva,2,Pro Default,1,7,Ge-S,TinFull,4,0.5,0.5,1.0,Dhi Na
Keherva,2,Pro Default,1,8,,Na,4,0.25,1.0,0.5,
Keherva,2,Pro Default,1,9,,TiL,4,0.25,1.0,0.5,
Keherva,2,Pro Default,1,10,Ge-B,Ta,5,0.5,1.0,1.0,Dha Ge
Keherva,2,Pro Default,1,11,Ge-S,,5,0.5,0.5,1.0,
Keherva,2,Pro Default,1,12,,Na,6,0.5,1.0,0.75,Na Ti
Keherva,2,Pro Default,1,13,Ka,Tin,6,0.5,1.0,1.0,
Keherva,2,Pro Default,1,14,,Na,7,0.5,1.0,1.0,Na Ka
Keherva,2,Pro Default,1,15,Ge-B,,7,0.5,0.5,1.0,
Keherva,2,Pro Default,1,16,Ge-S,TinFull,8,0.5,0.5,1.0,Dhi Na
Keherva,2,Pro Default,1,17,,Na,8,0.25,1.0,0.5,
Keherva,2,Pro Default,1,18,,TiL,8,0.25,1.0,0.5,
Keherva,2,Pro Default,2,1,Ge-B,Ta,1,0.5,1.0,1.0,Dha Ge
Keherva,2,Pro Default,2,2,Ge-F,,1,0.5,0.5,1.0,
Keherva,2,Pro Default,2,3,,Na,2,0.5,1.0,0.5,Na Ti
Keherva,2,Pro Default,2,4,Ka,Tin,2,0.5,1.0,0.75,
Keherva,2,Pro Default,2,5,,Na,3,0.5,1.0,0.5,Na Ka
Keherva,2,Pro Default,2,6,Ge-B,,3,0.5,0.5,1.0,
Keherva,2,Pro Default,2,7,Ge-LT6,TinFull,4,0.5,1.0,1.0,Dhi Na
Keherva,2,Pro Default,2,8,,Na,4,0.5,1.0,0.5,
Keherva,2,Pro Default,2,9,Ge-B,Ta,5,0.5,1.0,1.0,Dha Ge
Keherva,2,Pro Default,2,10,Ge-F,,5,0.5,0.5,1.0,
Keherva,2,Pro Default,2,11,,Na,6,0.5,1.0,0.5,Na Ti
Keherva,2,Pro Default,2,12,Ka,Tin,6,0.5,1.0,0.75,
Keherva,2,Pro Default,2,13,,Na,7,0.5,1.0,0.5,Na Ka
Keherva,2,Pro Default,2,14,Ge-B,,7,0.5,0.5,1.0,
Keherva,2,Pro Default,2,15,Ge-LT6,TinFull,8,0.5,1.0,1.0,Dhi Na
Keherva,2,Pro Default,2,16,,Na,8,0.5,1.0,0.5,
Keherva,2,Pro Default,3,1,Ge,Ta,1,0.5,1.0,1.0,Dha Ge
Keherva,2,Pro Default,3,2,Ge-B,,1,0.5,0.5,1.0,
Keherva,2,Pro Default,3,3,,Na,2,0.5,1.0,0.5,Na Ti
Keherva,2,Pro Default,3,4,Ka,Tin,2,0.5,1.0,0.75,
Keherva,2,Pro Default,3,5,,Na,3,0.5,1.0,0.5,Na Ka
Keherva,2,Pro Default,3,6,Ge-B,,3,0.5,0.5,1.0,
Keherva,2,Pro Default,3,7,Ge-LT6,TinFull,4,0.5,1.0,1.0,Dhi Na
Keherva,2,Pro Default,3,8,,Na,4,0.5,1.0,0.5,
Keherva,2,Pro Default,3,9,Ge,Ta,5,0.5,1.0,1.0,Dha Ge
Keherva,2,Pro Default,3,10,Ge-B,,5,0.5,0.5,1.0,
Keherva,2,Pro Default,3,11,,Na,6,0.5,1.0,0.5,Na Ti
Keherva,2,Pro Default,3,12,Ka,Tin,6,0.5,1.0,0.75,
Keherva,2,Pro Default,3,13,,Na,7,0.5,1.0,0.5,Na Ka
Keherva,2,Pro Default,3,14,Ge-B,,7,0.5,0.5,1.0,
Keherva,2,Pro Default,3,15,Ge-LT6,TinFull,8,0.5,1.0,1.0,Dhi Na
Keherva,2,Pro Default,3,16,,Na,8,0.5,1.0,0.5,
Keherva,3,Variation #1,"1,2,3",1,Ge,Ta,1,0.5,1.0,1.0,Dha Ge
Keherva,3,Variation #1,"1,2,3",2,Ge-B,,1,0.5,1.0,1.0,
Keherva,3,Variation #1,"1,2,3",3,Ka,Tin,2,0.5,1.0,1.0,Tin Na
Keherva,3,Variation #1,"1,2,3",4,,Na,2,0.5,1.0,0.5,
Keherva,3,Variation #1,"1,2,3",5,,Na,3,0.5,1.0,1.0,Na Ge
Keherva,3,Variation #1,"1,2,3",6,Ge-B,,3,0.5,0.5,1.0,
Keherva,3,Variation #1,"1,2,3",7,Ge-F,TinFull,4,0.5,1.0,1.0,Dhin Na
Keherva,3,Variation #1,"1,2,3",8,,Na,4,0.5,1.0,0.5,
Keherva,3,Variation #1,"1,2,3",9,Ge,Ta,5,0.5,1.0,1.0,Dha Ge
Keherva,3,Variation #1,"1,2,3",10,Ge-B,,5,0.5,1.0,1.0,
Keherva,3,Variation #1,"1,2,3",11,Ka,Tin,6,0.5,1.0,1.0,Tin Na
Keherva,3,Variation #1,"1,2,3",12,,Na,6,0.5,1.0,0.5,
Keherva,3,Variation #1,"1,2,3",13,,Na,7,0.5,1.0,1.0,Na Ge
Keherva,3,Variation #1,"1,2,3",14,Ge-B,,7,0.5,0.5,1.0,
Keherva,3,Variation #1,"1,2,3",15,Ge-F,TinFull,8,0.5,1.0,1.0,Dhin Na
Keherva,3,Variation #1,"1,2,3",16,,Na,8,0.5,1.0,0.5,
Keherva,4,Variation #2,"1,2,3",1,Ge,Ta,1,0.5,1.0,1.0,Dha Ge
Keherva,4,Variation #2,"1,2,3",2,Ge-B,,1,0.5,1.0,1.0,
Keherva,4,Variation #2,"1,2,3",3,Ge,Ta,2,0.5,1.0,0.5,Dha Tin
Keherva,4,Variation #2,"1,2,3",4,Ka,Tin,2,0.5,1.0,0.5,
Keherva,4,Variation #2,"1,2,3",5,,Na,3,0.5,1.0,1.0,Na Ge
Keherva,4,Variation #2,"1,2,3",6,Ge-B,,3,0.5,0.5,1.0,
Keherva,4,Variation #2,"1,2,3",7,Ge-F,TinFull,4,0.5,1.0,1.0,Dhin Na
Keherva,4,Variation #2,"1,2,3",8,,Na,4,0.5,1.0,0.5,
Keherva,4,Variation #2,"1,2,3",9,Ge,Ta,5,0.5,1.0,1.0,Dha Ge
Keherva,4,Variation #2,"1,2,3",10,Ge-B,,5,0.5,1.0,1.0,
Keherva,4,Variation #2,"1,2,3",11,Ge,Ta,6,0.5,1.0,0.5,Dha Tin
Keherva,4,Variation #2,"1,2,3",12,Ka,Tin,6,0.5,1.0,0.5,
Keherva,4,Variation #2,"1,2,3",13,,Na,7,0.5,1.0,1.0,Na Ge
Keherva,4,Variation #2,"1,2,3",14,Ge-B,,7,0.5,0.5,1.0,
Keherva,4,Variation #2,"1,2,3",15,Ge-F,TinFull,8,0.5,1.0,1.0,Dhin Na
Keherva,4,Variation #2,"1,2,3",16,,Na,8,0.5,1.0,0.5,
Keherva,5,Variation #3,"1,2,3",1,Ge,Ta,1,0.5,1.0,1.0,Dha
Keherva,5,Variation #3,"1,2,3",2,,,1,0.5,1.0,1.0,
Keherva,5,Variation #3,"1,2,3",3,Ka,Tin,2,0.5,1.0,1.0,Tin
Keherva,5,Variation #3,"1,2,3",4,,TiL,2,0.5,1.0,0.5,
Keherva,5,Variation #3,"1,2,3",5,,Na,3,0.5,1.0,1.0,Na Ge
Keherva,5,Variation #3,"1,2,3",6,Ge-B,,3,0.5,0.5,1.0,
Keherva,5,Variation #3,"1,2,3",7,Ge-LT6,TinFull,4,0.5,1.0,1.0,Dhin
Keherva,5,Variation #3,"1,2,3",8,,TiL,4,0.5,1.0,0.5,
Keherva,5,Variation #3,"1,2,3",9,Ge,Ta,5,0.5,1.0,1.0,Dha
Keherva,5,Variation #3,"1,2,3",10,,,5,0.5,1.0,1.0,
Keherva,5,Variation #3,"1,2,3",11,Ka,Tin,6,0.5,1.0,1.0,Tin
Keherva,5,Variation #3,"1,2,3",12,,TiL,6,0.5,1.0,0.5,
Keherva,5,Variation #3,"1,2,3",13,,Na,7,0.5,1.0,1.0,Na Ge
Keherva,5,Variation #3,"1,2,3",14,Ge-B,,7,0.5,0.5,1.0,
Keherva,5,Variation #3,"1,2,3",15,Ge-LT6,TinFull,8,0.5,1.0,1.0,Dhin
Keherva,5,Variation #3,"1,2,3",16,,TiL,8,0.5,1.0,0.5,
Keherva,6,Variation #4,"1,2,3",1,Ge-B,TinFull,1,0.5,1.0,1.0,Dhin Ta
Keherva,6,Variation #4,"1,2,3",2,,Ta,1,0.5,1.0,1.0,
Keherva,6,Variation #4,"1,2,3",3,,Ti,2,0.5,1.0,0.5,Ti Ta
Keherva,6,Variation #4,"1,2,3",4,,Ta,2,0.5,1.0,1.0,
Keherva,6,Variation #4,"1,2,3",5,,Ti,3,0.5,1.0,1.0,Ti Ta
Keherva,6,Variation #4,"1,2,3",6,,Ta,3,0.5,1.0,1.0,
Keherva,6,Variation #4,"1,2,3",7,Ge-LT6,TinFull,4,0.5,1.0,1.0,Dhin Ta
Keherva,6,Variation #4,"1,2,3",8,,Ta,4,0.5,1.0,0.5,
Keherva,6,Variation #4,"1,2,3",9,Ge-B,TinFull,5,0.5,1.0,1.0,Dhin Ta
Keherva,6,Variation #4,"1,2,3",10,,Ta,5,0.5,1.0,1.0,
Keherva,6,Variation #4,"1,2,3",11,,Ti,6,0.5,1.0,0.5,Ti Ta
Keherva,6,Variation #4,"1,2,3",12,,Ta,6,0.5,1.0,1.0,
Keherva,6,Variation #4,"1,2,3",13,,Ti,7,0.5,1.0,1.0,Ti Ta
Keherva,6,Variation #4,"1,2,3",14,,Ta,7,0.5,1.0,1.0,
Keherva,6,Variation #4,"1,2,3",15,Ge-LT6,TinFull,8,0.5,1.0,1.0,Dhin Ta
Keherva,6,Variation #4,"1,2,3",16,,Ta,8,0.5,1.0,0.5,
Keherva,7,Dhumali,1,1,Ge,Ta,1,0.75,1.0,1.0,Dha
Keherva,7,Dhumali,1,2,,TiL,1,0.25,1.0,0.5,
Keherva,7,Dhumali,1,3,Ge-LT6,TinFull,2,1.0,1.0,1.0,Dhin
Keherva,7,Dhumali,1,4,Ge,Na,3,0.5,1.0,1.0,DhaDha
Keherva,7,Dhumali,1,5,Ge-B,Na,3,0.5,0.75,0.75,
Keherva,7,Dhumali,1,6,Ka,TinMed,4,1.0,1.0,1.0,Tin
Keherva,7,Dhumali,1,7,,Ta,5,0.5,1.0,1.0,TraKa
Keherva,7,Dhumali,1,8,Ka,,5,0.5,1.0,1.0,
Keherva,7,Dhumali,1,9,Ge-LT6,TinFull,6,1.0,1.0,1.0,Dhin
Keherva,7,Dhumali,1,10,Ge,Ta,7,0.5,1.0,1.0,Dha Ge
Keherva,7,Dhumali,1,11,Ge-B,,7,0.5,1.0,1.0,
Keherva,7,Dhumali,1,12,,Ti,8,0.25,1.0,1.0,TiRaKiTa
Keherva,7,Dhumali,1,13,,Ra,8,0.25,1.0,1.0,
Keherva,7,Dhumali,1,14,Ki,,8,0.25,1.0,1.0,
Keherva,7,Dhumali,1,15,,TTa,8,0.25,1.0,1.0,
Keherva,7,Dhumali,2,1,Ge,Ta,1,1.0,1.0,1.0,Dha
Keherva,7,Dhumali,2,2,Ge-LT6,TinMed,2,1.0,1.0,1.0,Dhin
Keherva,7,Dhumali,2,3,Ge,Na,3,1.0,1.0,1.0,Dha
Keherva,7,Dhumali,2,4,Ka,Tin,4,1.0,1.0,1.0,Tin
Keherva,7,Dhumali,2,5,,Ta,5,0.5,1.0,1.0,TraKa
Keherva,7,Dhumali,2,6,Ka,,5,0.5,1.0,1.0,
Keherva,7,Dhumali,2,7,Ge-LT6,TinMed,6,1.0,1.0,1.0,Dhin
Keherva,7,Dhumali,2,8,Ge,Ta,7,0.5,1.0,1.0,Dha Ge
Keherva,7,Dhumali,2,9,Ge-B,,7,0.5,1.0,1.0,
Keherva,7,Dhumali,2,10,,Ti,8,0.5,1.0,1.0,TiTa
Keherva,7,Dhumali,2,11,,TTa,8,0.5,1.0,1.0,
Keherva,7,Dhumali,3,1,Ge,Ta,1,1.0,1.0,1.0,Dha
Keherva,7,Dhumali,3,2,Ge-B,TinMed,2,1.0,1.0,1.0,Dhin
Keherva,7,Dhumali,3,3,Ge,Ta,3,1.0,1.0,1.0,Dha
Keherva,7,Dhumali,3,4,Ka,Tin,4,1.0,1.0,1.0,Tin
Keherva,7,Dhumali,3,5,,Ta,5,0.5,1.0,1.0,TraKa
Keherva,7,Dhumali,3,6,Ka,,5,0.5,1.0,1.0,
Keherva,7,Dhumali,3,7,Ge-B,TinMed,6,1.0,1.0,1.0,Dhin
Keherva,7,Dhumali,3,8,Ge,Ta,7,0.5,1.0,1.0,Dha Ge
Keherva,7,Dhumali,3,9,Ge-B,,7,0.5,1.0,1.0,
Keherva,7,Dhumali,3,10,,Ti,8,0.5,1.0,1.0,TiTa
Keherva,7,Dhumali,3,11,,TTa,8,0.5,1.0,1.0,
Keherva,8,Ghazal,1,1,Ge,Ta,1,1.0,1.0,1.0,Dha
Keherva,8,Ghazal,1,2,,Ti,2,0.5,1.0,1.0,TiTa
Keherva,8,Ghazal,1,3,,TTa,2,0.5,1.0,1.0,
Keherva,8,Ghazal,1,4,Ka,TinFull,3,0.75,1.0,0.75,Tin
Keherva,8,Ghazal,1,5,,KDa,3,0.25,1.0,0.5,
Keherva,8,Ghazal,1,6,Ka,TinFull,4,0.5,1.0,0.75,Tin
Keherva,8,Ghazal,1,7,,Tin,4,0.5,1.0,1.0,
Keherva,8,Ghazal,1,8,,Ta,5,1.0,1.0,1.0,Ta
Keherva,8,Ghazal,1,9,,Ti,6,0.5,1.0,1.0,TiTa
Keherva,8,Ghazal,1,10,,TTa,6,0.5,1.0,1.0,
Keherva,8,Ghazal,1,11,Ge-B,TinFull,7,0.75,1.0,0.75,Dhin
Keherva,8,Ghazal,1,12,,KDa,7,0.25,1.0,1.0,
Keherva,8,Ghazal,1,13,Ge-LT6,TinFull,8,0.5,1.0,1.0,Dhin
Keherva,8,Ghazal,1,14,Ge-B,Tin,8,0.5,1.0,1.0,
Keherva,8,Ghazal,2,1,Ge,Ta,1,1.0,1.0,1.0,Dha
Keherva,8,Ghazal,2,2,,Tra,2,0.5,1.0,1.0,TraKa
Keherva,8,Ghazal,2,3,Ka,,2,0.5,1.0,1.0,
Keherva,8,Ghazal,2,4,Ka,TinFull,3,1.0,1.0,0.75,Tin
Keherva,8,Ghazal,2,5,Ka,Tin,4,1.0,1.0,1.0,Tin
Keherva,8,Ghazal,2,6,,TaKa,5,1.0,1.0,1.0,TaKa
Keherva,8,Ghazal,2,7,,Tra,6,0.5,1.0,1.0,TraKa
Keherva,8,Ghazal,2,8,Ka,,6,0.5,0.5,1.0,
Keherva,8,Ghazal,2,9,Ge-B,TinFull,7,1.0,1.0,0.75,Dhin
Keherva,8,Ghazal,2,10,Ge-LT6,Tin,8,0.5,1.0,1.0,Dhin
Keherva,8,Ghazal,2,11,,TiL,8,0.5,1.0,1.0,
Keherva,8,Ghazal,3,1,Ge,Ta,1,1.0,1.0,1.0,Dha
Keherva,8,Ghazal,3,2,,Tra,2,0.5,1.0,0.5,TraKa
Keherva,8,Ghazal,3,3,Ka,,2,0.5,0.5,1.0,
Keherva,8,Ghazal,3,4,Ka,TinFull,3,1.0,1.0,0.75,Tin
Keherva,8,Ghazal,3,5,Ka,Tin,4,1.0,1.0,1.0,Tin
Keherva,8,Ghazal,3,6,,TaKa,5,1.0,1.0,1.0,TaKa
Keherva,8,Ghazal,3,7,,Tra,6,0.5,1.0,0.5,TraKa
Keherva,8,Ghazal,3,8,Ka,,6,0.5,0.5,1.0,
Keherva,8,Ghazal,3,9,Ge-B,TinFull,7,1.0,1.0,0.75,Dhin
Keherva,8,Ghazal,3,10,Ge-LT6,Tin,8,0.5,1.0,1.0,Dhin
Keherva,8,Ghazal,3,11,,TiL,8,0.5,1.0,0.5,
Keherva,9,Ghazal 2,1,1,Ge-B,TinFull,1,1.0,1.0,1.0,Dhin
Keherva,9,Ghazal 2,1,2,,TaKa,2,0.5,1.0,1.0,TakDhin
Keherva,9,Ghazal 2,1,3,Ge-LT6,Tin,2,0.5,1.0,1.0,
Keherva,9,Ghazal 2,1,4,,TiL,3,0.5,1.0,0.5,-Tin
Keherva,9,Ghazal 2,1,5,,Tin,3,0.5,1.0,1.0,
Keherva,9,Ghazal 2,1,6,,Na,4,0.25,1.0,0.25,NaNa
Keherva,9,Ghazal 2,1,7,,Na,4,0.25,1.0,0.5,
Keherva,9,Ghazal 2,1,8,,Na,4,0.25,1.0,0.75,
Keherva,9,Ghazal 2,1,9,,Na,4,0.25,1.0,1.0,
Keherva,9,Ghazal 2,1,10,Ge-B,TinFull,5,1.0,1.0,1.0,Dhin
Keherva,9,Ghazal 2,1,11,,TaKa,6,0.5,1.0,1.0,TakDhin
Keherva,9,Ghazal 2,1,12,Ge-LT6,Tin,6,0.5,1.0,1.0,
Keherva,9,Ghazal 2,1,13,,TiL,7,0.5,1.0,0.5,-Tin
Keherva,9,Ghazal 2,1,14,,Tin,7,0.5,1.0,1.0,
Keherva,9,Ghazal 2,1,15,,Na,8,0.25,1.0,0.25,NaNa
Keherva,9,Ghazal 2,1,16,,Na,8,0.25,1.0,0.5,
Keherva,9,Ghazal 2,1,17,,Na,8,0.25,1.0,0.75,
Keherva,9,Ghazal 2,1,18,,Na,8,0.25,1.0,1.0,
Keherva,9,Ghazal 2,2,1,Ge-B,Tin,1,1.0,1.0,1.0,Dhin
Keherva,9,Ghazal 2,2,2,,TaKa,2,0.5,1.0,1.0,TakDhin
Keherva,9,Ghazal 2,2,3,Ge-LT6,Tin,2,0.5,1.0,1.0,
Keherva,9,Ghazal 2,2,4,,,3,0.5,1.0,1.0,-Tin
Keherva,9,Ghazal 2,2,5,,Tin,3,0.5,1.0,1.0,
Keherva,9,Ghazal 2,2,6,,Na,4,0.5,1.0,0.75,NaNa
Keherva,9,Ghazal 2,2,7,,Na,4,0.5,1.0,1.0,
Keherva,9,Ghazal 2,2,8,Ge-B,Tin,5,1.0,1.0,1.0,Dhin
Keherva,9,Ghazal 2,2,9,,TaKa,6,0.5,1.0,1.0,TakDhin
Keherva,9,Ghazal 2,2,10,Ge-LT6,Tin,6,0.5,1.0,1.0,
Keherva,9,Ghazal 2,2,11,,,7,0.5,1.0,1.0,-Tin
Keherva,9,Ghazal 2,2,12,,Tin,7,0.5,1.0,1.0,
Keherva,9,Ghazal 2,2,13,,Na,8,0.5,1.0,0.75,NaNa
Keherva,9,Ghazal 2,2,14,,Na,8,0.5,1.0,1.0,
Keherva,9,Ghazal 2,3,1,Ge-B,Tin,1,1.0,1.0,1.0,Dhin
Keherva,9,Ghazal 2,3,2,,TiL,2,0.5,1.0,0.5,TiDhin
Keherva,9,Ghazal 2,3,3,Ge-LT6,Tin,2,0.5,1.0,1.0,
Keherva,9,Ghazal 2,3,4,,,3,0.5,1.0,1.0,-Tin
Keherva,9,Ghazal 2,3,5,,Tin,3,0.5,1.0,1.0,
Keherva,9,Ghazal 2,3,6,,Na,4,0.5,1.0,0.75,NaNa
Keherva,9,Ghazal 2,3,7,,Na,4,0.5,1.0,1.0,
Keherva,9,Ghazal 2,3,8,Ge-B,Tin,5,1.0,1.0,1.0,Dhin
Keherva,9,Ghazal 2,3,9,,TiL,6,0.5,1.0,0.5,-Dhin
Keherva,9,Ghazal 2,3,10,Ge-LT6,Tin,6,0.5,1.0,1.0,
Keherva,9,Ghazal 2,3,11,,,7,0.5,1.0,1.0,-Tin
Keherva,9,Ghazal 2,3,12,,Tin,7,0.5,1.0,1.0,
Keherva,9,Ghazal 2,3,13,,Na,8,0.5,1.0,0.75,NaNa
Keherva,9,Ghazal 2,3,14,,Na,8,0.5,1.0,1.0,
Keherva,10,Ghazal 3,1,1,Ge-B,Tin,1,1.0,1.0,1.0,Dhin
Keherva,10,Ghazal 3,1,2,,Ta,2,0.5,1.0,0.5,TaDhin
Keherva,10,Ghazal 3,1,3,Ge-LT6,Tin,2,0.5,1.0,1.0,
Keherva,10,Ghazal 3,1,4,,TiL,3,0.5,1.0,0.5,-Ta
Keherva,10,Ghazal 3,1,5,Ge,Ta,3,0.5,0.25,0.25,
Keherva,10,Ghazal 3,1,6,Ge,Ta,4,0.25,0.33,0.33,DhaDhaDhiNa
Keherva,10,Ghazal 3,1,7,Ge,Ta,4,0.25,0.5,0.5,
Keherva,10,Ghazal 3,1,8,Ge-B,Tin,4,0.25,0.5,1.0,
Keherva,10,Ghazal 3,1,9,,Na,4,0.25,1.0,0.25,
Keherva,10,Ghazal 3,1,10,Ge-B,Tin,5,1.0,1.0,1.0,Dhin
Keherva,10,Ghazal 3,1,11,,Ta,6,0.5,1.0,0.5,TaDhin
Keherva,10,Ghazal 3,1,12,Ge-LT6,Tin,6,0.5,1.0,1.0,
Keherva,10,Ghazal 3,1,13,,TiL,7,0.5,1.0,0.5,-Ta
Keherva,10,Ghazal 3,1,14,Ge,Ta,7,0.5,0.25,0.25,
Keherva,10,Ghazal 3,1,15,Ge,Ta,8,0.25,0.33,0.33,DhaDhaDhiNa
Keherva,10,Ghazal 3,1,16,Ge,Ta,8,0.25,0.5,0.5,
Keherva,10,Ghazal 3,1,17,Ge-B,Tin,8,0.25,0.5,1.0,
Keherva,10,Ghazal 3,1,18,,Na,8,0.25,1.0,0.25,
Keherva,10,Ghazal 3,"2,3",1,Ge-B,Tin,1,1.0,1.0,1.0,Dhin
Keherva,10,Ghazal 3,"2,3",2,,Ta,2,0.5,1.0,0.5,TaDhin
Keherva,10,Ghazal 3,"2,3",3,Ge-LT6,Tin,2,0.5,1.0,1.0,
Keherva,10,Ghazal 3,"2,3",4,,TiL,3,0.5,1.0,0.5,-Ta
Keherva,10,Ghazal 3,"2,3",5,Ge,Ta,3,0.5,0.25,0.25,
Keherva,10,Ghazal 3,"2,3",6,Ge,Ta,4,0.5,0.5,0.5,Ta Dhin
Keherva,10,Ghazal 3,"2,3",7,Ge-B,Tin,4,0.5,0.5,1.0,
Keherva,10,Ghazal 3,"2,3",8,Ge-B,Tin,5,1.0,1.0,1.0,Dhin
Keherva,10,Ghazal 3,"2,3",9,,Ta,6,0.5,1.0,0.5,TaDhin
Keherva,10,Ghazal 3,"2,3",10,Ge-LT6,Tin,6,0.5,1.0,1.0,
Keherva,10,Ghazal 3,"2,3",11,,TiL,7,0.5,1.0,0.5,-Ta
Keherva,10,Ghazal 3,"2,3",12,Ge,Ta,7,0.5,0.25,0.25,
Keherva,10,Ghazal 3,"2,3",13,Ge,Ta,8,0.5,0.5,0.5,Ta Dhin
Keherva,10,Ghazal 3,"2,3",14,Ge-B,Tin,8,0.5,0.5,1.0,
Keherva,11,Ghazal 4,1,1,Ge,Ta,1,1.0,1.0,1.0,Dha
Keherva,11,Ghazal 4,1,2,Ge-LT6,Tin,2,1.0,1.0,1.0,Dhin
Keherva,11,Ghazal 4,1,3,,Na,3,0.5,1.0,1.0,NaKa
Keherva,11,Ghazal 4,1,4,,TiL,3,0.5,1.0,0.5,
Keherva,11,Ghazal 4,1,5,,Ta,4,0.25,1.0,0.5,TaTa Dhin
Keherva,11,Ghazal 4,1,6,,Ta,4,0.25,1.0,0.75,
Keherva,11,Ghazal 4,1,7,Ge-B,Tin,4,0.25,1.0,1.0,
Keherva,11,Ghazal 4,1,8,,Na,4,0.25,1.0,0.25,
Keherva,11,Ghazal 4,1,9,Ge,Ta,5,1.0,1.0,1.0,Dha
Keherva,11,Ghazal 4,1,10,Ge-LT6,Tin,6,1.0,1.0,1.0,Dhin
Keherva,11,Ghazal 4,1,11,,Na,7,0.5,1.0,1.0,NaKa
Keherva,11,Ghazal 4,1,12,,TiL,7,0.5,1.0,0.5,
Keherva,11,Ghazal 4,1,13,,Ta,8,0.25,1.0,0.5,TaTa Dhin
Keherva,11,Ghazal 4,1,14,,Ta,8,0.25,1.0,0.75,
Keherva,11,Ghazal 4,1,15,Ge-B,Tin,8,0.25,1.0,1.0,
Keherva,11,Ghazal 4,1,16,,Na,8,0.25,1.0,0.25,
Keherva,11,Ghazal 4,"2,3",1,Ge,Ta,1,1.0,1.0,1.0,Dha
Keherva,11,Ghazal 4,"2,3",2,Ge-LT6,Tin,2,1.0,1.0,1.0,Dhin
Keherva,11,Ghazal 4,"2,3",3,,Na,3,0.5,1.0,1.0,NaKa
Keherva,11,Ghazal 4,"2,3",4,,TiL,3,0.5,1.0,0.5,
Keherva,11,Ghazal 4,"2,3",5,,Ta,4,0.5,1.0,0.75,Ta Dhin
Keherva,11,Ghazal 4,"2,3",6,Ge-B,Tin,4,0.5,1.0,1.0,
Keherva,11,Ghazal 4,"2,3",7,Ge,Ta,5,1.0,1.0,1.0,Dha
Keherva,11,Ghazal 4,"2,3",8,Ge-LT6,Tin,6,1.0,1.0,1.0,Dhin
Keherva,11,Ghazal 4,"2,3",9,,Na,7,0.5,1.0,1.0,NaKa
Keherva,11,Ghazal 4,"2,3",10,,TiL,7,0.5,1.0,0.5,
Keherva,11,Ghazal 4,"2,3",11,,Ta,8,0.5,1.0,0.75,Ta Dhin
Keherva,11,Ghazal 4,"2,3",12,Ge-B,Tin,8,0.5,1.0,1.0,
Keherva,12,Ghazal Fast,"2,3",1,Ge,Ta,1,0.5,1.0,1.0,DhaGe
Keherva,12,Ghazal Fast,"2,3",2,Ge-LT6,,1,0.5,0.5,1.0,
Keherva,12,Ghazal Fast,"2,3",3,Ge-B,Tin,2,0.5,0.5,0.5,Dhin
Keherva,12,Ghazal Fast,"2,3",4,,TiL,2,0.5,1.0,0.5,
Keherva,12,Ghazal Fast,"2,3",5,Ge,Ta,3,1.0,0.5,1.0,Dha
Keherva,12,Ghazal Fast,"2,3",6,Ge-B,Tin,4,0.5,0.5,0.5,Dhin
Keherva,12,Ghazal Fast,"2,3",7,,TiL,4,0.5,1.0,0.5,
Keherva,12,Ghazal Fast,"2,3",8,,Ta,5,1.0,1.0,1.0,Na
Keherva,12,Ghazal Fast,"2,3",9,,Tin,6,0.5,1.0,0.5,Tin
Keherva,12,Ghazal Fast,"2,3",10,,TiL,6,0.5,1.0,0.5,
Keherva,12,Ghazal Fast,"2,3",11,,Ta,7,1.0,1.0,1.0,Na
Keherva,12,Ghazal Fast,"2,3",12,,Tin,8,0.5,1.0,0.5,Tin
Keherva,12,Ghazal Fast,"2,3",13,,TiL,8,0.5,1.0,0.5,
Keherva,13,Laggi,"2,3",1,Ge-B,Ta,1,0.5,1.0,1.0,DhaDhin
Keherva,13,Laggi,"2,3",2,Ge-F,Tin,1,0.5,0.5,0.5,
Keherva,13,Laggi,"2,3",3,Ge-B,Na,2,0.5,0.75,1.0,DhaDha
Keherva,13,Laggi,"2,3",4,Ge,Na,2,0.5,0.5,0.25,
Keherva,13,Laggi,"2,3",5,Ge-B,Ta,3,0.5,0.75,1.0,DhaTin
Keherva,13,Laggi,"2,3",6,Ka,Tin,3,0.5,1.0,0.5,
Keherva,13,Laggi,"2,3",7,,Na,4,0.5,1.0,1.0,NaNa
Keherva,13,Laggi,"2,3",8,,Na,4,0.5,1.0,0.5,
Keherva,13,Laggi,"2,3",9,Ge-B,Ta,5,0.5,1.0,1.0,DhaDhin
Keherva,13,Laggi,"2,3",10,Ge-F,Tin,5,0.5,0.5,0.5,
Keherva,13,Laggi,"2,3",11,Ge-B,Na,6,0.5,0.75,1.0,DhaDha
Keherva,13,Laggi,"2,3",12,Ge,Na,6,0.5,0.5,0.25,
Keherva,13,Laggi,"2,3",13,Ge-B,Ta,7,0.5,0.75,1.0,DhaTin
Keherva,13,Laggi,"2,3",14,Ka,Tin,7,0.5,1.0,0.5,
Keherva,13,Laggi,"2,3",15,,Na,8,0.5,1.0,1.0,NaNa
Keherva,13,Laggi,"2,3",16,,Na,8,0.5,1.0,0.5,
Keherva,14,Qawwali,"2,3",1,Ge-B,Ta,1,0.5,1.0,0.125,DhaGe
Keherva,14,Qawwali,"2,3",2,Ge-F,,1,0.5,0.5,1.0,
Keherva,14,Qawwali,"2,3",3,Ge-B,Ta,2,0.5,1.0,0.125,NaTi
Keherva,14,Qawwali,"2,3",4,Ka,TinFull,2,0.5,1.0,1.0,
Keherva,14,Qawwali,"2,3",5,,Ta,3,0.5,1.0,0.125,NaKa
Keherva,14,Qawwali,"2,3",6,Ka,,3,0.5,0.25,1.0,
Keherva,14,Qawwali,"2,3",7,Ge-F,Tin,4,0.5,0.5,0.25,DhiNa
Keherva,14,Qawwali,"2,3",8,,Ta,4,0.5,1.0,0.5,
Keherva,14,Qawwali,"2,3",9,Ge-B,Ta,5,0.5,1.0,0.125,DhaGe
Keherva,14,Qawwali,"2,3",10,Ge-F,,5,0.5,0.5,1.0,
Keherva,14,Qawwali,"2,3",11,Ge-B,Ta,6,0.5,1.0,0.125,NaTi
Keherva,14,Qawwali,"2,3",12,Ka,TinFull,6,0.5,1.0,1.0,
Keherva,14,Qawwali,"2,3",13,,Ta,7,0.5,1.0,0.125,NaKa
Keherva,14,Qawwali,"2,3",14,Ka,,7,0.5,0.25,1.0,
Keherva,14,Qawwali,"2,3",15,Ge-F,Tin,8,0.5,0.5,0.25,DhiNa
Keherva,14,Qawwali,"2,3",16,,Ta,8,0.5,1.0,0.5,
Ardha Shikhar Taal,1,Basic,1,1,Ge-S,TinFull,1,1.0,1.0,1.0,Dhin
Ardha Shikhar Taal,1,Basic,1,2,,Ti,2,0.25,1.0,1.0,TiRaKiTa
Ardha Shikhar Taal,1,Basic,1,3,,Ra,2,0.25,1.0,1.0,
Ardha Shikhar Taal,1,Basic,1,4,Ki,,2,0.25,1.0,1.0,
Ardha Shikhar Taal,1,Basic,1,5,,TTa,2,0.25,1.0,1.0,
Ardha Shikhar Taal,1,Basic,1,6,Ge-S,TinFull,3,1.0,1.0,1.0,Dhin
Ardha Shikhar Taal,1,Basic,1,7,,Na,4,1.0,1.0,1.0,Na
Ardha Shikhar Taal,1,Basic,1,8,Ka,Tu,5,1.0,1.0,1.0,Tu
Ardha Shikhar Taal,1,Basic,1,9,,Na,6,0.5,1.0,1.0,Na Na
Ardha Shikhar Taal,1,Basic,1,10,,Na,6,0.5,1.0,1.0,
Ardha Shikhar Taal,1,Basic,1,11,Ge,TinFull,7,0.5,1.0,1.0,Dhi Na
Ardha Shikhar Taal,1,Basic,1,12,,Na,7,0.5,1.0,1.0,
Ardha Shikhar Taal,1,Basic,1,13,Ge-B,Tin,8,0.5,1.0,1.0,Dhi Dhi
Ardha Shikhar Taal,1,Basic,1,14,Ge,TinFull,8,0.5,1.0,1.0,
Ardha Shikhar Taal,1,Basic,1,15,,Na,9,0.5,1.0,1.0,Na
Ardha Shikhar Taal,1,Basic,2,1,Ge-B,TinFull,1,1.0,1.0,1.0,Dhin
Ardha Shikhar Taal,1,Basic,2,2,,Ti,2,0.25,1.0,1.0,TiRaKiTa
Ardha Shikhar Taal,1,Basic,2,3,,Ra,2,0.25,1.0,1.0,
Ardha Shikhar Taal,1,Basic,2,4,Ki,,2,0.25,1.0,1.0,
Ardha Shikhar Taal,1,Basic,2,5,,TTa,2,0.25,1.0,1.0,
Ardha Shikhar Taal,1,Basic,2,6,Ge-B,TinFull,3,1.0,1.0,1.0,Dhin
Ardha Shikhar Taal,1,Basic,2,7,,Na,4,1.0,1.0,1.0,Na
Ardha Shikhar Taal,1,Basic,2,8,Ka,Tu,5,1.0,1.0,1.0,Tu
Ardha Shikhar Taal,1,Basic,2,9,,Na,6,1.0,1.0,1.0,Na
Ardha Shikhar Taal,1,Basic,2,10,Ge,TinFull,7,0.5,1.0,1.0,Dhi Na
Ardha Shikhar Taal,1,Basic,2,11,,Na,7,0.5,1.0,1.0,
Ardha Shikhar Taal,1,Basic,2,12,Ge-B,Tin,8,0.5,1.0,1.0,Dhi Dhi
Ardha Shikhar Taal,1,Basic,2,13,Ge,TinFull,8,0.5,1.0,1.0,
Ardha Shikhar Taal,1,Basic,2,14,,Na,9,0.5,1.0,1.0,Na
Ardha Shikhar Taal,1,Basic,3,1,Ge-B,TinFull,1,1.0,1.0,1.0,Dhin
Ardha Shikhar Taal,1,Basic,3,2,,Ti,2,0.5,1.0,1.0,TiTa
Ardha Shikhar Taal,1,Basic,3,3,,TTa,2,0.5,1.0,1.0,
Ardha Shikhar Taal,1,Basic,3,4,Ge-B,TinFull,3,1.0,1.0,1.0,Dhin
Ardha Shikhar Taal,1,Basic,3,5,,Na,4,1.0,1.0,1.0,Na
Ardha Shikhar Taal,1,Basic,3,6,Ka,Tu,5,1.0,1.0,1.0,Tu
Ardha Shikhar Taal,1,Basic,3,7,,Na,6,1.0,1.0,1.0,Na
Ardha Shikhar Taal,1,Basic,3,8,Ge,Tin,7,0.5,1.0,1.0,Dhi Na
Ardha Shikhar Taal,1,Basic,3,9,,Na,7,0.5,1.0,1.0,
Ardha Shikhar Taal,1,Basic,3,10,Ge-B,Tin,8,0.5,1.0,1.0,Dhi Dhi
Ardha Shikhar Taal,1,Basic,3,11,Ge,Tin,8,0.5,1.0,1.0,
Ardha Shikhar Taal,1,Basic,3,12,,Na,9,0.5,1.0,1.0,Na
Ardha Shikhar Taal,2,Pro Default,1,1,Ge-S,TinFull,1,1.0,1.0,1.0,Dhin
Ardha Shikhar Taal,2,Pro Default,1,2,,Ti,2,0.25,1.0,1.0,TiRaKiTa
Ardha Shikhar Taal,2,Pro Default,1,3,,Ra,2,0.25,1.0,1.0,
Ardha Shikhar Taal,2,Pro Default,1,4,Ki,,2,0.25,1.0,1.0,
Ardha Shikhar Taal,2,Pro Default,1,5,,TTa,2,0.25,1.0,1.0,
Ardha Shikhar Taal,2,Pro Default,1,6,Ge-S,TinFull,3,1.0,1.0,1.0,Dhin
Ardha Shikhar Taal,2,Pro Default,1,7,,Na,4,1.0,1.0,1.0,Na
Ardha Shikhar Taal,2,Pro Default,1,8,Ka,Tu,5,1.0,1.0,1.0,Tu
Ardha Shikhar Taal,2,Pro Default,1,9,,Na,6,0.5,1.0,1.0,Na Na
Ardha Shikhar Taal,2,Pro Default,1,10,,Na,6,0.25,1.0,1.0,
Ardha Shikhar Taal,2,Pro Default,1,11,,Na,6,0.25,1.0,1.0,
Ardha Shikhar Taal,2,Pro Default,1,12,Ge-F,TinFull,7,0.5,1.0,1.0,Dhi Na
Ardha Shikhar Taal,2,Pro Default,1,13,,Na,7,0.5,1.0,1.0,
Ardha Shikhar Taal,2,Pro Default,1,14,Ge-LT6,Tin,8,0.5,1.0,1.0,Dhi Dhi
Ardha Shikhar Taal,2,Pro Default,1,15,Ge-F,TinFull,8,0.5,1.0,1.0,
Ardha Shikhar Taal,2,Pro Default,1,16,,Na,9,0.5,1.0,1.0,Na
Ardha Shikhar Taal,2,Pro Default,2,1,Ge-B,TinFull,1,1.0,1.0,1.0,Dhin
Ardha Shikhar Taal,2,Pro Default,2,2,,Ti,2,0.25,1.0,1.0,TiRaKiTa
Ardha Shikhar Taal,2,Pro Default,2,3,,Ra,2,0.25,1.0,1.0,
Ardha Shikhar Taal,2,Pro Default,2,4,Ki,,2,0.25,1.0,1.0,
Ardha Shikhar Taal,2,Pro Default,2,5,,TTa,2,0.25,1.0,1.0,
Ardha Shikhar Taal,2,Pro Default,2,6,Ge-B,TinFull,3,1.0,1.0,1.0,Dhin
Ardha Shikhar Taal,2,Pro Default,2,7,,Na,4,1.0,1.0,1.0,Na
Ardha Shikhar Taal,2,Pro Default,2,8,Ka,Tu,5,1.0,1.0,1.0,Tu
Ardha Shikhar Taal,2,Pro Default,2,9,,Na,6,1.0,1.0,1.0,Na
Ardha Shikhar Taal,2,Pro Default,2,10,Ge-F,TinFull,7,0.5,1.0,1.0,Dhi Na
Ardha Shikhar Taal,2,Pro Default,2,11,,Na,7,0.5,1.0,1.0,
Ardha Shikhar Taal,2,Pro Default,2,12,Ge-B,Tin,8,0.5,1.0,1.0,Dhi Dhi
Ardha Shikhar Taal,2,Pro Default,2,13,Ge-F,TinFull,8,0.5,1.0,1.0,
Ardha Shikhar Taal,2,Pro Default,2,14,,Na,9,0.5,1.0,1.0,Na
Ardha Shikhar Taal,2,Pro Default,3,1,Ge,TinFull,1,1.0,1.0,1.0,Dhin
Ardha Shikhar Taal,2,Pro Default,3,2,,Ti,2,0.5,1.0,1.0,TiTa
Ardha Shikhar Taal,2,Pro Default,3,3,,TTa,2,0.5,1.0,1.0,
Ardha Shikhar Taal,2,Pro Default,3,4,Ge-B,TinFull,3,1.0,1.0,1.0,Dhin
Ardha Shikhar Taal,2,Pro Default,3,5,,Na,4,1.0,1.0,1.0,Na
Ardha Shikhar Taal,2,Pro Default,3,6,Ka,Tu,5,1.0,1.0,1.0,Tu
Ardha Shikhar Taal,2,Pro Default,3,7,,Na,6,1.0,1.0,1.0,Na
Ardha Shikhar Taal,2,Pro Default,3,8,Ge-F,Tin,7,0.5,1.0,1.0,Dhi Na
Ardha Shikhar Taal,2,Pro Default,3,9,,Na,7,0.5,1.0,1.0,
Ardha Shikhar Taal,2,Pro Default,3,10,Ge-B,Tin,8,0.5,1.0,1.0,Dhi Dhi
Ardha Shikhar Taal,2,Pro Default,3,11,Ge-F,Tin,8,0.5,1.0,1.0,
Ardha Shikhar Taal,2,Pro Default,3,12,,Na,9,0.5,1.0,1.0,Na
Ashta Jhaptaal,1,Basic,1,1,Ge,TinFull,1,0.75,1.0,1.0,Dhin
Ashta Jhaptaal,1,Basic,1,2,,TiL,1,0.25,1.0,1.0,
Ashta Jhaptaal,1,Basic,1,3,,Na,2,0.75,1.0,1.0,Na
Ashta Jhaptaal,1,Basic,1,4,,TiL,2,0.25,1.0,1.0,
Ashta Jhaptaal,1,Basic,1,5,Ge-S,TinFull,3,0.75,1.0,1.0,Dhin
Ashta Jhaptaal,1,Basic,1,6,,TiL,3,0.25,1.0,1.0,
Ashta Jhaptaal,1,Basic,1,7,Ge-S,TinFull,4,0.75,1.0,1.0,Dhin
Ashta Jhaptaal,1,Basic,1,8,,TiL,4,0.25,1.0,1.0,
Ashta Jhaptaal,1,Basic,1,9,,Na,5,0.75,1.0,1.0,Na
Ashta Jhaptaal,1,Basic,1,10,,TiL,5,0.25,1.0,1.0,
Ashta Jhaptaal,1,Basic,1,11,Ka,TinFull,6,0.75,1.0,1.0,Tin
Ashta Jhaptaal,1,Basic,1,12,,TiL,6,0.25,1.0,1.0,
Ashta Jhaptaal,1,Basic,1,13,,Na,7,0.75,1.0,1.0,Na
Ashta Jhaptaal,1,Basic,1,14,,TiL,7,0.25,1.0,1.0,
Ashta Jhaptaal,1,Basic,1,15,Ge,TinFull,8,0.5,1.0,1.0,Dhi Dhi
Ashta Jhaptaal,1,Basic,1,16,Ge-B,Tin,8,0.5,1.0,1.0,
Ashta Jhaptaal,1,Basic,1,17,,Na,9,0.5,1.0,1.0,Na
Ashta Jhaptaal,1,Basic,2,1,Ge,TinFull,1,1.0,1.0,1.0,Dhin
Ashta Jhaptaal,1,Basic,2,2,,Na,2,0.5,1.0,1.0,Na
Ashta Jhaptaal,1,Basic,2,3,,TiL,2,0.5,1.0,0.5,
Ashta Jhaptaal,1,Basic,2,4,Ge,TinFull,3,1.0,1.0,1.0,Dhin
Ashta Jhaptaal,1,Basic,2,5,Ge-LT6,TinFull,4,1.0,1.0,1.0,Dhin
Ashta Jhaptaal,1,Basic,2,6,,Na,5,0.5,1.0,1.0,Na
Ashta Jhaptaal,1,Basic,2,7,,TiL,5,0.5,1.0,0.5,
Ashta Jhaptaal,1,Basic,2,8,Ka,TinFull,6,1.0,1.0,1.0,Tin
Ashta Jhaptaal,1,Basic,2,9,,Na,7,0.5,1.0,1.0,Na
Ashta Jhaptaal,1,Basic,2,10,,TiL,7,0.5,1.0,0.5,
Ashta Jhaptaal,1,Basic,2,11,Ge,TinFull,8,0.5,1.0,1.0,Dhi Dhi
Ashta Jhaptaal,1,Basic,2,12,Ge-B,Tin,8,0.5,1.0,1.0,
Ashta Jhaptaal,1,Basic,2,13,,Na,9,0.5,1.0,1.0,Na
Ashta Jhaptaal,1,Basic,3,1,Ge,TinFull,1,1.0,1.0,1.0,Dhin
Ashta Jhaptaal,1,Basic,3,2,,Na,2,0.5,1.0,1.0,Na
Ashta Jhaptaal,1,Basic,3,3,,TiL,2,0.5,1.0,0.5,
Ashta Jhaptaal,1,Basic,3,4,Ge,TinFull,3,1.0,1.0,1.0,Dhin
Ashta Jhaptaal,1,Basic,3,5,Ge-B,TinFull,4,1.0,1.0,1.0,Dhin
Ashta Jhaptaal,1,Basic,3,6,,Na,5,0.5,1.0,1.0,Na
Ashta Jhaptaal,1,Basic,3,7,,TiL,5,0.5,1.0,0.5,
Ashta Jhaptaal,1,Basic,3,8,Ka,TinFull,6,1.0,1.0,1.0,Tin
Ashta Jhaptaal,1,Basic,3,9,,Na,7,0.5,1.0,1.0,Na
Ashta Jhaptaal,1,Basic,3,10,,TiL,7,0.5,1.0,0.5,
Ashta Jhaptaal,1,Basic,3,11,Ge,TinFull,8,0.5,1.0,1.0,Dhi Dhi
Ashta Jhaptaal,1,Basic,3,12,Ge-B,Tin,8,0.5,1.0,1.0,
Ashta Jhaptaal,1,Basic,3,13,,Na,9,0.5,1.0,1.0,Na
Ashta Jhaptaal,2,Pro Default,1,1,Ge,TinFull,1,0.75,1.0,1.0,Dhin
Ashta Jhaptaal,2,Pro Default,1,2,,TiL,1,0.25,1.0,1.0,
Ashta Jhaptaal,2,Pro Default,1,3,,Na,2,0.75,1.0,1.0,Na
Ashta Jhaptaal,2,Pro Default,1,4,,TiL,2,0.25,1.0,1.0,
Ashta Jhaptaal,2,Pro Default,1,5,Ge-S,TinFull,3,0.75,1.0,1.0,Dhin
Ashta Jhaptaal,2,Pro Default,1,6,,KDa,3,0.25,1.0,1.0,
Ashta Jhaptaal,2,Pro Default,1,7,Ge,TinFull,4,0.5,1.0,1.0,Dhi Dhi
Ashta Jhaptaal,2,Pro Default,1,8,Ge-LT6,Tin,4,0.5,1.0,1.0,
Ashta Jhaptaal,2,Pro Default,1,9,,Na,5,0.5,1.0,1.0,Na
Ashta Jhaptaal,2,Pro Default,1,10,,TiTaL,5,0.5,1.0,1.0,
Ashta Jhaptaal,2,Pro Default,1,11,Ka,TinFull,6,0.75,1.0,1.0,Tin
Ashta Jhaptaal,2,Pro Default,1,12,,TiL,6,0.25,1.0,1.0,
Ashta Jhaptaal,2,Pro Default,1,13,,Na,7,0.75,1.0,1.0,Na
Ashta Jhaptaal,2,Pro Default,1,14,,TiL,7,0.25,1.0,1.0,
Ashta Jhaptaal,2,Pro Default,1,15,Ge,TinFull,8,0.5,1.0,1.0,Dhi Dhi
Ashta Jhaptaal,2,Pro Default,1,16,Ge-LT6,Tin,8,0.5,1.0,1.0,
Ashta Jhaptaal,2,Pro Default,1,17,,Na,9,0.5,1.0,1.0,Na
Ashta Jhaptaal,2,Pro Default,2,1,Ge,TinFull,1,1.0,1.0,1.0,Dhin
Ashta Jhaptaal,2,Pro Default,2,2,,Na,2,0.5,1.0,1.0,Na
Ashta Jhaptaal,2,Pro Default,2,3,,TiL,2,0.5,1.0,0.5,
Ashta Jhaptaal,2,Pro Default,2,4,Ge,TinFull,3,0.75,1.0,1.0,Dhin
Ashta Jhaptaal,2,Pro Default,2,5,,KDa,3,0.25,1.0,0.75,
Ashta Jhaptaal,2,Pro Default,2,6,Ge-B,TinFull,4,0.5,1.0,1.0,Dhi Dhi
Ashta Jhaptaal,2,Pro Default,2,7,Ge-F,Tin,4,0.5,1.0,1.0,
Ashta Jhaptaal,2,Pro Default,2,8,,Na,5,0.5,1.0,1.0,Na
Ashta Jhaptaal,2,Pro Default,2,9,,TiL,5,0.5,1.0,1.0,
Ashta Jhaptaal,2,Pro Default,2,10,Ka,TinFull,6,1.0,1.0,1.0,Tin
Ashta Jhaptaal,2,Pro Default,2,11,,Na,7,0.5,1.0,1.0,Na
Ashta Jhaptaal,2,Pro Default,2,12,,TiL,7,0.5,1.0,0.5,
Ashta Jhaptaal,2,Pro Default,2,13,Ge-F,TinFull,8,0.5,1.0,1.0,Dhi Dhi
Ashta Jhaptaal,2,Pro Default,2,14,Ge-B,Tin,8,0.5,1.0,1.0,
Ashta Jhaptaal,2,Pro Default,2,15,,Na,9,0.5,1.0,1.0,Na
Ashta Jhaptaal,2,Pro Default,3,1,Ge,TinFull,1,1.0,1.0,1.0,Dhin
Ashta Jhaptaal,2,Pro Default,3,2,,Na,2,0.5,1.0,1.0,Na
Ashta Jhaptaal,2,Pro Default,3,3,,TiL,2,0.5,1.0,0.5,
Ashta Jhaptaal,2,Pro Default,3,4,Ge-LT6,TinFull,3,1.0,1.0,1.0,Dhin
Ashta Jhaptaal,2,Pro Default,3,5,Ge,Tin,4,1.0,1.0,1.0,Dhin
Ashta Jhaptaal,2,Pro Default,3,6,,Na,5,0.5,1.0,1.0,Na
Ashta Jhaptaal,2,Pro Default,3,7,,TiL,5,0.5,1.0,0.5,
Ashta Jhaptaal,2,Pro Default,3,8,Ka,TinFull,6,1.0,1.0,1.0,Tin
Ashta Jhaptaal,2,Pro Default,3,9,,Na,7,0.5,1.0,1.0,Na
Ashta Jhaptaal,2,Pro Default,3,10,,TiL,7,0.5,1.0,0.5,
Ashta Jhaptaal,2,Pro Default,3,11,Ge-F,TinFull,8,0.5,1.0,1.0,Dhi Dhi
Ashta Jhaptaal,2,Pro Default,3,12,Ge-B,Tin,8,0.5,1.0,1.0,
Ashta Jhaptaal,2,Pro Default,3,13,,Na,9,0.5,1.0,1.0,Na
Matta Taal,1,Basic,1,1,Ge-S,TinFull,1,1.0,1.0,1.0,Dhin
Matta Taal,1,Basic,1,2,,Ti,2,0.25,1.0,1.0,TiRaKiTa
Matta Taal,1,Basic,1,3,,Ra,2,0.25,1.0,1.0,
Matta Taal,1,Basic,1,4,Ki,,2,0.25,1.0,1.0,
Matta Taal,1,Basic,1,5,,TTa,2,0.25,1.0,1.0,
Matta Taal,1,Basic,1,6,Ge-S,TinFull,3,1.0,1.0,1.0,Dhin
Matta Taal,1,Basic,1,7,,Na,4,1.0,1.0,1.0,Na
Matta Taal,1,Basic,1,8,Ka,Tu,5,1.0,1.0,1.0,Tu
Matta Taal,1,Basic,1,9,,Na,6,0.5,1.0,1.0,Na Na
Matta Taal,1,Basic,1,10,,Na,6,0.5,1.0,1.0,
Matta Taal,1,Basic,1,11,Ge,TinFull,7,0.5,1.0,1.0,Dhi Dhi
Matta Taal,1,Basic,1,12,Ge-B,Tin,7,0.5,1.0,1.0,
Matta Taal,1,Basic,1,13,,Na,8,0.5,1.0,1.0,Na Dhi
Matta Taal,1,Basic,1,14,Ge,TinFull,8,0.5,1.0,1.0,
Matta Taal,1,Basic,1,15,Ge-B,Tin,9,0.5,1.0,1.0,Dhi Na
Matta Taal,1,Basic,1,16,,Na,9,0.5,1.0,1.0,
Matta Taal,1,Basic,2,1,Ge-B,TinFull,1,1.0,1.0,1.0,Dhin
Matta Taal,1,Basic,2,2,,Ti,2,0.25,1.0,1.0,TiRaKiTa
Matta Taal,1,Basic,2,3,,Ra,2,0.25,1.0,1.0,
Matta Taal,1,Basic,2,4,Ki,,2,0.25,1.0,1.0,
Matta Taal,1,Basic,2,5,,TTa,2,0.25,1.0,1.0,
Matta Taal,1,Basic,2,6,Ge-B,TinFull,3,1.0,1.0,1.0,Dhin
Matta Taal,1,Basic,2,7,,Na,4,1.0,1.0,1.0,Na
Matta Taal,1,Basic,2,8,Ka,Tu,5,1.0,1.0,1.0,Tu
Matta Taal,1,Basic,2,9,,Na,6,1.0,1.0,1.0,Na
Matta Taal,1,Basic,2,10,Ge,TinFull,7,0.5,1.0,1.0,Dhi Dhi
Matta Taal,1,Basic,2,11,Ge-B,Tin,7,0.5,1.0,1.0,
Matta Taal,1,Basic,2,12,,Na,8,0.5,1.0,1.0,Na Dhi
Matta Taal,1,Basic,2,13,Ge,TinFull,8,0.5,1.0,1.0,
Matta Taal,1,Basic,2,14,Ge-B,Tin,9,0.5,1.0,1.0,Dhi Na
Matta Taal,1,Basic,2,15,,Na,9,0.5,1.0,1.0,
Matta Taal,1,Basic,3,1,Ge-B,TinFull,1,1.0,1.0,1.0,Dhin
Matta Taal,1,Basic,3,2,,Ti,2,0.5,1.0,1.0,TiTa
Matta Taal,1,Basic,3,3,,TTa,2,0.5,1.0,1.0,
Matta Taal,1,Basic,3,4,Ge-B,TinFull,3,1.0,1.0,1.0,Dhin
Matta Taal,1,Basic,3,5,,Na,4,1.0,1.0,1.0,Na
Matta Taal,1,Basic,3,6,Ka,Tu,5,1.0,1.0,1.0,Tu
Matta Taal,1,Basic,3,7,,Na,6,1.0,1.0,1.0,Na
Matta Taal,1,Basic,3,8,Ge,Tin,7,0.5,1.0,1.0,Dhi Dhi
Matta Taal,1,Basic,3,9,Ge-B,Tin,7,0.5,1.0,1.0,
Matta Taal,1,Basic,3,10,,Na,8,0.5,1.0,1.0,Na Dhi
Matta Taal,1,Basic,3,11,Ge,Tin,8,0.5,1.0,1.0,
Matta Taal,1,Basic,3,12,Ge-B,Tin,9,0.5,1.0,1.0,Dhi Na
Matta Taal,1,Basic,3,13,,Na,9,0.5,1.0,1.0,
Matta Taal,2,Pro Default,1,1,Ge-S,TinFull,1,1.0,1.0,1.0,Dhin
Matta Taal,2,Pro Default,1,2,,Ti,2,0.25,1.0,1.0,TiRaKiTa
Matta Taal,2,Pro Default,1,3,,Ra,2,0.25,1.0,1.0,
Matta Taal,2,Pro Default,1,4,Ki,,2,0.25,1.0,1.0,
Matta Taal,2,Pro Default,1,5,,TTa,2,0.25,1.0,1.0,
Matta Taal,2,Pro Default,1,6,Ge-S,TinFull,3,1.0,1.0,1.0,Dhin
Matta Taal,2,Pro Default,1,7,,Na,4,1.0,1.0,1.0,Na
Matta Taal,2,Pro Default,1,8,Ka,Tu,5,1.0,1.0,1.0,Tu
Matta Taal,2,Pro Default,1,9,,Na,6,0.5,1.0,1.0,Na Na
Matta Taal,2,Pro Default,1,10,,Na,6,0.25,1.0,1.0,
Matta Taal,2,Pro Default,1,11,,Na,6,0.25,1.0,1.0,
Matta Taal,2,Pro Default,1,12,Ge-F,TinFull,7,0.5,1.0,1.0,Dhi Dhi
Matta Taal,2,Pro Default,1,13,Ge-LT6,Tin,7,0.5,1.0,1.0,
Matta Taal,2,Pro Default,1,14,,Na,8,0.5,1.0,1.0,Na Dhi
Matta Taal,2,Pro Default,1,15,Ge-F,TinFull,8,0.5,1.0,1.0,
Matta Taal,2,Pro Default,1,16,Ge-LT6,Tin,9,0.5,1.0,1.0,Dhi Na
Matta Taal,2,Pro Default,1,17,,Na,9,0.5,1.0,1.0,
Matta Taal,2,Pro Default,2,1,Ge-B,TinFull,1,1.0,1.0,1.0,Dhin
Matta Taal,2,Pro Default,2,2,,Ti,2,0.25,1.0,1.0,TiRaKiTa
Matta Taal,2,Pro Default,2,3,,Ra,2,0.25,1.0,1.0,
Matta Taal,2,Pro Default,2,4,Ki,,2,0.25,1.0,1.0,
Matta Taal,2,Pro Default,2,5,,TTa,2,0.25,1.0,1.0,
Matta Taal,2,Pro Default,2,6,Ge-B,TinFull,3,1.0,1.0,1.0,Dhin
Matta Taal,2,Pro Default,2,7,,Na,4,1.0,1.0,1.0,Na
Matta Taal,2,Pro Default,2,8,Ka,Tu,5,1.0,1.0,1.0,Tu
Matta Taal,2,Pro Default,2,9,,Na,6,1.0,1.0,1.0,Na
Matta Taal,2,Pro Default,2,10,Ge-F,TinFull,7,0.5,1.0,1.0,Dhi Dhi
Matta Taal,2,Pro Default,2,11,Ge-B,Tin,7,0.5,1.0,1.0,
Matta Taal,2,Pro Default,2,12,,Na,8,0.5,1.0,1.0,Na Dhi
Matta Taal,2,Pro Default,2,13,Ge-F,TinFull,8,0.5,1.0,1.0,
Matta Taal,2,Pro Default,2,14,Ge-B,Tin,9,0.5,1.0,1.0,Dhi Na
Matta Taal,2,Pro Default,2,15,,Na,9,0.5,1.0,1.0,
Matta Taal,2,Pro Default,3,1,Ge,TinFull,1,1.0,1.0,1.0,Dhin
Matta Taal,2,Pro Default,3,2,,Ti,2,0.5,1.0,1.0,TiTa
Matta Taal,2,Pro Default,3,3,,TTa,2,0.5,1.0,1.0,
Matta Taal,2,Pro Default,3,4,Ge-B,TinFull,3,1.0,1.0,1.0,Dhin
Matta Taal,2,Pro Default,3,5,,Na,4,1.0,1.0,1.0,Na
Matta Taal,2,Pro Default,3,6,Ka,Tu,5,1.0,1.0,1.0,Tu
Matta Taal,2,Pro Default,3,7,,Na,6,1.0,1.0,1.0,Na
Matta Taal,2,Pro Default,3,8,Ge-F,Tin,7,0.5,1.0,1.0,Dhi Dhi
Matta Taal,2,Pro Default,3,9,Ge-B,Tin,7,0.5,1.0,1.0,
Matta Taal,2,Pro Default,3,10,,Na,8,0.5,1.0,1.0,Na Dhi
Matta Taal,2,Pro Default,3,11,Ge-F,Tin,8,0.5,1.0,1.0,
Matta Taal,2,Pro Default,3,12,Ge-B,Tin,9,0.5,1.0,1.0,Dhi Na
Matta Taal,2,Pro Default,3,13,,Na,9,0.5,1.0,1.0,
Shiva Taal,1,Basic,1,1,Ge-S,TinFull,1,1.0,1.0,1.0,Dhin
Shiva Taal,1,Basic,1,2,Ge-S,TinFull,2,1.0,1.0,1.0,Dhin
Shiva Taal,1,Basic,1,3,Ge,Ta,3,0.5,1.0,1.0,Dha Ge
Shiva Taal,1,Basic,1,4,Ge-B,,3,0.5,0.5,1.0,
Shiva Taal,1,Basic,1,5,,Ti,4,0.25,1.0,1.0,TiRaKiTa
Shiva Taal,1,Basic,1,6,,Ra,4,0.25,1.0,1.0,
Shiva Taal,1,Basic,1,7,Ki,,4,0.25,1.0,1.0,
Shiva Taal,1,Basic,1,8,,TTa,4,0.25,1.0,1.0,
Shiva Taal,1,Basic,1,9,Ka,Tu,5,0.5,1.0,1.0,Tu Na
Shiva Taal,1,Basic,1,10,,Na,5,0.5,1.0,1.0,
Shiva Taal,1,Basic,1,11,Kat,,6,0.5,1.0,1.0,Kat Ta
Shiva Taal,1,Basic,1,12,,TinFull,6,0.5,1.0,1.0,
Shiva Taal,1,Basic,1,13,Ge,TinFull,7,0.5,1.0,1.0,Dhi Dhi
Shiva Taal,1,Basic,1,14,Ge-B,Tin,7,0.5,1.0,1.0,
Shiva Taal,1,Basic,1,15,,Na,8,0.5,1.0,1.0,Na Dhi
Shiva Taal,1,Basic,1,16,Ge,TinFull,8,0.5,1.0,1.0,
Shiva Taal,1,Basic,1,17,Ge-B,Tin,9,0.5,1.0,1.0,Dhi Na
Shiva Taal,1,Basic,1,18,,Na,9,0.5,1.0,1.0,
Shiva Taal,1,Basic,2,1,Ge,TinFull,1,1.0,1.0,1.0,Dhin
Shiva Taal,1,Basic,2,2,Ge-LT6,Tin,2,1.0,1.0,1.0,Dhin
Shiva Taal,1,Basic,2,3,Ge,Ta,3,0.5,1.0,1.0,Dha Ge
Shiva Taal,1,Basic,2,4,Ge-B,,3,0.5,0.5,1.0,
Shiva Taal,1,Basic,2,5,,Ti,4,0.25,1.0,1.0,TiRaKiTa
Shiva Taal,1,Basic,2,6,,Ra,4,0.25,1.0,1.0,
Shiva Taal,1,Basic,2,7,Ki,,4,0.25,1.0,1.0,
Shiva Taal,1,Basic,2,8,,TTa,4,0.25,1.0,1.0,
Shiva Taal,1,Basic,2,9,Ka,Tu,5,0.5,1.0,1.0,Tu Na
Shiva Taal,1,Basic,2,10,,Na,5,0.5,1.0,1.0,
Shiva Taal,1,Basic,2,11,Kat,,6,0.5,1.0,1.0,Kat Ta
Shiva Taal,1,Basic,2,12,,TinFull,6,0.5,1.0,1.0,
Shiva Taal,1,Basic,2,13,Ge,TinFull,7,0.5,1.0,1.0,Dhi Dhi
Shiva Taal,1,Basic,2,14,Ge-B,Tin,7,0.5,1.0,1.0,
Shiva Taal,1,Basic,2,15,,Na,8,0.5,1.0,1.0,Na Dhi
Shiva Taal,1,Basic,2,16,Ge,TinFull,8,0.5,1.0,1.0,
Shiva Taal,1,Basic,2,17,Ge-B,Tin,9,0.5,1.0,1.0,Dhi Na
Shiva Taal,1,Basic,2,18,,Na,9,0.5,1.0,1.0,
Shiva Taal,1,Basic,3,1,Ge,TinFull,1,1.0,1.0,1.0,Dhin
Shiva Taal,1,Basic,3,2,Ge-B,Tin,2,1.0,1.0,1.0,Dhin
Shiva Taal,1,Basic,3,3,Ge,Ta,3,0.5,1.0,1.0,Dha Ge
Shiva Taal,1,Basic,3,4,Ge-B,,3,0.5,0.5,1.0,
Shiva Taal,1,Basic,3,5,,Ti,4,0.5,1.0,1.0,TiTa
Shiva Taal,1,Basic,3,6,,TTa,4,0.5,1.0,1.0,
Shiva Taal,1,Basic,3,7,Ka,Tu,5,0.5,1.0,1.0,Tu Na
Shiva Taal,1,Basic,3,8,,Na,5,0.5,1.0,1.0,
Shiva Taal,1,Basic,3,9,Kat,,6,0.5,1.0,1.0,Kat Ta
Shiva Taal,1,Basic,3,10,,TinFull,6,0.5,1.0,1.0,
Shiva Taal,1,Basic,3,11,Ge,Tin,7,0.5,1.0,1.0,Dhi Dhi
Shiva Taal,1,Basic,3,12,Ge-B,Tin,7,0.5,1.0,1.0,
Shiva Taal,1,Basic,3,13,,Na,8,0.5,1.0,1.0,Na Dhi
Shiva Taal,1,Basic,3,14,Ge,Tin,8,0.5,1.0,1.0,
Shiva Taal,1,Basic,3,15,Ge-B,Tin,9,0.5,1.0,1.0,Dhi Na
Shiva Taal,1,Basic,3,16,,Na,9,0.5,1.0,1.0,
Shiva Taal,2,Pro Default,1,1,Ge-S,TinFull,1,1.0,1.0,1.0,Dhin
Shiva Taal,2,Pro Default,1,2,Ge-S,TinFull,2,1.0,1.0,1.0,Dhin
Shiva Taal,2,Pro Default,1,3,Ge,Ta,3,0.5,1.0,1.0,Dha Ge
Shiva Taal,2,Pro Default,1,4,Ge-B,,3,0.5,0.5,1.0,
Shiva Taal,2,Pro Default,1,5,,Ti,4,0.25,1.0,1.0,TiRaKiTa
Shiva Taal,2,Pro Default,1,6,,Ra,4,0.25,1.0,1.0,
Shiva Taal,2,Pro Default,1,7,Ki,,4,0.25,1.0,1.0,
Shiva Taal,2,Pro Default,1,8,,TTa,4,0.25,1.0,1.0,
Shiva Taal,2,Pro Default,1,9,Ka,Tu,5,0.5,1.0,1.0,Tu NaNa
Shiva Taal,2,Pro Default,1,10,,Na,5,0.25,1.0,1.0,
Shiva Taal,2,Pro Default,1,11,,Na,5,0.25,1.0,1.0,
Shiva Taal,2,Pro Default,1,12,Kat,,6,0.5,1.0,1.0,Kat Ta
Shiva Taal,2,Pro Default,1,13,,TinFull,6,0.5,1.0,1.0,
Shiva Taal,2,Pro Default,1,14,Ge-F,TinFull,7,0.5,1.0,1.0,Dhi Dhi
Shiva Taal,2,Pro Default,1,15,Ge-LT6,Tin,7,0.5,1.0,1.0,
Shiva Taal,2,Pro Default,1,16,,Na,8,0.5,1.0,1.0,Na Dhi
Shiva Taal,2,Pro Default,1,17,Ge-F,TinFull,8,0.5,1.0,1.0,
Shiva Taal,2,Pro Default,1,18,Ge-LT6,Tin,9,0.5,1.0,1.0,Dhi Na
Shiva Taal,2,Pro Default,1,19,,Na,9,0.5,1.0,1.0,
Shiva Taal,2,Pro Default,2,1,Ge,TinFull,1,1.0,1.0,1.0,Dhin
Shiva Taal,2,Pro Default,2,2,Ge-LT6,Tin,2,1.0,1.0,1.0,Dhin
Shiva Taal,2,Pro Default,2,3,Ge,Ta,3,0.5,1.0,1.0,Dha Ge
Shiva Taal,2,Pro Default,2,4,Ge-B,,3,0.5,0.5,1.0,
Shiva Taal,2,Pro Default,2,5,,Ti,4,0.25,1.0,1.0,TiRaKiTa
Shiva Taal,2,Pro Default,2,6,,Ra,4,0.25,1.0,1.0,
Shiva Taal,2,Pro Default,2,7,Ki,,4,0.25,1.0,1.0,
Shiva Taal,2,Pro Default,2,8,,TTa,4,0.25,1.0,1.0,
Shiva Taal,2,Pro Default,2,9,Ka,Tu,5,0.5,1.0,1.0,Tu Na
Shiva Taal,2,Pro Default,2,10,,Na,5,0.5,1.0,1.0,
Shiva Taal,2,Pro Default,2,11,Kat,,6,0.5,1.0,1.0,Kat Ta
Shiva Taal,2,Pro Default,2,12,,TinFull,6,0.5,1.0,1.0,
Shiva Taal,2,Pro Default,2,13,Ge-F,TinFull,7,0.5,1.0,1.0,Dhi Dhi
Shiva Taal,2,Pro Default,2,14,Ge-B,Tin,7,0.5,1.0,1.0,
Shiva Taal,2,Pro Default,2,15,,Na,8,0.5,1.0,1.0,Na Dhi
Shiva Taal,2,Pro Default,2,16,Ge-F,TinFull,8,0.5,1.0,1.0,
Shiva Taal,2,Pro Default,2,17,Ge-B,Tin,9,0.5,1.0,1.0,Dhi Na
Shiva Taal,2,Pro Default,2,18,,Na,9,0.5,1.0,1.0,
Shiva Taal,2,Pro Default,3,1,Ge,TinFull,1,1.0,1.0,1.0,Dhin
Shiva Taal,2,Pro Default,3,2,Ge-LT6,Tin,2,1.0,1.0,1.0,Dhin
Shiva Taal,2,Pro Default,3,3,Ge,Ta,3,0.5,1.0,1.0,Dha Ge
Shiva Taal,2,Pro Default,3,4,Ge-B,,3,0.5,0.5,1.0,
Shiva Taal,2,Pro Default,3,5,,Ti,4,0.5,1.0,1.0,TiTa
Shiva Taal,2,Pro Default,3,6,,TTa,4,0.5,1.0,1.0,
Shiva Taal,2,Pro Default,3,7,Ka,Tu,5,0.5,1.0,1.0,Tu Na
Shiva Taal,2,Pro Default,3,8,,Na,5,0.5,1.0,1.0,
Shiva Taal,2,Pro Default,3,9,Kat,,6,0.5,1.0,1.0,Kat Ta
Shiva Taal,2,Pro Default,3,10,,TinFull,6,0.5,1.0,1.0,
Shiva Taal,2,Pro Default,3,11,Ge-F,Tin,7,0.5,1.0,1.0,Dhi Dhi
Shiva Taal,2,Pro Default,3,12,Ge-B,Tin,7,0.5,1.0,1.0,
Shiva Taal,2,Pro Default,3,13,,Na,8,0.5,1.0,1.0,Na Dhi
Shiva Taal,2,Pro Default,3,14,Ge-F,Tin,8,0.5,1.0,1.0,
Shiva Taal,2,Pro Default,3,15,Ge-B,Tin,9,0.5,1.0,1.0,Dhi Na
Shiva Taal,2,Pro Default,3,16,,Na,9,0.5,1.0,1.0,
Shiva Taal,3,Variation #1,1,1,Ge-S,TinFull,1,1.0,1.0,1.0,Dhin
Shiva Taal,3,Variation #1,1,2,Ge-S,TinFull,2,1.0,1.0,1.0,Dhin
Shiva Taal,3,Variation #1,1,3,Ge,Ta,3,0.5,1.0,1.0,Dha Ge
Shiva Taal,3,Variation #1,1,4,Ge-B,,3,0.5,0.5,1.0,
Shiva Taal,3,Variation #1,1,5,,Ti,4,0.25,1.0,1.0,TiRaKiTa
Shiva Taal,3,Variation #1,1,6,,Ra,4,0.25,1.0,1.0,
Shiva Taal,3,Variation #1,1,7,Ki,,4,0.25,1.0,1.0,
Shiva Taal,3,Variation #1,1,8,,TTa,4,0.25,1.0,1.0,
Shiva Taal,3,Variation #1,1,9,Ka,Tu,5,0.5,1.0,1.0,Tu NaNa
Shiva Taal,3,Variation #1,1,10,,Na,5,0.25,1.0,1.0,
Shiva Taal,3,Variation #1,1,11,,Na,5,0.25,1.0,1.0,
Shiva Taal,3,Variation #1,1,12,Kat,,6,0.5,1.0,1.0,Kat Ta
Shiva Taal,3,Variation #1,1,13,,TinFull,6,0.5,1.0,1.0,
Shiva Taal,3,Variation #1,1,14,Ge-LT6,TinFull,7,0.75,1.0,1.0,Dhin--Dha
Shiva Taal,3,Variation #1,1,15,Ge,Ta,7,0.25,1.0,1.0,
Shiva Taal,3,Variation #1,1,16,,,8,0.25,1.0,1.0,-KDaDhin-
Shiva Taal,3,Variation #1,1,17,,KDa,8,0.25,1.0,1.0,
Shiva Taal,3,Variation #1,1,18,Ge-LT6,TinFull,8,0.5,1.0,1.0,
Shiva Taal,3,Variation #1,1,19,,,9,0.25,1.0,1.0,-Dha-KDa
Shiva Taal,3,Variation #1,1,20,Ge,Ta,9,0.5,1.0,1.0,
Shiva Taal,3,Variation #1,1,21,,KDa,9,0.25,1.0,1.0,
Shiva Taal,3,Variation #1,2,1,Ge,TinFull,1,1.0,1.0,1.0,Dhin
Shiva Taal,3,Variation #1,2,2,Ge-LT6,Tin,2,1.0,1.0,1.0,Dhin
Shiva Taal,3,Variation #1,2,3,Ge,Ta,3,0.5,1.0,1.0,Dha Ge
Shiva Taal,3,Variation #1,2,4,Ge-B,,3,0.5,0.5,1.0,
Shiva Taal,3,Variation #1,2,5,,Ti,4,0.25,1.0,1.0,TiRaKiTa
Shiva Taal,3,Variation #1,2,6,,Ra,4,0.25,1.0,1.0,
Shiva Taal,3,Variation #1,2,7,Ki,,4,0.25,1.0,1.0,
Shiva Taal,3,Variation #1,2,8,,TTa,4,0.25,1.0,1.0,
Shiva Taal,3,Variation #1,2,9,Ka,Tu,5,0.5,1.0,1.0,Tu Na
Shiva Taal,3,Variation #1,2,10,,Na,5,0.5,1.0,1.0,
Shiva Taal,3,Variation #1,2,11,Kat,,6,0.5,1.0,1.0,Kat Ta
Shiva Taal,3,Variation #1,2,12,,TinFull,6,0.5,1.0,1.0,
Shiva Taal,3,Variation #1,2,13,Ge-LT6,TinFull,7,0.75,1.0,1.0,Dhin--Dha
Shiva Taal,3,Variation #1,2,14,Ge,Ta,7,0.25,1.0,1.0,
Shiva Taal,3,Variation #1,2,15,,,8,0.25,1.0,1.0,-KDaDhin-
Shiva Taal,3,Variation #1,2,16,,KDa,8,0.25,1.0,1.0,
Shiva Taal,3,Variation #1,2,17,Ge-LT6,TinFull,8,0.5,1.0,1.0,
Shiva Taal,3,Variation #1,2,18,,,9,0.25,1.0,1.0,-Dha-KDa
Shiva Taal,3,Variation #1,2,19,Ge,Ta,9,0.5,1.0,1.0,
Shiva Taal,3,Variation #1,2,20,,KDa,9,0.25,1.0,1.0,
Shiva Taal,3,Variation #1,3,1,Ge,TinFull,1,1.0,1.0,1.0,Dhin
Shiva Taal,3,Variation #1,3,2,Ge-B,Tin,2,1.0,1.0,1.0,Dhin
Shiva Taal,3,Variation #1,3,3,Ge,Ta,3,0.5,1.0,1.0,Dha Ge
Shiva Taal,3,Variation #1,3,4,Ge-B,,3,0.5,1.0,1.0,
Shiva Taal,3,Variation #1,3,5,,Ti,4,0.5,1.0,1.0,TiTa
Shiva Taal,3,Variation #1,3,6,,TTa,4,0.5,1.0,1.0,
Shiva Taal,3,Variation #1,3,7,Ka,Tu,5,0.5,1.0,1.0,Tu Na
Shiva Taal,3,Variation #1,3,8,,Na,5,0.5,1.0,1.0,
Shiva Taal,3,Variation #1,3,9,Kat,,6,0.5,1.0,1.0,Kat Ta
Shiva Taal,3,Variation #1,3,10,,TinFull,6,0.5,1.0,1.0,
Shiva Taal,3,Variation #1,3,11,Ge-B,TinFull,7,0.75,1.0,1.0,Dhin--Dha
Shiva Taal,3,Variation #1,3,12,Ge,Ta,7,0.25,1.0,1.0,
Shiva Taal,3,Variation #1,3,13,,,8,0.25,1.0,1.0,-KDaDhin-
Shiva Taal,3,Variation #1,3,14,,KDa,8,0.25,1.0,1.0,
Shiva Taal,3,Variation #1,3,15,Ge-B,TinFull,8,0.5,1.0,1.0,
Shiva Taal,3,Variation #1,3,16,,,9,0.25,1.0,1.0,-Dha-KDa
Shiva Taal,3,Variation #1,3,17,Ge,Ta,9,0.5,1.0,1.0,
Shiva Taal,3,Variation #1,3,18,,KDa,9,0.25,1.0,1.0,
Kalawati,1,Basic,1,1,Ge-B,TinFull,1,1.0,1.0,1.0,Dhin
Kalawati,1,Basic,1,2,,Ti,2,0.25,1.0,1.0,TiRaKiTa
Kalawati,1,Basic,1,3,,Ra,2,0.25,1.0,1.0,
Kalawati,1,Basic,1,4,Ki,,2,0.25,1.0,1.0,
Kalawati,1,Basic,1,5,,TTa,2,0.25,1.0,1.0,
Kalawati,1,Basic,1,6,Ge-S,TinFull,3,1.0,1.0,1.0,Dhin
Kalawati,1,Basic,1,7,,Na,4,1.0,1.0,1.0,Na
Kalawati,1,Basic,1,8,Ka,Tu,5,1.0,1.0,1.0,Tu
Kalawati,1,Basic,1,9,,Na,6,0.5,1.0,1.0,Na Na
Kalawati,1,Basic,1,10,,Na,6,0.5,1.0,1.0,
Kalawati,1,Basic,1,11,Kat,,7,1.0,1.0,1.0,Kat
Kalawati,1,Basic,1,12,,TinFull,8,1.0,1.0,1.0,Ta
Kalawati,1,Basic,1,13,Ge,TinFull,9,0.5,1.0,1.0,Dhi Dhi
Kalawati,1,Basic,1,14,Ge-LT6,Tin,9,0.5,1.0,1.0,
Kalawati,1,Basic,1,15,,Na,10,0.5,1.0,1.0,Na
Kalawati,1,Basic,2,1,Ge,TinFull,1,1.0,1.0,1.0,Dhin
Kalawati,1,Basic,2,2,,Ti,2,0.25,1.0,1.0,TiRaKiTa
Kalawati,1,Basic,2,3,,Ra,2,0.25,1.0,1.0,
Kalawati,1,Basic,2,4,Ki,,2,0.25,1.0,1.0,
Kalawati,1,Basic,2,5,,TTa,2,0.25,1.0,1.0,
Kalawati,1,Basic,2,6,Ge-LT6,TinFull,3,1.0,1.0,1.0,Dhin
Kalawati,1,Basic,2,7,,Na,4,1.0,1.0,1.0,Na
Kalawati,1,Basic,2,8,Ka,Tu,5,1.0,1.0,1.0,Tu
Kalawati,1,Basic,2,9,,Na,6,1.0,1.0,1.0,Na
Kalawati,1,Basic,2,10,Kat,,7,1.0,1.0,1.0,Kat
Kalawati,1,Basic,2,11,,TinFull,8,1.0,1.0,1.0,Ta
Kalawati,1,Basic,2,12,Ge,TinFull,9,0.5,1.0,1.0,Dhi Dhi
Kalawati,1,Basic,2,13,Ge-B,Tin,9,0.5,1.0,1.0,
Kalawati,1,Basic,2,14,,Na,10,0.5,1.0,1.0,Na
Kalawati,1,Basic,3,1,Ge,TinFull,1,1.0,1.0,1.0,Dhin
Kalawati,1,Basic,3,2,,Ti,2,0.5,1.0,1.0,TiTa
Kalawati,1,Basic,3,3,,TTa,2,0.5,1.0,1.0,
Kalawati,1,Basic,3,4,Ge-B,TinFull,3,1.0,1.0,1.0,Dhin
Kalawati,1,Basic,3,5,,Na,4,1.0,1.0,1.0,Na
Kalawati,1,Basic,3,6,Ka,Tu,5,1.0,1.0,1.0,Tu
Kalawati,1,Basic,3,7,,Na,6,1.0,1.0,1.0,Na
Kalawati,1,Basic,3,8,Kat,,7,1.0,1.0,1.0,Kat
Kalawati,1,Basic,3,9,,TinFull,8,1.0,1.0,1.0,Ta
Kalawati,1,Basic,3,10,Ge,Tin,9,0.5,1.0,1.0,Dhi Dhi
Kalawati,1,Basic,3,11,Ge-B,Tin,9,0.5,1.0,1.0,
Kalawati,1,Basic,3,12,,Na,10,0.5,1.0,1.0,Na
Kalawati,2,Pro Default,1,1,Ge-S,TinFull,1,1.0,1.0,1.0,Dhin
Kalawati,2,Pro Default,1,2,,Ti,2,0.25,1.0,1.0,TiRaKiTa
Kalawati,2,Pro Default,1,3,,Ra,2,0.25,1.0,1.0,
Kalawati,2,Pro Default,1,4,Ki,,2,0.25,1.0,1.0,
Kalawati,2,Pro Default,1,5,,TTa,2,0.25,1.0,1.0,
Kalawati,2,Pro Default,1,6,Ge-S,TinFull,3,1.0,1.0,1.0,Dhin
Kalawati,2,Pro Default,1,7,,Na,4,0.75,1.0,1.0,Na
Kalawati,2,Pro Default,1,8,,TiL,4,0.25,1.0,1.0,
Kalawati,2,Pro Default,1,9,Ka,Tu,5,1.0,1.0,1.0,Tu
Kalawati,2,Pro Default,1,10,,Na,6,0.5,1.0,1.0,Na Na
Kalawati,2,Pro Default,1,11,,Na,6,0.5,1.0,1.0,
Kalawati,2,Pro Default,1,12,Kat,,7,1.0,1.0,1.0,Kat
Kalawati,2,Pro Default,1,13,,TinFull,8,1.0,1.0,1.0,Ta
Kalawati,2,Pro Default,1,14,Ge-F,TinFull,9,0.5,1.0,1.0,Dhi Dhi
Kalawati,2,Pro Default,1,15,Ge-LT6,Tin,9,0.5,1.0,1.0,
Kalawati,2,Pro Default,1,16,,Na,10,0.5,1.0,1.0,Na
Kalawati,2,Pro Default,2,1,Ge,TinFull,1,1.0,1.0,1.0,Dhin
Kalawati,2,Pro Default,2,2,,Ti,2,0.25,1.0,1.0,TiRaKiTa
Kalawati,2,Pro Default,2,3,,Ra,2,0.25,1.0,1.0,
Kalawati,2,Pro Default,2,4,Ki,,2,0.25,1.0,1.0,
Kalawati,2,Pro Default,2,5,,TTa,2,0.25,1.0,1.0,
Kalawati,2,Pro Default,2,6,Ge-LT6,TinFull,3,1.0,1.0,1.0,Dhin
Kalawati,2,Pro Default,2,7,,Na,4,0.5,1.0,1.0,Na
Kalawati,2,Pro Default,2,8,,TiL,4,0.5,1.0,0.5,
Kalawati,2,Pro Default,2,9,Ka,Tu,5,1.0,1.0,1.0,Tu
Kalawati,2,Pro Default,2,10,,Na,6,0.5,1.0,1.0,Na Na
Kalawati,2,Pro Default,2,11,,Na,6,0.5,1.0,1.0,
Kalawati,2,Pro Default,2,12,Kat,,7,1.0,1.0,1.0,Kat
Kalawati,2,Pro Default,2,13,,TinFull,8,1.0,1.0,1.0,Ta
Kalawati,2,Pro Default,2,14,Ge-F,TinFull,9,0.5,1.0,1.0,Dhi Dhi
Kalawati,2,Pro Default,2,15,Ge-B,Tin,9,0.5,1.0,1.0,
Kalawati,2,Pro Default,2,16,,Na,10,0.5,1.0,1.0,Na
Kalawati,2,Pro Default,3,1,Ge,Tin,1,1.0,1.0,1.0,Dhin
Kalawati,2,Pro Default,3,2,,Ti,2,0.5,1.0,1.0,TiTa
Kalawati,2,Pro Default,3,3,,TTa,2,0.5,1.0,1.0,
Kalawati,2,Pro Default,3,4,Ge-B,Tin,3,1.0,1.0,1.0,Dhin
Kalawati,2,Pro Default,3,5,,Na,4,1.0,1.0,1.0,Na
Kalawati,2,Pro Default,3,6,Ka,Tu,5,1.0,1.0,1.0,Tu
Kalawati,2,Pro Default,3,7,,Na,6,1.0,1.0,1.0,Na
Kalawati,2,Pro Default,3,8,Kat,,7,1.0,1.0,1.0,Kat
Kalawati,2,Pro Default,3,9,,TinFull,8,1.0,1.0,1.0,Ta
Kalawati,2,Pro Default,3,10,Ge-F,Tin,9,0.5,1.0,1.0,Dhi Dhi
Kalawati,2,Pro Default,3,11,Ge-B,Tin,9,0.5,1.0,1.0,
Kalawati,2,Pro Default,3,12,,Na,10,0.5,1.0,1.0,Na
Sunand Taal,1,Basic,1,1,Ge,TinFull,1,0.75,1.0,1.0,Dhin
Sunand Taal,1,Basic,1,2,,TiL,1,0.25,1.0,1.0,
Sunand Taal,1,Basic,1,3,,Na,2,0.75,1.0,1.0,Na
Sunand Taal,1,Basic,1,4,,TiL,2,0.25,1.0,1.0,
Sunand Taal,1,Basic,1,5,Ge-S,TinFull,3,0.75,1.0,1.0,Dhin
Sunand Taal,1,Basic,1,6,,TiL,3,0.25,1.0,1.0,
Sunand Taal,1,Basic,1,7,Ge-S,TinFull,4,0.75,1.0,1.0,Dhin
Sunand Taal,1,Basic,1,8,,TiL,4,0.25,1.0,1.0,
Sunand Taal,1,Basic,1,9,,Na,5,0.75,1.0,1.0,Na
Sunand Taal,1,Basic,1,10,,TiL,5,0.25,1.0,1.0,
Sunand Taal,1,Basic,1,11,Ka,TinFull,6,0.75,1.0,1.0,Tin
Sunand Taal,1,Basic,1,12,,TiL,6,0.25,1.0,1.0,
Sunand Taal,1,Basic,1,13,,Na,7,0.75,1.0,1.0,Na
Sunand Taal,1,Basic,1,14,,TiL,7,0.25,1.0,1.0,
Sunand Taal,1,Basic,1,15,Ge-B,TinFull,8,0.5,1.0,1.0,Dhi Na
Sunand Taal,1,Basic,1,16,,Na,8,0.5,1.0,1.0,
Sunand Taal,1,Basic,1,17,Ge,TinFull,9,0.5,1.0,1.0,Dhi Dhi
Sunand Taal,1,Basic,1,18,Ge-B,Tin,9,0.5,1.0,1.0,
Sunand Taal,1,Basic,1,19,,Na,10,0.5,1.0,1.0,Na
Sunand Taal,1,Basic,2,1,Ge,TinFull,1,1.0,1.0,1.0,Dhin
Sunand Taal,1,Basic,2,2,,Na,2,0.5,1.0,1.0,Na
Sunand Taal,1,Basic,2,3,,TiL,2,0.5,1.0,0.5,
Sunand Taal,1,Basic,2,4,Ge,TinFull,3,1.0,1.0,1.0,Dhin
Sunand Taal,1,Basic,2,5,Ge-LT6,TinFull,4,1.0,1.0,1.0,Dhin
Sunand Taal,1,Basic,2,6,,Na,5,0.5,1.0,1.0,Na
Sunand Taal,1,Basic,2,7,,TiL,5,0.5,1.0,0.5,
Sunand Taal,1,Basic,2,8,Ka,TinFull,6,1.0,1.0,1.0,Tin
Sunand Taal,1,Basic,2,9,,Na,7,0.5,1.0,1.0,Na
Sunand Taal,1,Basic,2,10,,TiL,7,0.5,1.0,0.5,
Sunand Taal,1,Basic,2,11,Ge-B,TinFull,8,0.5,1.0,1.0,Dhi Na
Sunand Taal,1,Basic,2,12,,Na,8,0.5,1.0,1.0,
Sunand Taal,1,Basic,2,13,Ge,TinFull,9,0.5,1.0,1.0,Dhi Dhi
Sunand Taal,1,Basic,2,14,Ge-B,Tin,9,0.5,1.0,1.0,
Sunand Taal,1,Basic,2,15,,Na,10,0.5,1.0,1.0,Na
Sunand Taal,1,Basic,3,1,Ge,TinFull,1,1.0,1.0,1.0,Dhin
Sunand Taal,1,Basic,3,2,,Na,2,0.5,1.0,1.0,Na
Sunand Taal,1,Basic,3,3,,TiL,2,0.5,1.0,0.5,
Sunand Taal,1,Basic,3,4,Ge,TinFull,3,1.0,1.0,1.0,Dhin
Sunand Taal,1,Basic,3,5,Ge-B,TinFull,4,1.0,1.0,1.0,Dhin
Sunand Taal,1,Basic,3,6,,Na,5,0.5,1.0,1.0,Na
Sunand Taal,1,Basic,3,7,,TiL,5,0.5,1.0,0.5,
Sunand Taal,1,Basic,3,8,Ka,TinFull,6,1.0,1.0,1.0,Tin
Sunand Taal,1,Basic,3,9,,Na,7,0.5,1.0,1.0,Na
Sunand Taal,1,Basic,3,10,,TiL,7,0.5,1.0,0.5,
Sunand Taal,1,Basic,3,11,Ge-B,TinFull,8,0.5,1.0,1.0,Dhi Na
Sunand Taal,1,Basic,3,12,,Na,8,0.5,1.0,1.0,
Sunand Taal,1,Basic,3,13,Ge,TinFull,9,0.5,1.0,1.0,Dhi Dhi
Sunand Taal,1,Basic,3,14,Ge-B,Tin,9,0.5,1.0,1.0,
Sunand Taal,1,Basic,3,15,,Na,10,0.5,1.0,1.0,Na
Sunand Taal,2,Pro Default,1,1,Ge,TinFull,1,0.75,1.0,1.0,Dhin
Sunand Taal,2,Pro Default,1,2,,TiL,1,0.25,1.0,1.0,
Sunand Taal,2,Pro Default,1,3,,Na,2,0.75,1.0,1.0,Na
Sunand Taal,2,Pro Default,1,4,,TiL,2,0.25,1.0,1.0,
Sunand Taal,2,Pro Default,1,5,Ge-S,TinFull,3,0.75,1.0,1.0,Dhin
Sunand Taal,2,Pro Default,1,6,,KDa,3,0.25,1.0,1.0,
Sunand Taal,2,Pro Default,1,7,Ge,TinFull,4,0.5,1.0,1.0,Dhi Dhi
Sunand Taal,2,Pro Default,1,8,Ge-LT6,Tin,4,0.5,1.0,1.0,
Sunand Taal,2,Pro Default,1,9,,Na,5,0.5,1.0,1.0,Na
Sunand Taal,2,Pro Default,1,10,,TiTaL,5,0.5,1.0,1.0,
Sunand Taal,2,Pro Default,1,11,Ka,TinFull,6,0.75,1.0,1.0,Tin
Sunand Taal,2,Pro Default,1,12,,TiL,6,0.25,1.0,1.0,
Sunand Taal,2,Pro Default,1,13,,Na,7,0.75,1.0,1.0,Na
Sunand Taal,2,Pro Default,1,14,,TiL,7,0.25,1.0,1.0,
Sunand Taal,2,Pro Default,1,15,Ge-B,TinFull,8,0.5,1.0,1.0,Dhi Na
Sunand Taal,2,Pro Default,1,16,,Na,8,0.5,1.0,1.0,
Sunand Taal,2,Pro Default,1,17,Ge,TinFull,9,0.5,1.0,1.0,Dhi Dhi
Sunand Taal,2,Pro Default,1,18,Ge-LT6,Tin,9,0.5,1.0,1.0,
Sunand Taal,2,Pro Default,1,19,,Na,10,0.5,1.0,1.0,Na
Sunand Taal,2,Pro Default,2,1,Ge,TinFull,1,1.0,1.0,1.0,Dhin
Sunand Taal,2,Pro Default,2,2,,Na,2,0.5,1.0,1.0,Na
Sunand Taal,2,Pro Default,2,3,,TiL,2,0.5,1.0,0.5,
Sunand Taal,2,Pro Default,2,4,Ge,TinFull,3,0.75,1.0,1.0,Dhin
Sunand Taal,2,Pro Default,2,5,,KDa,3,0.25,1.0,0.75,
Sunand Taal,2,Pro Default,2,6,Ge-B,TinFull,4,0.5,1.0,1.0,Dhi Dhi
Sunand Taal,2,Pro Default,2,7,Ge-F,Tin,4,0.5,1.0,1.0,
Sunand Taal,2,Pro Default,2,8,,Na,5,0.5,1.0,1.0,Na
Sunand Taal,2,Pro Default,2,9,,TiL,5,0.5,1.0,1.0,
Sunand Taal,2,Pro Default,2,10,Ka,TinFull,6,1.0,1.0,1.0,Tin
Sunand Taal,2,Pro Default,2,11,,Na,7,0.5,1.0,1.0,Na
Sunand Taal,2,Pro Default,2,12,,TiL,7,0.5,1.0,0.5,
Sunand Taal,2,Pro Default,2,13,Ge-B,TinFull,8,0.5,1.0,1.0,Dhi Na
Sunand Taal,2,Pro Default,2,14,,Na,8,0.5,1.0,1.0,
Sunand Taal,2,Pro Default,2,15,Ge-F,TinFull,9,0.5,1.0,1.0,Dhi Dhi
Sunand Taal,2,Pro Default,2,16,Ge-B,Tin,9,0.5,1.0,1.0,
Sunand Taal,2,Pro Default,2,17,,Na,10,0.5,1.0,1.0,Na
Sunand Taal,2,Pro Default,3,1,Ge,TinFull,1,1.0,1.0,1.0,Dhin
Sunand Taal,2,Pro Default,3,2,,Na,2,0.5,1.0,1.0,Na
Sunand Taal,2,Pro Default,3,3,,TiL,2,0.5,1.0,0.5,
Sunand Taal,2,Pro Default,3,4,Ge-LT6,TinFull,3,1.0,1.0,1.0,Dhin
Sunand Taal,2,Pro Default,3,5,Ge,Tin,4,1.0,1.0,1.0,Dhin
Sunand Taal,2,Pro Default,3,6,,Na,5,0.5,1.0,1.0,Na
Sunand Taal,2,Pro Default,3,7,,TiL,5,0.5,1.0,0.5,
Sunand Taal,2,Pro Default,3,8,Ka,TinFull,6,1.0,1.0,1.0,Tin
Sunand Taal,2,Pro Default,3,9,,Na,7,0.5,1.0,1.0,Na
Sunand Taal,2,Pro Default,3,10,,TiL,7,0.5,1.0,0.5,
Sunand Taal,2,Pro Default,3,11,Ge-B,TinFull,8,0.5,1.0,1.0,Dhi Na
Sunand Taal,2,Pro Default,3,12,,Na,8,0.5,1.0,1.0,
Sunand Taal,2,Pro Default,3,13,Ge-F,TinFull,9,0.5,1.0,1.0,Dhi Dhi
Sunand Taal,2,Pro Default,3,14,Ge-B,Tin,9,0.5,1.0,1.0,
Sunand Taal,2,Pro Default,3,15,,Na,10,0.5,1.0,1.0,Na
Jhaptaal,1,Basic,0,1,Ge-Sam,TinFull,1,0.75,1.0,1.0,Dhin
Jhaptaal,1,Basic,0,2,,TiTaL,1,0.25,1.0,0.5,
Jhaptaal,1,Basic,0,3,,Na,2,0.5,1.0,1.0,Na Na
Jhaptaal,1,Basic,0,4,,Na,2,0.25,1.0,0.75,
Jhaptaal,1,Basic,0,5,,TiL,2,0.25,1.0,1.0,
Jhaptaal,1,Basic,0,6,Ge-S,TinFull,3,0.75,1.0,1.0,Dhin
Jhaptaal,1,Basic,0,7,,TiTaL,3,0.25,1.0,1.0,
Jhaptaal,1,Basic,0,8,Ge-S,TinFull,4,0.75,1.0,1.0,Dhin
Jhaptaal,1,Basic,0,9,,TiTaL,4,0.25,1.0,1.0,
Jhaptaal,1,Basic,0,10,,Na,5,0.5,1.0,1.25,Na Na
Jhaptaal,1,Basic,0,11,,Na,5,0.25,1.0,0.75,
Jhaptaal,1,Basic,0,12,,TiL,5,0.25,1.0,1.0,
Jhaptaal,1,Basic,0,13,Kat,TinFull,6,0.75,1.0,1.0,Tin
Jhaptaal,1,Basic,0,14,,TiTaL,6,0.25,1.0,1.0,
Jhaptaal,1,Basic,0,15,,Na,7,0.5,1.0,1.0,Na
Jhaptaal,1,Basic,0,16,,Na,7,0.25,1.0,0.75,
Jhaptaal,1,Basic,0,17,,TiL,7,0.25,1.0,1.0,
Jhaptaal,1,Basic,0,18,Ge-S,TinFull,8,0.75,1.0,1.0,Dhin
Jhaptaal,1,Basic,0,19,,TiTaL,8,0.25,1.0,1.0,
Jhaptaal,1,Basic,0,20,Ge-S,TinFull,9,0.75,1.0,1.0,Dhin
Jhaptaal,1,Basic,0,21,,TiTaL,9,0.25,1.0,1.0,
Jhaptaal,1,Basic,0,22,Ge,Ta,10,0.5,1.0,1.0,Dha Dha
Jhaptaal,1,Basic,0,23,Ge-LT6,Ta,10,0.25,0.75,0.75,
Jhaptaal,1,Basic,0,24,,TaKa,10,0.25,1.0,1.0,
Jhaptaal,1,Basic,1,1,Ge-Sam,TinFull,1,0.75,1.0,1.0,Dhin
Jhaptaal,1,Basic,1,2,,TiL,1,0.25,1.0,1.0,
Jhaptaal,1,Basic,1,3,,Na,2,0.75,1.0,1.0,Na
Jhaptaal,1,Basic,1,4,,TiL,2,0.25,1.0,1.0,
Jhaptaal,1,Basic,1,5,Ge-S,TinFull,3,0.75,1.0,1.0,Dhin
Jhaptaal,1,Basic,1,6,,TiL,3,0.25,1.0,1.0,
Jhaptaal,1,Basic,1,7,Ge-S,TinFull,4,1.0,1.0,1.0,Dhin
Jhaptaal,1,Basic,1,8,,Na,5,0.5,1.0,0.75,Na Na
Jhaptaal,1,Basic,1,9,,Na,5,0.5,1.0,0.75,
Jhaptaal,1,Basic,1,10,Ka,TinFull,6,0.75,1.0,1.0,Tin
Jhaptaal,1,Basic,1,11,,TiL,6,0.25,1.0,1.0,
Jhaptaal,1,Basic,1,12,,Na,7,0.75,1.0,1.0,Na
Jhaptaal,1,Basic,1,13,,TiL,7,0.25,1.0,1.0,
Jhaptaal,1,Basic,1,14,Ge-S,TinFull,8,0.75,1.0,1.0,Dhin
Jhaptaal,1,Basic,1,15,,TiL,8,0.25,1.0,1.0,
Jhaptaal,1,Basic,1,16,Ge-S,TinFull,9,1.0,1.0,1.0,Dhin
Jhaptaal,1,Basic,1,17,,Na,10,0.5,1.0,1.0,Na Na
Jhaptaal,1,Basic,1,18,,Na,10,0.25,1.0,0.75,
Jhaptaal,1,Basic,1,19,,TiL,10,0.25,1.0,1.0,
Jhaptaal,1,Basic,2,1,Ge,TinFull,1,1.0,1.0,1.0,Dhin
Jhaptaal,1,Basic,2,2,,Na,2,0.5,1.0,0.75,Na
Jhaptaal,1,Basic,2,3,,TiL,2,0.5,1.0,0.5,
Jhaptaal,1,Basic,2,4,Ge,TinFull,3,1.0,1.0,1.0,Dhin
Jhaptaal,1,Basic,2,5,Ge-LT6,Tin,4,1.0,1.0,1.0,Dhin
Jhaptaal,1,Basic,2,6,,Na,5,0.5,1.0,0.75,Na
Jhaptaal,1,Basic,2,7,,TiL,5,0.5,1.0,0.5,
Jhaptaal,1,Basic,2,8,Ka,TinFull,6,1.0,1.0,1.0,Tin
Jhaptaal,1,Basic,2,9,,Na,7,0.5,1.0,0.75,Na
Jhaptaal,1,Basic,2,10,,TiL,7,0.5,1.0,0.5,
Jhaptaal,1,Basic,2,11,Ge,TinFull,8,1.0,1.0,1.0,Dhin
Jhaptaal,1,Basic,2,12,Ge-B,Tin,9,1.0,1.0,1.0,Dhin
Jhaptaal,1,Basic,2,13,,Na,10,0.5,1.0,1.0,Na
Jhaptaal,1,Basic,2,14,,TiL,10,0.5,1.0,0.5,
Jhaptaal,1,Basic,3,1,Ge,TinFull,1,1.0,1.0,1.0,Dhin
Jhaptaal,1,Basic,3,2,,Na,2,1.0,1.0,0.75,Na
Jhaptaal,1,Basic,3,3,Ge,Tin,3,1.0,1.0,1.0,Dhin
Jhaptaal,1,Basic,3,4,Ge-B,Tin,4,1.0,1.0,1.0,Dhin
Jhaptaal,1,Basic,3,5,,Na,5,0.5,1.0,0.75,Na
Jhaptaal,1,Basic,3,6,,TiL,5,0.5,1.0,0.25,
Jhaptaal,1,Basic,3,7,Ka,TinFull,6,1.0,1.0,1.0,Tin
Jhaptaal,1,Basic,3,8,,Na,7,1.0,1.0,0.75,Na
Jhaptaal,1,Basic,3,9,Ge,Tin,8,1.0,1.0,1.0,Dhin
Jhaptaal,1,Basic,3,10,Ge-B,Tin,9,1.0,1.0,1.0,Dhin
Jhaptaal,1,Basic,3,11,,Na,10,0.5,1.0,1.0,Na
Jhaptaal,1,Basic,3,12,,TiL,10,0.5,1.0,0.25,
Jhaptaal,2,Pro Default,0,1,Ge-Sam,TinFull,1,0.75,1.0,1.0,Dhin
Jhaptaal,2,Pro Default,0,2,,TiTaL,1,0.25,1.0,0.5,
Jhaptaal,2,Pro Default,0,3,,Na,2,0.5,1.0,1.0,Na Na
Jhaptaal,2,Pro Default,0,4,,NaKa,2,0.25,0.5,0.75,
Jhaptaal,2,Pro Default,0,5,,TiTaL,2,0.25,1.0,1.0,
Jhaptaal,2,Pro Default,0,6,Ge-S,TinFull,3,0.75,1.0,1.0,Dhin
Jhaptaal,2,Pro Default,0,7,,TiTaL,3,0.25,1.0,1.0,
Jhaptaal,2,Pro Default,0,8,Ge,TinFull,4,0.375,1.0,1.0,Dhin Dhin
Jhaptaal,2,Pro Default,0,9,,KDa,4,0.125,1.0,0.5,
Jhaptaal,2,Pro Default,0,10,Ge-B,TinMed,4,0.25,1.0,1.0,
Jhaptaal,2,Pro Default,0,11,Ge-LT6,Tin,4,0.25,1.0,1.0,
Jhaptaal,2,Pro Default,0,12,,Na,5,0.5,1.0,1.25,Na Na
Jhaptaal,2,Pro Default,0,13,,NaKa,5,0.25,0.5,0.75,
Jhaptaal,2,Pro Default,0,14,,TiTaL,5,0.25,1.0,1.0,
Jhaptaal,2,Pro Default,0,15,Kat,TinFull,6,0.75,1.0,1.0,Tin
Jhaptaal,2,Pro Default,0,16,,TiTaL,6,0.25,1.0,1.0,
Jhaptaal,2,Pro Default,0,17,,Na,7,0.5,1.0,1.0,Na
Jhaptaal,2,Pro Default,0,18,,Na,7,0.25,1.0,0.75,
Jhaptaal,2,Pro Default,0,19,,Na,7,0.125,1.0,0.5,
Jhaptaal,2,Pro Default,0,20,,TiL,7,0.125,1.0,1.0,
Jhaptaal,2,Pro Default,0,21,Ge-S,TinFull,8,0.75,1.0,1.0,Dhin
Jhaptaal,2,Pro Default,0,22,,TiTaL,8,0.25,1.0,1.0,
Jhaptaal,2,Pro Default,0,23,Ge,TinFull,9,0.375,1.0,1.0,Dhin Dhin
Jhaptaal,2,Pro Default,0,24,,KDa,9,0.125,1.0,0.5,
Jhaptaal,2,Pro Default,0,25,Ge-B,TinMed,9,0.25,1.0,1.0,
Jhaptaal,2,Pro Default,0,26,Ge-LT6,Tin,9,0.25,1.0,1.0,
Jhaptaal,2,Pro Default,0,27,Ge,Ta,10,0.375,1.25,1.25,Dha Dha
Jhaptaal,2,Pro Default,0,28,,KDa,10,0.125,1.0,0.5,
Jhaptaal,2,Pro Default,0,29,Ge-LT6,Ta,10,0.25,1.0,1.0,
Jhaptaal,2,Pro Default,0,30,,TaKa,10,0.25,1.0,1.0,
Jhaptaal,2,Pro Default,1,1,Ge-Sam,TinFull,1,0.75,1.0,1.0,Dhin
Jhaptaal,2,Pro Default,1,2,,TiL,1,0.25,1.0,1.0,
Jhaptaal,2,Pro Default,1,3,,Na,2,0.5,1.0,1.0,Na
Jhaptaal,2,Pro Default,1,4,,TiTaL,2,0.5,1.0,1.0,
Jhaptaal,2,Pro Default,1,5,Ge-B,TinFull,3,0.75,1.0,1.0,Dhin
Jhaptaal,2,Pro Default,1,6,,KDa,3,0.25,1.0,1.0,
Jhaptaal,2,Pro Default,1,7,Ge,TinFull,4,0.5,1.0,1.0,Dhi Dhi
Jhaptaal,2,Pro Default,1,8,Ge-LT6,Tin,4,0.5,1.0,1.0,
Jhaptaal,2,Pro Default,1,9,,Na,5,0.25,1.0,1.0,Na
Jhaptaal,2,Pro Default,1,10,Ka,,5,0.25,0.5,1.0,
Jhaptaal,2,Pro Default,1,11,,TiTaL,5,0.5,1.0,0.75,
Jhaptaal,2,Pro Default,1,12,Kat,TinFull,6,0.75,1.0,1.0,Tin
Jhaptaal,2,Pro Default,1,13,,TiL,6,0.25,1.0,1.0,
Jhaptaal,2,Pro Default,1,14,,Na,7,0.5,1.0,1.0,Na
Jhaptaal,2,Pro Default,1,15,,TiTaL,7,0.5,1.0,1.0,
Jhaptaal,2,Pro Default,1,16,Ge-B,TinFull,8,0.75,1.0,1.0,Dhin
Jhaptaal,2,Pro Default,1,17,,KDa,8,0.25,1.0,1.0,
Jhaptaal,2,Pro Default,1,18,Ge,TinFull,9,0.5,1.0,1.0,Dhi Dhi
Jhaptaal,2,Pro Default,1,19,Ge-LT6,Tin,9,0.5,1.0,1.0,
Jhaptaal,2,Pro Default,1,20,,Na,10,0.5,1.0,1.0,Na Na
Jhaptaal,2,Pro Default,1,22,,Na,10,0.25,1.0,1.0,
Jhaptaal,2,Pro Default,1,23,,TiL,10,0.25,1.0,0.5,
Jhaptaal,2,Pro Default,2,1,Ge-Sam,TinFull,1,1.0,1.0,1.0,Dhin
Jhaptaal,2,Pro Default,2,2,,Na,2,0.5,1.0,0.75,Na
Jhaptaal,2,Pro Default,2,3,,TiL,2,0.5,1.0,0.5,
Jhaptaal,2,Pro Default,2,4,Ge,TinFull,3,0.75,1.0,1.0,Dhin
Jhaptaal,2,Pro Default,2,5,,KDa,3,0.25,1.0,0.75,
Jhaptaal,2,Pro Default,2,6,Ge-B,Tin,4,0.5,1.0,1.0,Dhi Dhi
Jhaptaal,2,Pro Default,2,7,Ge-F,Tin,4,0.5,0.5,1.0,
Jhaptaal,2,Pro Default,2,8,,Na,5,0.5,1.0,0.75,Na Na
Jhaptaal,2,Pro Default,2,9,,Na,5,0.5,1.0,0.5,
Jhaptaal,2,Pro Default,2,10,Ka,TinFull,6,1.0,1.0,1.0,Tin
Jhaptaal,2,Pro Default,2,11,,Na,7,0.5,1.0,0.75,Na
Jhaptaal,2,Pro Default,2,12,,TiL,7,0.5,1.0,0.5,
Jhaptaal,2,Pro Default,2,13,Ge,TinFull,8,0.75,1.0,1.0,Dhin
Jhaptaal,2,Pro Default,2,14,,KDa,8,0.25,1.0,0.75,
Jhaptaal,2,Pro Default,2,15,Ge-F,Tin,9,0.5,0.5,1.0,Dhi Dhi
Jhaptaal,2,Pro Default,2,16,Ge-B,Tin,9,0.5,1.0,1.0,
Jhaptaal,2,Pro Default,2,17,,Na,10,0.5,1.0,1.0,Na Na
Jhaptaal,2,Pro Default,2,18,,Na,10,0.5,1.0,0.5,
Jhaptaal,2,Pro Default,3,1,Ge,TinFull,1,1.0,1.0,1.0,Dhin
Jhaptaal,2,Pro Default,3,2,,Na,2,1.0,1.0,0.75,Na
Jhaptaal,2,Pro Default,3,3,Ge-LT6,Tin,3,1.0,1.0,1.0,Dhin
Jhaptaal,2,Pro Default,3,4,Ge,Tin,4,1.0,1.0,1.0,Dhin
Jhaptaal,2,Pro Default,3,5,,Na,5,0.5,1.0,0.75,Na
Jhaptaal,2,Pro Default,3,6,,TiL,5,0.5,1.0,0.25,
Jhaptaal,2,Pro Default,3,7,Ka,TinFull,6,1.0,1.0,1.0,Tin
Jhaptaal,2,Pro Default,3,8,,Na,7,1.0,1.0,0.75,Na
Jhaptaal,2,Pro Default,3,9,Ge-LT6,Tin,8,1.0,1.0,1.0,Dhin
Jhaptaal,2,Pro Default,3,10,Ge,Tin,9,1.0,1.0,1.0,Dhin
Jhaptaal,2,Pro Default,3,11,,Na,10,0.5,1.0,0.75,Na
Jhaptaal,2,Pro Default,3,12,,TiL,10,0.5,1.0,0.25,
Jhaptaal,3,Variation #1,0,1,Ge-Sam,TinFull,1,0.75,1.0,1.0,Dhin
Jhaptaal,3,Variation #1,0,2,,TiTaL,1,0.25,1.0,0.5,
Jhaptaal,3,Variation #1,0,3,,Na,2,0.5,1.0,1.0,Na Dhi
Jhaptaal,3,Variation #1,0,4,Ge-LT6,Tin,2,0.25,1.0,1.0,
Jhaptaal,3,Variation #1,0,5,,TiTaL,2,0.25,1.0,1.0,
Jhaptaal,3,Variation #1,0,6,Ge-S,TinFull,3,0.75,1.0,1.0,Dhin
Jhaptaal,3,Variation #1,0,7,,TiTaL,3,0.25,1.0,1.0,
Jhaptaal,3,Variation #1,0,8,Ge,TinFull,4,0.375,1.0,1.0,Dhin Dhin
Jhaptaal,3,Variation #1,0,9,,KDa,4,0.125,1.0,0.5,
Jhaptaal,3,Variation #1,0,10,Ge-B,TinMed,4,0.25,1.0,1.0,
Jhaptaal,3,Variation #1,0,11,Ge-LT6,Tin,4,0.25,1.0,1.0,
Jhaptaal,3,Variation #1,0,12,,Na,5,0.5,1.0,1.25,Na Ti
Jhaptaal,3,Variation #1,0,13,,Ti,5,0.25,1.0,0.75,
Jhaptaal,3,Variation #1,0,14,,TaKa,5,0.25,1.0,0.75,
Jhaptaal,3,Variation #1,0,15,Kat,TinFull,6,0.75,1.0,1.0,Tin
Jhaptaal,3,Variation #1,0,16,,TiTaL,6,0.25,1.0,1.0,
Jhaptaal,3,Variation #1,0,17,,Na,7,0.5,1.0,1.0,Na Dhin
Jhaptaal,3,Variation #1,0,18,Ge-LT6,Tin,7,0.25,1.0,1.0,
Jhaptaal,3,Variation #1,0,19,,TiTaL,7,0.25,1.0,1.0,
Jhaptaal,3,Variation #1,0,20,Ge-S,TinFull,8,0.75,1.0,1.0,Dhin
Jhaptaal,3,Variation #1,0,21,,TiTaL,8,0.25,1.0,1.0,
Jhaptaal,3,Variation #1,0,22,Ge,TinFull,9,0.375,1.0,1.0,Dhin Dhin
Jhaptaal,3,Variation #1,0,23,,KDa,9,0.125,1.0,0.5,
Jhaptaal,3,Variation #1,0,24,Ge-B,TinMed,9,0.25,1.0,1.0,
Jhaptaal,3,Variation #1,0,25,Ge-LT6,Tin,9,0.25,1.0,1.0,
Jhaptaal,3,Variation #1,0,26,,Na,10,0.5,1.25,1.25,Na Dhi
Jhaptaal,3,Variation #1,0,27,Ge-LT6,Tin,10,0.25,1.0,1.0,
Jhaptaal,3,Variation #1,0,28,,TaKa,10,0.25,1.0,1.0,
Jhaptaal,3,Variation #1,1,1,Ge-Sam,TinFull,1,0.75,1.0,1.0,Dhin
Jhaptaal,3,Variation #1,1,2,,TiL,1,0.25,1.0,1.0,
Jhaptaal,3,Variation #1,1,3,,Na,2,0.5,1.0,1.0,Na Dhi
Jhaptaal,3,Variation #1,1,4,Ge,TiL,2,0.5,0.25,0.5,
Jhaptaal,3,Variation #1,1,5,Ge-B,TinFull,3,0.75,1.0,1.0,Dhin
Jhaptaal,3,Variation #1,1,6,,KDa,3,0.25,1.0,1.0,
Jhaptaal,3,Variation #1,1,7,Ge,TinFull,4,0.5,1.0,1.0,Dhi Dhi
Jhaptaal,3,Variation #1,1,8,Ge-LT6,Tin,4,0.5,1.0,1.0,
Jhaptaal,3,Variation #1,1,9,,Na,5,0.25,1.0,1.0,Na
Jhaptaal,3,Variation #1,1,10,Ka,,5,0.25,0.5,1.0,
Jhaptaal,3,Variation #1,1,11,,TiTaL,5,0.5,1.0,1.0,
Jhaptaal,3,Variation #1,1,12,Ka,TinFull,6,0.75,1.0,1.0,Tin
Jhaptaal,3,Variation #1,1,13,,TiL,6,0.25,1.0,1.0,
Jhaptaal,3,Variation #1,1,14,,Na,7,0.5,1.0,1.0,Na Dhi
Jhaptaal,3,Variation #1,1,15,Ge,TiL,7,0.5,0.25,0.5,
Jhaptaal,3,Variation #1,1,16,Ge-B,TinFull,8,0.75,1.0,1.0,Dhin
Jhaptaal,3,Variation #1,1,17,,KDa,8,0.25,1.0,1.0,
Jhaptaal,3,Variation #1,1,18,Ge,TinFull,9,0.5,1.0,1.0,Dhi Dhi
Jhaptaal,3,Variation #1,1,19,Ge-LT6,Tin,9,0.5,1.0,1.0,
Jhaptaal,3,Variation #1,1,20,,Na,10,0.5,1.0,1.0,Na Dhi
Jhaptaal,3,Variation #1,1,22,Ge,Ti,10,0.25,0.5,0.5,
Jhaptaal,3,Variation #1,1,23,,Tat,10,0.25,1.0,0.5,
Jhaptaal,3,Variation #1,2,1,Ge-Sam,TinFull,1,1.0,1.0,1.0,Dhin
Jhaptaal,3,Variation #1,2,2,,Na,2,0.5,1.0,0.75,NaDhi
Jhaptaal,3,Variation #1,2,3,Ge,TiL,2,0.5,0.5,1.0,
Jhaptaal,3,Variation #1,2,4,Ge,TinFull,3,0.75,1.0,1.0,Dhin
Jhaptaal,3,Variation #1,2,5,,KDa,3,0.25,1.0,0.75,
Jhaptaal,3,Variation #1,2,6,Ge,Tin,4,0.5,1.0,1.0,Dhi Dhi
Jhaptaal,3,Variation #1,2,7,Ge-F,Tin,4,0.5,0.5,1.0,
Jhaptaal,3,Variation #1,2,8,,Na,5,0.5,1.0,0.75,Na Ti
Jhaptaal,3,Variation #1,2,9,,TiL,5,0.5,1.0,1.0,
Jhaptaal,3,Variation #1,2,10,Ka,TinFull,6,1.0,1.0,1.0,Tin
Jhaptaal,3,Variation #1,2,11,,Na,7,0.5,1.0,0.75,NaDhi
Jhaptaal,3,Variation #1,2,12,Ge,TiL,7,0.5,0.5,1.0,
Jhaptaal,3,Variation #1,2,13,Ge,TinFull,8,0.75,1.0,1.0,Dhin
Jhaptaal,3,Variation #1,2,14,,KDa,8,0.25,1.0,0.75,
Jhaptaal,3,Variation #1,2,15,Ge-F,Tin,9,0.5,0.5,1.0,Dhi Dhi
Jhaptaal,3,Variation #1,2,16,Ge-B,Tin,9,0.5,1.0,1.0,
Jhaptaal,3,Variation #1,2,17,,Na,10,0.5,1.0,1.0,Na Dhi
Jhaptaal,3,Variation #1,2,18,Ge,TiL,10,0.5,0.5,1.0,
Jhaptaal,3,Variation #1,3,1,Ge,TinFull,1,1.0,1.0,1.0,Dhin
Jhaptaal,3,Variation #1,3,2,,Na,2,1.0,1.0,0.75,Na
Jhaptaal,3,Variation #1,3,3,Ge-LT6,Tin,3,1.0,1.0,1.0,Dhin
Jhaptaal,3,Variation #1,3,4,Ge,Tin,4,1.0,1.0,1.0,Dhin
Jhaptaal,3,Variation #1,3,5,,Na,5,0.5,1.0,0.75,Na
Jhaptaal,3,Variation #1,3,6,,TiL,5,0.5,1.0,0.25,
Jhaptaal,3,Variation #1,3,7,Ka,TinFull,6,1.0,1.0,1.0,Tin
Jhaptaal,3,Variation #1,3,8,,Na,7,1.0,1.0,0.75,Na
Jhaptaal,3,Variation #1,3,9,Ge-LT6,Tin,8,1.0,1.0,1.0,Dhin
Jhaptaal,3,Variation #1,3,10,Ge,Tin,9,1.0,1.0,1.0,Dhin
Jhaptaal,3,Variation #1,3,11,,Na,10,0.5,1.0,0.75,Na
Jhaptaal,3,Variation #1,3,12,Ge,TiL,10,0.5,0.5,0.25,
Jhaptaal,4,Sawari Ang,0,1,Ge-Sam,TinFull,1,0.75,1.0,1.0,Dhin
Jhaptaal,4,Sawari Ang,0,2,,TiTaL,1,0.25,1.0,0.5,
Jhaptaal,4,Sawari Ang,0,3,,Na,2,0.5,1.0,1.0,Na Na
Jhaptaal,4,Sawari Ang,0,4,,Na,2,0.25,1.0,0.75,
Jhaptaal,4,Sawari Ang,0,5,,TiTaL,2,0.25,1.0,1.0,
Jhaptaal,4,Sawari Ang,0,6,Ge-S,TinFull,3,0.75,1.0,1.0,Dhin
Jhaptaal,4,Sawari Ang,0,7,,TiTaL,3,0.25,1.0,1.0,
Jhaptaal,4,Sawari Ang,0,8,Ge,TinFull,4,0.375,1.0,1.0,Dhin Dhin
Jhaptaal,4,Sawari Ang,0,9,,KDa,4,0.125,1.0,0.5,
Jhaptaal,4,Sawari Ang,0,10,Ge-B,TinMed,4,0.25,1.0,1.0,
Jhaptaal,4,Sawari Ang,0,11,Ge-LT6,Tin,4,0.25,1.0,1.0,
Jhaptaal,4,Sawari Ang,0,12,,Na,5,0.5,1.0,1.25,Na Na
Jhaptaal,4,Sawari Ang,0,13,,Na,5,0.25,1.0,0.75,
Jhaptaal,4,Sawari Ang,0,14,,TaKa,5,0.25,1.0,0.75,
Jhaptaal,4,Sawari Ang,0,15,Kat,TinFull,6,0.75,1.0,1.0,Tin
Jhaptaal,4,Sawari Ang,0,16,,TiTaL,6,0.25,1.0,1.0,
Jhaptaal,4,Sawari Ang,0,17,,Na,7,0.5,1.0,1.0,Na
Jhaptaal,4,Sawari Ang,0,18,,Na,7,0.25,1.0,0.75,
Jhaptaal,4,Sawari Ang,0,19,,TiTaL,7,0.25,1.0,1.0,
Jhaptaal,4,Sawari Ang,0,20,Ge-S,TinFull,8,0.5,1.0,1.0,Dhin Dhin
Jhaptaal,4,Sawari Ang,0,21,Ge-LT6,TinMed,8,0.25,1.0,1.0,
Jhaptaal,4,Sawari Ang,0,22,Ge-B,Tin,8,0.25,1.0,1.0,
Jhaptaal,4,Sawari Ang,0,23,,Na,9,0.5,1.0,1.0,Na Dhin
Jhaptaal,4,Sawari Ang,0,24,Ge-S,TinFull,9,0.5,1.0,1.0,
Jhaptaal,4,Sawari Ang,0,25,Ge-LT6,TinMed,10,0.25,1.0,1.0,Dhin Dha
Jhaptaal,4,Sawari Ang,0,26,Ge-B,Tin,10,0.25,1.0,1.0,
Jhaptaal,4,Sawari Ang,0,27,Ge-LT6,Ta,10,0.125,1.25,1.25,
Jhaptaal,4,Sawari Ang,0,28,Ge,,10,0.125,0.5,1.0,
Jhaptaal,4,Sawari Ang,0,29,,TaKa,10,0.25,1.0,1.0,
Jhaptaal,4,Sawari Ang,1,1,Ge-Sam,TinFull,1,0.75,1.0,1.0,Dhin
Jhaptaal,4,Sawari Ang,1,2,,TiL,1,0.25,1.0,1.0,
Jhaptaal,4,Sawari Ang,1,3,,Na,2,0.75,1.0,1.0,Na
Jhaptaal,4,Sawari Ang,1,4,,TiL,2,0.25,1.0,1.0,
Jhaptaal,4,Sawari Ang,1,5,Ge-S,TinFull,3,0.75,1.0,1.0,Dhin
Jhaptaal,4,Sawari Ang,1,6,,KDa,3,0.25,1.0,1.0,
Jhaptaal,4,Sawari Ang,1,7,Ge-S,TinFull,4,0.75,1.0,1.0,Dhin
Jhaptaal,4,Sawari Ang,1,8,,TiL,4,0.25,1.0,1.0,
Jhaptaal,4,Sawari Ang,1,9,,Na,5,0.5,1.0,0.75,Na Na
Jhaptaal,4,Sawari Ang,1,10,,Na,5,0.5,1.0,0.75,
Jhaptaal,4,Sawari Ang,1,11,Ka,TinFull,6,0.75,1.0,1.0,Tin
Jhaptaal,4,Sawari Ang,1,12,,TiL,6,0.25,1.0,1.0,
Jhaptaal,4,Sawari Ang,1,13,,Na,7,0.75,1.0,1.0,Na
Jhaptaal,4,Sawari Ang,1,14,,TiL,7,0.25,1.0,1.0,
Jhaptaal,4,Sawari Ang,1,15,Ge-F,TinFull,8,0.5,1.0,1.0,Dhi Dhi
Jhaptaal,4,Sawari Ang,1,16,Ge-LT6,Tin,8,0.5,1.0,1.0,
Jhaptaal,4,Sawari Ang,1,17,,Na,9,0.5,1.0,0.75,Na Dhi
Jhaptaal,4,Sawari Ang,1,18,Ge-F,TinFull,9,0.5,1.0,1.0,
Jhaptaal,4,Sawari Ang,1,19,Ge-LT6,Tin,10,0.5,1.0,1.0,Dhi Na
Jhaptaal,4,Sawari Ang,1,20,,Na,10,0.5,1.0,0.75,
Jhaptaal,4,Sawari Ang,2,1,Ge,TinFull,1,1.0,1.0,1.0,Dhin
Jhaptaal,4,Sawari Ang,2,2,,Na,2,0.5,1.0,0.75,Na
Jhaptaal,4,Sawari Ang,2,3,,TiL,2,0.5,1.0,0.5,
Jhaptaal,4,Sawari Ang,2,4,Ge,TinFull,3,1.0,1.0,1.0,Dhin
Jhaptaal,4,Sawari Ang,2,5,Ge-LT6,TinFull,4,1.0,1.0,1.0,Dhin
Jhaptaal,4,Sawari Ang,2,6,,Na,5,0.5,1.0,0.75,Na
Jhaptaal,4,Sawari Ang,2,7,,TiL,5,0.5,1.0,0.5,
Jhaptaal,4,Sawari Ang,2,8,Ka,TinFull,6,1.0,1.0,1.0,Tin
Jhaptaal,4,Sawari Ang,2,9,,Na,7,0.5,1.0,0.75,Na
Jhaptaal,4,Sawari Ang,2,10,,TiL,7,0.5,1.0,0.5,
Jhaptaal,4,Sawari Ang,2,11,Ge-F,TinFull,8,0.5,1.0,1.0,Dhi Dhi
Jhaptaal,4,Sawari Ang,2,12,Ge-B,Tin,8,0.5,1.0,1.0,
Jhaptaal,4,Sawari Ang,2,13,,Na,9,0.5,1.0,0.75,Na Dhi
Jhaptaal,4,Sawari Ang,2,14,Ge-F,TinFull,9,0.5,1.0,1.0,
Jhaptaal,4,Sawari Ang,2,15,Ge-B,Tin,10,0.5,1.0,1.0,Dhi Na
Jhaptaal,4,Sawari Ang,2,16,,Na,10,0.5,1.0,0.75,
Jhaptaal,4,Sawari Ang,3,1,Ge,TinFull,1,1.0,1.0,1.0,Dhin
Jhaptaal,4,Sawari Ang,3,2,,Na,2,1.0,1.0,0.75,Na
Jhaptaal,4,Sawari Ang,3,3,Ge,Tin,3,1.0,1.0,1.0,Dhin
Jhaptaal,4,Sawari Ang,3,4,Ge-LT6,Tin,4,1.0,1.0,1.0,Dhin
Jhaptaal,4,Sawari Ang,3,5,,Na,5,0.5,1.0,0.75,Na
Jhaptaal,4,Sawari Ang,3,6,,TiL,5,0.5,1.0,0.25,
Jhaptaal,4,Sawari Ang,3,7,Ka,TinFull,6,1.0,1.0,1.0,Tin
Jhaptaal,4,Sawari Ang,3,8,,Na,7,1.0,1.0,0.75,Na
Jhaptaal,4,Sawari Ang,3,9,Ge-F,Tin,8,0.5,1.0,1.0,Dhi Dhi
Jhaptaal,4,Sawari Ang,3,10,Ge-B,Tin,8,0.5,1.0,1.0,
Jhaptaal,4,Sawari Ang,3,11,,Na,9,0.5,1.0,0.75,Na Dhi
Jhaptaal,4,Sawari Ang,3,12,Ge-F,Tin,9,0.5,1.0,1.0,
Jhaptaal,4,Sawari Ang,3,13,Ge-B,Tin,10,0.5,1.0,1.0,Dhi Na
Jhaptaal,4,Sawari Ang,3,14,,Na,10,0.5,1.0,0.75,
Jhaptaal,5,Sawari Ang 2,0,1,Ge-Sam,TinFull,1,0.75,1.0,1.0,Dhin
Jhaptaal,5,Sawari Ang 2,0,2,,TiTaL,1,0.25,1.0,0.5,
Jhaptaal,5,Sawari Ang 2,0,3,,Na,2,0.5,1.0,1.0,Na Na
Jhaptaal,5,Sawari Ang 2,0,4,,Na,2,0.25,1.0,0.75,
Jhaptaal,5,Sawari Ang 2,0,5,,TiTaL,2,0.25,1.0,1.0,
Jhaptaal,5,Sawari Ang 2,0,6,Ge-S,TinFull,3,0.75,1.0,1.0,Dhin
Jhaptaal,5,Sawari Ang 2,0,7,,TiTaL,3,0.25,1.0,1.0,
Jhaptaal,5,Sawari Ang 2,0,8,Ge,TinFull,4,0.375,1.0,1.0,Dhin Dhin
Jhaptaal,5,Sawari Ang 2,0,9,,KDa,4,0.125,1.0,0.5,
Jhaptaal,5,Sawari Ang 2,0,10,Ge-B,TinMed,4,0.25,1.0,1.0,
Jhaptaal,5,Sawari Ang 2,0,11,Ge-LT6,Tin,4,0.25,1.0,1.0,
Jhaptaal,5,Sawari Ang 2,0,12,,Na,5,0.5,1.0,1.25,Na Na
Jhaptaal,5,Sawari Ang 2,0,13,,Na,5,0.25,1.0,0.75,
Jhaptaal,5,Sawari Ang 2,0,14,,TaKa,5,0.25,1.0,0.75,
Jhaptaal,5,Sawari Ang 2,0,15,Kat,TinFull,6,0.75,1.0,1.0,Tin
Jhaptaal,5,Sawari Ang 2,0,16,,TiTaL,6,0.25,1.0,1.0,
Jhaptaal,5,Sawari Ang 2,0,17,,Na,7,0.5,1.0,1.0,Na
Jhaptaal,5,Sawari Ang 2,0,18,,Na,7,0.25,1.0,0.75,
Jhaptaal,5,Sawari Ang 2,0,19,,TiTaL,7,0.25,1.0,1.0,
Jhaptaal,5,Sawari Ang 2,0,20,Ge-LT6,TinFull,8,0.5,1.0,1.0,Dhin--Dha
Jhaptaal,5,Sawari Ang 2,0,21,Ge-B,Tin,8,0.25,1.0,0.5,
Jhaptaal,5,Sawari Ang 2,0,22,Ge,Ta,8,0.25,1.25,1.25,
Jhaptaal,5,Sawari Ang 2,0,23,,,9,0.25,1.0,0.5,-KDaDhin-
Jhaptaal,5,Sawari Ang 2,0,24,,KDa,9,0.25,1.0,1.0,
Jhaptaal,5,Sawari Ang 2,0,25,Ge-LT6,TinFull,9,0.5,1.0,1.0,
Jhaptaal,5,Sawari Ang 2,0,26,Ge-B,Tin,10,0.25,1.0,0.5,-Dha-KDa
Jhaptaal,5,Sawari Ang 2,0,27,Ge,Ta,10,0.5,1.25,1.25,
Jhaptaal,5,Sawari Ang 2,0,28,,KDa,10,0.25,1.0,1.0,
Jhaptaal,5,Sawari Ang 2,1,1,Ge-Sam,TinFull,1,0.75,1.0,1.0,Dhin
Jhaptaal,5,Sawari Ang 2,1,2,,TiL,1,0.25,1.0,1.0,
Jhaptaal,5,Sawari Ang 2,1,3,,Na,2,0.75,1.0,1.0,Na
Jhaptaal,5,Sawari Ang 2,1,4,,TiL,2,0.25,1.0,1.0,
Jhaptaal,5,Sawari Ang 2,1,5,Ge-S,TinFull,3,0.75,1.0,1.0,Dhin
Jhaptaal,5,Sawari Ang 2,1,6,,KDa,3,0.25,1.0,1.0,
Jhaptaal,5,Sawari Ang 2,1,7,Ge-S,TinFull,4,0.75,1.0,1.0,Dhin
Jhaptaal,5,Sawari Ang 2,1,8,,TiL,4,0.25,1.0,1.0,
Jhaptaal,5,Sawari Ang 2,1,9,,Na,5,0.5,1.0,0.75,Na Na
Jhaptaal,5,Sawari Ang 2,1,10,,Na,5,0.5,1.0,0.75,
Jhaptaal,5,Sawari Ang 2,1,11,Ka,TinFull,6,0.75,1.0,1.0,Tin
Jhaptaal,5,Sawari Ang 2,1,12,,TiL,6,0.25,1.0,1.0,
Jhaptaal,5,Sawari Ang 2,1,13,,Na,7,0.75,1.0,1.0,Na
Jhaptaal,5,Sawari Ang 2,1,14,,TiL,7,0.25,1.0,1.0,
Jhaptaal,5,Sawari Ang 2,1,15,Ge-LT6,TinFull,8,0.75,1.0,1.0,Dhin--Dha
Jhaptaal,5,Sawari Ang 2,1,16,Ge,Ta,8,0.25,1.0,1.0,
Jhaptaal,5,Sawari Ang 2,1,17,,,9,0.25,1.0,1.0,-KDaDhin-
Jhaptaal,5,Sawari Ang 2,1,18,,KDa,9,0.25,1.0,1.0,
Jhaptaal,5,Sawari Ang 2,1,19,Ge-LT6,TinFull,9,0.5,1.0,1.0,
Jhaptaal,5,Sawari Ang 2,1,20,,,10,0.25,1.0,1.0,-Dha-KDa
Jhaptaal,5,Sawari Ang 2,1,21,Ge,Ta,10,0.5,1.0,1.0,
Jhaptaal,5,Sawari Ang 2,1,22,,KDa,10,0.25,1.0,1.0,
Jhaptaal,5,Sawari Ang 2,2,1,Ge,TinFull,1,1.0,1.0,1.0,Dhin
Jhaptaal,5,Sawari Ang 2,2,2,,Na,2,0.5,1.0,0.75,Na
Jhaptaal,5,Sawari Ang 2,2,3,,TiL,2,0.5,1.0,0.5,
Jhaptaal,5,Sawari Ang 2,2,4,Ge,TinFull,3,1.0,1.0,1.0,Dhin
Jhaptaal,5,Sawari Ang 2,2,5,Ge-LT6,TinFull,4,1.0,1.0,1.0,Dhin
Jhaptaal,5,Sawari Ang 2,2,6,,Na,5,0.5,1.0,0.75,Na
Jhaptaal,5,Sawari Ang 2,2,7,,TiL,5,0.5,1.0,0.5,
Jhaptaal,5,Sawari Ang 2,2,8,Ka,TinFull,6,1.0,1.0,1.0,Tin
Jhaptaal,5,Sawari Ang 2,2,9,,Na,7,0.5,1.0,0.75,Na
Jhaptaal,5,Sawari Ang 2,2,10,,TiL,7,0.5,1.0,0.5,
Jhaptaal,5,Sawari Ang 2,2,11,Ge-LT6,TinFull,8,0.75,1.0,1.0,Dhin--Dha
Jhaptaal,5,Sawari Ang 2,2,12,Ge,Ta,8,0.25,1.0,1.0,
Jhaptaal,5,Sawari Ang 2,2,13,,,9,0.25,1.0,1.0,-KDaDhin
Jhaptaal,5,Sawari Ang 2,2,14,,KDa,9,0.25,1.0,1.0,
Jhaptaal,5,Sawari Ang 2,2,15,Ge-LT6,TinFull,9,0.5,1.0,1.0,
Jhaptaal,5,Sawari Ang 2,2,16,,,10,0.25,1.0,1.0,-Dha-KDa
Jhaptaal,5,Sawari Ang 2,2,17,Ge,Ta,10,0.5,1.0,1.0,
Jhaptaal,5,Sawari Ang 2,2,18,,KDa,10,0.25,1.0,1.0,
Jhaptaal,5,Sawari Ang 2,3,1,Ge,TinFull,1,1.0,1.0,1.0,Dhin
Jhaptaal,5,Sawari Ang 2,3,2,,Na,2,1.0,1.0,0.75,Na
Jhaptaal,5,Sawari Ang 2,3,3,Ge,Tin,3,1.0,1.0,1.0,Dhin
Jhaptaal,5,Sawari Ang 2,3,4,Ge-LT6,Tin,4,1.0,1.0,1.0,Dhin
Jhaptaal,5,Sawari Ang 2,3,5,,Na,5,0.5,1.0,0.75,Na
Jhaptaal,5,Sawari Ang 2,3,6,,TiL,5,0.5,1.0,0.5,
Jhaptaal,5,Sawari Ang 2,3,7,Ka,TinFull,6,1.0,1.0,1.0,Tin
Jhaptaal,5,Sawari Ang 2,3,8,,Na,7,1.0,1.0,0.75,Na
Jhaptaal,5,Sawari Ang 2,3,9,Ge-B,TinFull,8,0.75,1.0,1.0,Dhin--Dha
Jhaptaal,5,Sawari Ang 2,3,10,Ge,Ta,8,0.25,1.0,1.0,
Jhaptaal,5,Sawari Ang 2,3,11,,,9,0.25,1.0,1.0,-KDaDhin-
Jhaptaal,5,Sawari Ang 2,3,12,,KDa,9,0.25,1.0,1.0,
Jhaptaal,5,Sawari Ang 2,3,13,Ge-B,TinFull,9,0.5,1.0,1.0,
Jhaptaal,5,Sawari Ang 2,3,14,,,10,0.25,1.0,1.0,-Dha-KDa
Jhaptaal,5,Sawari Ang 2,3,15,Ge,Ta,10,0.5,1.0,1.0,
Jhaptaal,5,Sawari Ang 2,3,16,,KDa,10,0.25,1.0,1.0,
Sadra,2,Pro Default,"1,2,3",1,Ge-OP,TinFull,1,1.0,1.0,1.0,Dha
Sadra,2,Pro Default,"1,2,3",2,Ge-B,,2,1.0,1.0,1.0,Ge
Sadra,2,Pro Default,"1,2,3",3,Ge-OP,TinFull,3,1.0,1.0,1.0,Dha
Sadra,2,Pro Default,"1,2,3",4,Ge-B,,4,1.0,1.0,1.0,Ge
Sadra,2,Pro Default,"1,2,3",5,,Din,5,1.0,1.0,1.0,Din
Sadra,2,Pro Default,"1,2,3",6,,TinFull,6,1.0,1.0,1.0,Ta
Sadra,2,Pro Default,"1,2,3",7,Ge-B,,7,1.0,1.0,1.0,Ge
Sadra,2,Pro Default,"1,2,3",8,Ge-OP,TinFull,8,1.0,1.0,1.0,Dha
Sadra,2,Pro Default,"1,2,3",9,Ge-B,,9,1.0,1.0,1.0,Ge
Sadra,2,Pro Default,"1,2,3",10,Ge-B,,10,1.0,1.0,1.0,Ge
Soolfaak,2,Pro Default,1,1,Ge,Ta,1,1.0,1.0,1.0,Dha
Soolfaak,2,Pro Default,1,2,,Ti,2,0.25,1.0,1.0,TiRaKiTa
Soolfaak,2,Pro Default,1,3,,Ra,2,0.25,1.0,1.0,
Soolfaak,2,Pro Default,1,4,Ki,,2,0.25,1.0,1.0,
Soolfaak,2,Pro Default,1,5,,TTa,2,0.25,1.0,1.0,
Soolfaak,2,Pro Default,1,6,Ge-S,TinFull,3,1.0,1.0,1.0,Dhin
Soolfaak,2,Pro Default,1,7,,Na,4,0.5,1.0,1.0,Na Na
Soolfaak,2,Pro Default,1,8,,Na,4,0.5,1.0,1.0,
Soolfaak,2,Pro Default,1,9,Kat,,5,1.0,1.0,1.0,Kat
Soolfaak,2,Pro Default,1,10,,TinFull,6,1.0,1.0,1.0,Ta
Soolfaak,2,Pro Default,1,11,Ge,Ta,7,1.0,1.0,1.0,Dha
Soolfaak,2,Pro Default,1,12,Ge,Ta,8,0.5,1.0,1.0,Dha Dha
Soolfaak,2,Pro Default,1,13,Ge-LT6,Ta,8,0.5,1.0,1.0,
Soolfaak,2,Pro Default,1,14,Ka,TinFull,9,1.0,1.0,1.0,Tin
Soolfaak,2,Pro Default,1,15,,Na,10,0.5,1.0,1.0,Na Na
Soolfaak,2,Pro Default,1,16,,Na,10,0.25,1.0,1.0,
Soolfaak,2,Pro Default,1,17,,TiL,10,0.25,1.0,1.0,
Soolfaak,2,Pro Default,2,1,Ge,Ta,1,1.0,1.0,1.0,Dha
Soolfaak,2,Pro Default,2,2,,Ti,2,0.25,1.0,1.0,TiRaKiTa
Soolfaak,2,Pro Default,2,3,,Ra,2,0.25,1.0,1.0,
Soolfaak,2,Pro Default,2,4,Ki,,2,0.25,1.0,1.0,
Soolfaak,2,Pro Default,2,5,,TTa,2,0.25,1.0,1.0,
Soolfaak,2,Pro Default,2,6,Ge-B,TinFull,3,1.0,1.0,1.0,Dhin
Soolfaak,2,Pro Default,2,7,,Na,4,1.0,1.0,1.0,Na
Soolfaak,2,Pro Default,2,8,Kat,,5,1.0,1.0,1.0,Kat
Soolfaak,2,Pro Default,2,9,,TinFull,6,1.0,1.0,1.0,Ta
Soolfaak,2,Pro Default,2,10,Ge,Ta,7,1.0,1.0,1.0,Dha
Soolfaak,2,Pro Default,2,11,Ge-LT6,Ta,8,1.0,1.0,1.0,Dha
Soolfaak,2,Pro Default,2,12,Ka,TinFull,9,1.0,1.0,1.0,Tin
Soolfaak,2,Pro Default,2,13,,Na,10,0.5,1.0,1.0,Na
Soolfaak,2,Pro Default,2,14,,TiL,10,0.5,1.0,0.5,
Soolfaak,2,Pro Default,3,1,Ge,Ta,1,1.0,1.0,1.0,Dha
Soolfaak,2,Pro Default,3,2,,Ti,2,0.5,1.0,1.0,TiTa
Soolfaak,2,Pro Default,3,3,,TTa,2,0.5,1.0,1.0,
Soolfaak,2,Pro Default,3,4,Ge-B,TinFull,3,1.0,1.0,1.0,Dhin
Soolfaak,2,Pro Default,3,5,,Na,4,1.0,1.0,1.0,Na
Soolfaak,2,Pro Default,3,6,Kat,,5,1.0,1.0,1.0,Kat
Soolfaak,2,Pro Default,3,7,,TinFull,6,1.0,1.0,1.0,Ta
Soolfaak,2,Pro Default,3,8,Ge,Ta,7,1.0,1.0,1.0,Dha
Soolfaak,2,Pro Default,3,9,Ge-LT6,Ta,8,1.0,1.0,1.0,Dha
Soolfaak,2,Pro Default,3,10,Ka,TinFull,9,1.0,1.0,1.0,Tin
Soolfaak,2,Pro Default,3,11,,Na,10,1.0,1.0,1.0,Na
Sooltaal,2,Pro Default,"1,2,3",1,Ge-OP,TinFull,1,1.0,1.0,1.0,Dha
Sooltaal,2,Pro Default,"1,2,3",2,Ge-OP,TinFull,2,1.0,1.0,1.0,Dha
Sooltaal,2,Pro Default,"1,2,3",3,Ge-B,Di,3,1.0,0.75,1.0,Dhin
Sooltaal,2,Pro Default,"1,2,3",4,,TinFull,4,1.0,1.0,1.0,Ta
Sooltaal,2,Pro Default,"1,2,3",5,Ki,,5,0.5,1.0,1.0,KiTa
Sooltaal,2,Pro Default,"1,2,3",6,,TTa,5,0.5,1.0,1.0,
Sooltaal,2,Pro Default,"1,2,3",7,Ge-OP,TinFull,6,1.0,1.0,1.0,Dha
Sooltaal,2,Pro Default,"1,2,3",8,,Ti,7,0.5,1.0,1.0,TiTa
Sooltaal,2,Pro Default,"1,2,3",9,,TTa,7,0.5,1.0,1.0,
Sooltaal,2,Pro Default,"1,2,3",10,Ka,,8,0.5,1.0,1.0,KaTa
Sooltaal,2,Pro Default,"1,2,3",11,,TTa,8,0.5,1.0,1.0,
Sooltaal,2,Pro Default,"1,2,3",12,Ge-B,,9,0.5,1.0,1.0,GaDi
Sooltaal,2,Pro Default,"1,2,3",13,,Di,9,0.5,1.0,1.0,
Sooltaal,2,Pro Default,"1,2,3",14,Ka,,10,0.5,1.0,1.0,GaNa
Sooltaal,2,Pro Default,"1,2,3",15,,NNa,10,0.5,1.0,1.0,
Sooltaal,3,Variation Fast #1,"2,3",1,Ge-OP,TinFull,1,1.0,1.0,1.0,Dha
Sooltaal,3,Variation Fast #1,"2,3",2,Ge-B,,2,0.5,1.0,1.0,Gi Da
Sooltaal,3,Variation Fast #1,"2,3",3,,Rha,2,0.5,1.0,1.0,
Sooltaal,3,Variation Fast #1,"2,3",4,,Na,3,0.5,1.0,1.0,Na Ga
Sooltaal,3,Variation Fast #1,"2,3",5,Ge,,3,0.5,1.0,1.0,
Sooltaal,3,Variation Fast #1,"2,3",6,Ge-OP,Din,4,1.0,1.0,1.0,Dhit
Sooltaal,3,Variation Fast #1,"2,3",7,Ge-B,,5,0.5,1.0,1.0,Gi Da
Sooltaal,3,Variation Fast #1,"2,3",8,,Rha,5,0.5,1.0,1.0,
Sooltaal,3,Variation Fast #1,"2,3",9,,Na,6,0.5,1.0,1.0,Na Ga
Sooltaal,3,Variation Fast #1,"2,3",10,Ge,,6,0.5,1.0,1.0,
Sooltaal,3,Variation Fast #1,"2,3",11,Ge-B,Di,7,1.0,0.75,1.0,Dhin
Sooltaal,3,Variation Fast #1,"2,3",12,,TinFull,8,1.0,1.0,1.0,Ta
Sooltaal,3,Variation Fast #1,"2,3",13,Ge-B,,9,0.5,1.0,1.0,Gi Da
Sooltaal,3,Variation Fast #1,"2,3",14,,Rha,9,0.5,1.0,1.0,
Sooltaal,3,Variation Fast #1,"2,3",15,,Na,10,0.5,1.0,1.0,Na Ga
Sooltaal,3,Variation Fast #1,"2,3",16,Ge,,10,0.5,1.0,1.0,
Sooltaal,4,Variation Fast #2,"2,3",1,Ge-OP,TinFull,1,1.0,1.0,1.0,Dha
Sooltaal,4,Variation Fast #2,"2,3",2,Ge-B,,2,0.5,1.0,1.0,Gi Da
Sooltaal,4,Variation Fast #2,"2,3",3,,Rha,2,0.5,1.0,1.0,
Sooltaal,4,Variation Fast #2,"2,3",4,,Na,3,0.5,1.0,1.0,Na Ga
Sooltaal,4,Variation Fast #2,"2,3",5,Ge,,3,0.5,1.0,1.0,
Sooltaal,4,Variation Fast #2,"2,3",6,Ge-OP,Din,4,1.0,1.0,1.0,Dhit
Sooltaal,4,Variation Fast #2,"2,3",7,Ge-B,,5,0.5,1.0,1.0,Gi Da
Sooltaal,4,Variation Fast #2,"2,3",8,,Rha,5,0.5,1.0,1.0,
Sooltaal,4,Variation Fast #2,"2,3",9,,Na,6,0.5,1.0,1.0,Na Ga
Sooltaal,4,Variation Fast #2,"2,3",10,Ge,,6,0.5,1.0,1.0,
Sooltaal,4,Variation Fast #2,"2,3",11,Ge-B,,7,1.0,0.75,1.0,Ga
Sooltaal,4,Variation Fast #2,"2,3",12,Ge-OP,Din,8,1.0,1.0,1.0,Dhit
Sooltaal,4,Variation Fast #2,"2,3",13,Ge-B,,9,0.5,1.0,1.0,Gi Da
Sooltaal,4,Variation Fast #2,"2,3",14,,Rha,9,0.5,1.0,1.0,
Sooltaal,4,Variation Fast #2,"2,3",15,,Na,10,0.5,1.0,1.0,Na Ga
Sooltaal,4,Variation Fast #2,"2,3",16,Ge,,10,0.5,1.0,1.0,
Sardha Rupak,1,Basic,"1,2",1,Ka,TinFull,1,1.0,1.0,1.0,Tin
Sardha Rupak,1,Basic,"1,2",2,,,2,0.5,1.0,1.0,-Tin
Sardha Rupak,1,Basic,"1,2",3,Ka,TinFull,2,0.5,1.0,1.0,
Sardha Rupak,1,Basic,"1,2",4,,,3,1.0,1.0,1.0,-
Sardha Rupak,1,Basic,"1,2",5,,Ta,4,1.0,1.0,1.0,Na
Sardha Rupak,1,Basic,"1,2",6,,,5,0.5,1.0,1.0,", (1/2)"
Sardha Rupak,1,Basic,"1,2",7,Ge-B,TinFull,5,0.5,1.0,1.0,Dhin
Sardha Rupak,1,Basic,"1,2",8,,,6,0.5,1.0,1.0,
Sardha Rupak,1,Basic,"1,2",9,Ge,Na,6,0.5,1.0,1.0,Dha
Sardha Rupak,1,Basic,"1,2",10,,,7,0.5,1.0,1.0,
Sardha Rupak,1,Basic,"1,2",11,,Ti,7,0.25,1.0,1.0,TiRaKiTa
Sardha Rupak,1,Basic,"1,2",12,,Ra,7,0.25,1.0,1.0,
Sardha Rupak,1,Basic,"1,2",13,Ki,,8,0.25,1.0,1.0,
Sardha Rupak,1,Basic,"1,2",14,,TTa,8,0.25,1.0,1.0,
Sardha Rupak,1,Basic,"1,2",15,Ge-B,TinFull,8,0.5,1.0,1.0,Dhin
Sardha Rupak,1,Basic,"1,2",16,,,9,1.0,1.0,1.0,
Sardha Rupak,1,Basic,"1,2",17,Ge,Na,10,0.5,1.0,1.0,-Dha
Sardha Rupak,1,Basic,"1,2",18,,Ti,10,0.25,1.0,1.0,TiRaKitTa
Sardha Rupak,1,Basic,"1,2",19,,Ra,10,0.25,1.0,1.0,
Sardha Rupak,1,Basic,"1,2",20,Ki,,11,0.25,1.0,1.0,
Sardha Rupak,1,Basic,"1,2",21,,TTa,11,0.25,1.0,1.0,
Sardha Rupak,2,Pro Default,"1,2",1,Ka,TinFull,1,1.0,1.0,1.0,Tin
Sardha Rupak,2,Pro Default,"1,2",2,,TiL,2,0.5,1.0,1.0,-Tin
Sardha Rupak,2,Pro Default,"1,2",3,Ka,TinFull,2,0.5,1.0,1.0,
Sardha Rupak,2,Pro Default,"1,2",4,,,3,1.0,1.0,1.0,-
Sardha Rupak,2,Pro Default,"1,2",5,,Ta,4,1.0,1.0,1.0,Na
Sardha Rupak,2,Pro Default,"1,2",6,,TiL,5,0.5,1.0,1.0,", (1/2)"
Sardha Rupak,2,Pro Default,"1,2",7,Ge-LT6,TinFull,5,0.5,1.0,1.0,Dhin
Sardha Rupak,2,Pro Default,"1,2",8,,,6,0.5,1.0,1.0,
Sardha Rupak,2,Pro Default,"1,2",9,Ge,Na,6,0.5,1.0,1.0,Dha
Sardha Rupak,2,Pro Default,"1,2",10,,,7,0.5,1.0,1.0,
Sardha Rupak,2,Pro Default,"1,2",11,,Ti,7,0.25,1.0,1.0,TiRaKiTa
Sardha Rupak,2,Pro Default,"1,2",12,,Ra,7,0.25,1.0,1.0,
Sardha Rupak,2,Pro Default,"1,2",13,Ki,,8,0.25,1.0,1.0,
Sardha Rupak,2,Pro Default,"1,2",14,,TTa,8,0.25,1.0,1.0,
Sardha Rupak,2,Pro Default,"1,2",15,Ge-LT6,TinFull,8,0.5,1.0,1.0,Dhin
Sardha Rupak,2,Pro Default,"1,2",16,,,9,1.0,1.0,1.0,
Sardha Rupak,2,Pro Default,"1,2",17,Ge,Na,10,0.5,1.0,1.0,-Dha
Sardha Rupak,2,Pro Default,"1,2",18,,Ti,10,0.25,1.0,1.0,TiRaKitTa
Sardha Rupak,2,Pro Default,"1,2",19,,Ra,10,0.25,1.0,1.0,
Sardha Rupak,2,Pro Default,"1,2",20,Ki,,11,0.25,1.0,1.0,
Sardha Rupak,2,Pro Default,"1,2",21,,TTa,11,0.25,1.0,1.0,
Chartal-ki-Sawari,1,Basic,1,1,Ge-B,TinFull,1,1.0,1.0,1.0,Dhin
Chartal-ki-Sawari,1,Basic,1,2,,Ti,2,0.25,1.0,1.0,TiRaKiTa
Chartal-ki-Sawari,1,Basic,1,3,,Ra,2,0.25,1.0,1.0,
Chartal-ki-Sawari,1,Basic,1,4,Ki,,2,0.25,1.0,1.0,
Chartal-ki-Sawari,1,Basic,1,5,,TTa,2,0.25,1.0,1.0,
Chartal-ki-Sawari,1,Basic,1,6,Ge-S,TinFull,3,1.0,1.0,1.0,Dhin
Chartal-ki-Sawari,1,Basic,1,7,,Na,4,1.0,1.0,1.0,Na
Chartal-ki-Sawari,1,Basic,1,8,Ka,Tu,5,1.0,1.0,1.0,Tu
Chartal-ki-Sawari,1,Basic,1,9,,Na,6,0.5,1.0,1.0,Na Na
Chartal-ki-Sawari,1,Basic,1,10,,Na,6,0.5,1.0,1.0,
Chartal-ki-Sawari,1,Basic,1,11,Kat,,7,1.0,1.0,1.0,Kat
Chartal-ki-Sawari,1,Basic,1,12,,TinFull,8,1.0,1.0,1.0,Ta
Chartal-ki-Sawari,1,Basic,1,13,Ge,TinFull,9,0.5,1.0,1.0,Dhi Dhi
Chartal-ki-Sawari,1,Basic,1,14,Ge-LT6,Tin,9,0.5,1.0,1.0,
Chartal-ki-Sawari,1,Basic,1,15,,Na,10,0.5,1.0,1.0,Na Dhi
Chartal-ki-Sawari,1,Basic,1,16,Ge,TinFull,10,0.5,1.0,1.0,
Chartal-ki-Sawari,1,Basic,1,17,Ge-LT6,Tin,11,0.5,1.0,1.0,Dhi Na
Chartal-ki-Sawari,1,Basic,1,18,,Na,11,0.5,1.0,1.0,
Chartal-ki-Sawari,1,Basic,2,1,Ge,TinFull,1,1.0,1.0,1.0,Dhin
Chartal-ki-Sawari,1,Basic,2,2,,Ti,2,0.25,1.0,1.0,TiRaKiTa
Chartal-ki-Sawari,1,Basic,2,3,,Ra,2,0.25,1.0,1.0,
Chartal-ki-Sawari,1,Basic,2,4,Ki,,2,0.25,1.0,1.0,
Chartal-ki-Sawari,1,Basic,2,5,,TTa,2,0.25,1.0,1.0,
Chartal-ki-Sawari,1,Basic,2,6,Ge-LT6,TinFull,3,1.0,1.0,1.0,Dhin
Chartal-ki-Sawari,1,Basic,2,7,,Na,4,1.0,1.0,1.0,Na
Chartal-ki-Sawari,1,Basic,2,8,Ka,Tu,5,1.0,1.0,1.0,Tu
Chartal-ki-Sawari,1,Basic,2,9,,Na,6,1.0,1.0,1.0,Na
Chartal-ki-Sawari,1,Basic,2,10,Kat,,7,1.0,1.0,1.0,Kat
Chartal-ki-Sawari,1,Basic,2,11,,TinFull,8,1.0,1.0,1.0,Ta
Chartal-ki-Sawari,1,Basic,2,12,Ge,TinFull,9,0.5,1.0,1.0,Dhi Dhi
Chartal-ki-Sawari,1,Basic,2,13,Ge-B,Tin,9,0.5,1.0,1.0,
Chartal-ki-Sawari,1,Basic,2,14,,Na,10,0.5,1.0,1.0,Na Dhi
Chartal-ki-Sawari,1,Basic,2,15,Ge,TinFull,10,0.5,1.0,1.0,
Chartal-ki-Sawari,1,Basic,2,16,Ge-B,Tin,11,0.5,1.0,1.0,Dhi Na
Chartal-ki-Sawari,1,Basic,2,17,,Na,11,0.5,1.0,1.0,
Chartal-ki-Sawari,1,Basic,3,1,Ge,TinFull,1,1.0,1.0,1.0,Dhin
Chartal-ki-Sawari,1,Basic,3,2,,Ti,2,0.5,1.0,1.0,TiTa
Chartal-ki-Sawari,1,Basic,3,3,,TTa,2,0.5,1.0,1.0,
Chartal-ki-Sawari,1,Basic,3,4,Ge-B,TinFull,3,1.0,1.0,1.0,Dhin
Chartal-ki-Sawari,1,Basic,3,5,,Na,4,1.0,1.0,1.0,Na
Chartal-ki-Sawari,1,Basic,3,6,Ka,Tu,5,1.0,1.0,1.0,Tu
Chartal-ki-Sawari,1,Basic,3,7,,Na,6,1.0,1.0,1.0,Na
Chartal-ki-Sawari,1,Basic,3,8,Kat,,7,1.0,1.0,1.0,Kat
Chartal-ki-Sawari,1,Basic,3,9,,TinFull,8,1.0,1.0,1.0,Ta
Chartal-ki-Sawari,1,Basic,3,10,Ge,Tin,9,0.5,1.0,1.0,Dhi Dhi
Chartal-ki-Sawari,1,Basic,3,11,Ge-B,Tin,9,0.5,1.0,1.0,
Chartal-ki-Sawari,1,Basic,3,12,,Na,10,0.5,1.0,1.0,Na Dhi
Chartal-ki-Sawari,1,Basic,3,13,Ge,Tin,10,0.5,1.0,1.0,
Chartal-ki-Sawari,1,Basic,3,14,Ge-B,Tin,11,0.5,1.0,1.0,Dhi Na
Chartal-ki-Sawari,1,Basic,3,15,,Na,11,0.5,1.0,1.0,
Chartal-ki-Sawari,2,Pro Default,1,1,Ge-S,TinFull,1,1.0,1.0,1.0,Dhin
Chartal-ki-Sawari,2,Pro Default,1,2,,Ti,2,0.25,1.0,1.0,TiRaKiTa
Chartal-ki-Sawari,2,Pro Default,1,3,,Ra,2,0.25,1.0,1.0,
Chartal-ki-Sawari,2,Pro Default,1,4,Ki,,2,0.25,1.0,1.0,
Chartal-ki-Sawari,2,Pro Default,1,5,,TTa,2,0.25,1.0,1.0,
Chartal-ki-Sawari,2,Pro Default,1,6,Ge-S,TinFull,3,1.0,1.0,1.0,Dhin
Chartal-ki-Sawari,2,Pro Default,1,7,,Na,4,0.75,1.0,1.0,Na
Chartal-ki-Sawari,2,Pro Default,1,8,,TiL,4,0.25,1.0,1.0,
Chartal-ki-Sawari,2,Pro Default,1,9,Ka,Tu,5,1.0,1.0,1.0,Tu
Chartal-ki-Sawari,2,Pro Default,1,10,,Na,6,0.5,1.0,1.0,Na Na
Chartal-ki-Sawari,2,Pro Default,1,11,,Na,6,0.5,1.0,1.0,
Chartal-ki-Sawari,2,Pro Default,1,12,Kat,,7,1.0,1.0,1.0,Kat
Chartal-ki-Sawari,2,Pro Default,1,13,,TinFull,8,1.0,1.0,1.0,Ta
Chartal-ki-Sawari,2,Pro Default,1,14,Ge-F,TinFull,9,0.5,1.0,1.0,Dhi Dhi
Chartal-ki-Sawari,2,Pro Default,1,15,Ge-LT6,Tin,9,0.5,1.0,1.0,
Chartal-ki-Sawari,2,Pro Default,1,16,,Na,10,0.5,1.0,1.0,Na Dhi
Chartal-ki-Sawari,2,Pro Default,1,17,Ge-F,TinFull,10,0.5,1.0,1.0,
Chartal-ki-Sawari,2,Pro Default,1,18,Ge-LT6,Tin,11,0.5,1.0,1.0,Dhi Na
Chartal-ki-Sawari,2,Pro Default,1,19,,Na,11,0.5,1.0,1.0,
Chartal-ki-Sawari,2,Pro Default,2,1,Ge,TinFull,1,1.0,1.0,1.0,Dhin
Chartal-ki-Sawari,2,Pro Default,2,2,,Ti,2,0.25,1.0,1.0,TiRaKiTa
Chartal-ki-Sawari,2,Pro Default,2,3,,Ra,2,0.25,1.0,1.0,
Chartal-ki-Sawari,2,Pro Default,2,4,Ki,,2,0.25,1.0,1.0,
Chartal-ki-Sawari,2,Pro Default,2,5,,TTa,2,0.25,1.0,1.0,
Chartal-ki-Sawari,2,Pro Default,2,6,Ge-LT6,TinFull,3,1.0,1.0,1.0,Dhin
Chartal-ki-Sawari,2,Pro Default,2,7,,Na,4,0.5,1.0,1.0,Na
Chartal-ki-Sawari,2,Pro Default,2,8,,TiL,4,0.5,1.0,0.5,
Chartal-ki-Sawari,2,Pro Default,2,9,Ka,Tu,5,1.0,1.0,1.0,Tu
Chartal-ki-Sawari,2,Pro Default,2,10,,Na,6,0.5,1.0,1.0,Na Na
Chartal-ki-Sawari,2,Pro Default,2,11,,Na,6,0.5,1.0,1.0,
Chartal-ki-Sawari,2,Pro Default,2,12,Kat,,7,1.0,1.0,1.0,Kat
Chartal-ki-Sawari,2,Pro Default,2,13,,TinFull,8,1.0,1.0,1.0,Ta
Chartal-ki-Sawari,2,Pro Default,2,14,Ge-F,TinFull,9,0.5,1.0,1.0,Dhi Dhi
Chartal-ki-Sawari,2,Pro Default,2,15,Ge-B,Tin,9,0.5,1.0,1.0,
Chartal-ki-Sawari,2,Pro Default,2,16,,Na,10,0.5,1.0,1.0,Na Dhi
Chartal-ki-Sawari,2,Pro Default,2,17,Ge-F,TinFull,10,0.5,1.0,1.0,
Chartal-ki-Sawari,2,Pro Default,2,18,Ge-B,Tin,11,0.5,1.0,1.0,Dhi Na
Chartal-ki-Sawari,2,Pro Default,2,19,,Na,11,0.5,1.0,1.0,
Chartal-ki-Sawari,2,Pro Default,3,1,Ge,Tin,1,1.0,1.0,1.0,Dhin
Chartal-ki-Sawari,2,Pro Default,3,2,,Ti,2,0.5,1.0,1.0,TiTa
Chartal-ki-Sawari,2,Pro Default,3,3,,TTa,2,0.5,1.0,1.0,
Chartal-ki-Sawari,2,Pro Default,3,4,Ge-B,Tin,3,1.0,1.0,1.0,Dhin
Chartal-ki-Sawari,2,Pro Default,3,5,,Na,4,1.0,1.0,1.0,Na
Chartal-ki-Sawari,2,Pro Default,3,6,Ka,Tu,5,1.0,1.0,1.0,Tu
Chartal-ki-Sawari,2,Pro Default,3,7,,Na,6,1.0,1.0,1.0,Na
Chartal-ki-Sawari,2,Pro Default,3,8,Kat,,7,1.0,1.0,1.0,Kat
Chartal-ki-Sawari,2,Pro Default,3,9,,TinFull,8,1.0,1.0,1.0,Ta
Chartal-ki-Sawari,2,Pro Default,3,10,Ge-F,Tin,9,0.5,1.0,1.0,Dhi Dhi
Chartal-ki-Sawari,2,Pro Default,3,11,Ge-B,Tin,9,0.5,1.0,1.0,
Chartal-ki-Sawari,2,Pro Default,3,12,,Na,10,0.5,1.0,1.0,Na Dhi
Chartal-ki-Sawari,2,Pro Default,3,13,Ge-F,Tin,10,0.5,1.0,1.0,
Chartal-ki-Sawari,2,Pro Default,3,14,Ge-B,Tin,11,0.5,1.0,1.0,Dhi Na
Chartal-ki-Sawari,2,Pro Default,3,15,,Na,11,0.5,1.0,1.0,
Chartal-ki-Sawari,3,Variation #1,1,1,Ge-S,TinFull,1,1.0,1.0,1.0,Dhin
Chartal-ki-Sawari,3,Variation #1,1,2,,Ti,2,0.25,1.0,1.0,TiRaKiTa
Chartal-ki-Sawari,3,Variation #1,1,3,,Ra,2,0.25,1.0,1.0,
Chartal-ki-Sawari,3,Variation #1,1,4,Ki,,2,0.25,1.0,1.0,
Chartal-ki-Sawari,3,Variation #1,1,5,,TTa,2,0.25,1.0,1.0,
Chartal-ki-Sawari,3,Variation #1,1,6,Ge-S,TinFull,3,1.0,1.0,1.0,Dhin
Chartal-ki-Sawari,3,Variation #1,1,7,,Na,4,1.0,1.0,1.0,Na
Chartal-ki-Sawari,3,Variation #1,1,8,Ka,Tu,5,1.0,1.0,1.0,Tu
Chartal-ki-Sawari,3,Variation #1,1,9,,Na,6,0.5,1.0,1.0,Na Na
Chartal-ki-Sawari,3,Variation #1,1,10,,Na,6,0.5,1.0,1.0,
Chartal-ki-Sawari,3,Variation #1,1,11,Kat,,7,1.0,1.0,1.0,Kat
Chartal-ki-Sawari,3,Variation #1,1,12,,TinFull,8,1.0,1.0,1.0,Ta
Chartal-ki-Sawari,3,Variation #1,1,13,Ge-LT6,TinFull,9,0.75,1.0,1.0,Dhin--Dha
Chartal-ki-Sawari,3,Variation #1,1,14,Ge,Ta,9,0.25,1.0,1.0,
Chartal-ki-Sawari,3,Variation #1,1,15,,,10,0.25,1.0,1.0,-KDaDhin-
Chartal-ki-Sawari,3,Variation #1,1,16,,KDa,10,0.25,1.0,1.0,
Chartal-ki-Sawari,3,Variation #1,1,17,Ge-LT6,TinFull,10,0.5,1.0,1.0,
Chartal-ki-Sawari,3,Variation #1,1,18,,,11,0.25,1.0,1.0,-Dha-KDa
Chartal-ki-Sawari,3,Variation #1,1,19,Ge,Ta,11,0.5,1.0,1.0,
Chartal-ki-Sawari,3,Variation #1,1,20,,KDa,11,0.25,1.0,1.0,
Chartal-ki-Sawari,3,Variation #1,2,1,Ge,TinFull,1,1.0,1.0,1.0,Dhin
Chartal-ki-Sawari,3,Variation #1,2,2,,Ti,2,0.25,1.0,1.0,TiRaKiTa
Chartal-ki-Sawari,3,Variation #1,2,3,,Ra,2,0.25,1.0,1.0,
Chartal-ki-Sawari,3,Variation #1,2,4,Ki,,2,0.25,1.0,1.0,
Chartal-ki-Sawari,3,Variation #1,2,5,,TTa,2,0.25,1.0,1.0,
Chartal-ki-Sawari,3,Variation #1,2,6,Ge-LT6,TinFull,3,1.0,1.0,1.0,Dhin
Chartal-ki-Sawari,3,Variation #1,2,7,,Na,4,1.0,1.0,1.0,Na
Chartal-ki-Sawari,3,Variation #1,2,8,Ka,Tu,5,1.0,1.0,1.0,Tu
Chartal-ki-Sawari,3,Variation #1,2,9,,Na,6,0.5,1.0,1.0,Na Na
Chartal-ki-Sawari,3,Variation #1,2,10,,Na,6,0.5,1.0,1.0,
Chartal-ki-Sawari,3,Variation #1,2,11,Kat,,7,1.0,1.0,1.0,Kat
Chartal-ki-Sawari,3,Variation #1,2,12,,TinFull,8,1.0,1.0,1.0,Ta
Chartal-ki-Sawari,3,Variation #1,2,13,Ge-LT6,TinFull,9,0.75,1.0,1.0,Dhin--Dha
Chartal-ki-Sawari,3,Variation #1,2,14,Ge,Ta,9,0.25,1.0,1.0,
Chartal-ki-Sawari,3,Variation #1,2,15,,,10,0.25,1.0,1.0,-KDaDhin-
Chartal-ki-Sawari,3,Variation #1,2,16,,KDa,10,0.25,1.0,1.0,
Chartal-ki-Sawari,3,Variation #1,2,17,Ge-LT6,TinFull,10,0.5,1.0,1.0,
Chartal-ki-Sawari,3,Variation #1,2,18,,,11,0.25,1.0,1.0,-Dha-KDa
Chartal-ki-Sawari,3,Variation #1,2,19,Ge,Ta,11,0.5,1.0,1.0,
Chartal-ki-Sawari,3,Variation #1,2,20,,KDa,11,0.25,1.0,1.0,
Chartal-ki-Sawari,3,Variation #1,3,1,Ge,TinFull,1,1.0,1.0,1.0,Dhin
Chartal-ki-Sawari,3,Variation #1,3,2,,Ti,2,0.5,1.0,1.0,TiTa
Chartal-ki-Sawari,3,Variation #1,3,3,,TTa,2,0.5,1.0,1.0,
Chartal-ki-Sawari,3,Variation #1,3,4,Ge-B,TinFull,3,1.0,1.0,1.0,Dhin
Chartal-ki-Sawari,3,Variation #1,3,5,,Na,4,1.0,1.0,1.0,Na
Chartal-ki-Sawari,3,Variation #1,3,6,Ka,Tu,5,1.0,1.0,1.0,Tu
Chartal-ki-Sawari,3,Variation #1,3,7,,Na,6,1.0,1.0,1.0,Na
Chartal-ki-Sawari,3,Variation #1,3,8,Kat,,7,1.0,1.0,1.0,Kat
Chartal-ki-Sawari,3,Variation #1,3,9,,TinFull,8,1.0,1.0,1.0,Ta
Chartal-ki-Sawari,3,Variation #1,3,10,Ge-B,TinFull,9,0.75,1.0,1.0,Dhin--Dha
Chartal-ki-Sawari,3,Variation #1,3,11,Ge,Ta,9,0.25,1.0,1.0,
Chartal-ki-Sawari,3,Variation #1,3,12,,,10,0.25,1.0,1.0,-KDaDhin-
Chartal-ki-Sawari,3,Variation #1,3,13,,KDa,10,0.25,1.0,1.0,
Chartal-ki-Sawari,3,Variation #1,3,14,Ge-B,TinFull,10,0.5,1.0,1.0,
Chartal-ki-Sawari,3,Variation #1,3,15,,,11,0.25,1.0,1.0,-Dha-KDa
Chartal-ki-Sawari,3,Variation #1,3,16,Ge,Ta,11,0.5,1.0,1.0,
Chartal-ki-Sawari,3,Variation #1,3,17,,KDa,11,0.25,1.0,1.0,
Chartal-ki-Sawari,4,Bhaanmati,1,1,Ge-S,TinFull,1,1.0,1.0,1.0,Dhin
Chartal-ki-Sawari,4,Bhaanmati,1,2,Ge-S,TinFull,2,1.0,1.0,1.0,Dhin
Chartal-ki-Sawari,4,Bhaanmati,1,3,Ge,Ta,3,0.5,1.0,1.0,DhaGe
Chartal-ki-Sawari,4,Bhaanmati,1,4,Ge-B,,3,0.5,0.5,1.0,
Chartal-ki-Sawari,4,Bhaanmati,1,5,,Ti,4,0.25,1.0,1.0,TiRaKiTa
Chartal-ki-Sawari,4,Bhaanmati,1,6,,Ra,4,0.25,1.0,1.0,
Chartal-ki-Sawari,4,Bhaanmati,1,7,Ki,,4,0.25,1.0,1.0,
Chartal-ki-Sawari,4,Bhaanmati,1,8,,TTa,4,0.25,1.0,1.0,
Chartal-ki-Sawari,4,Bhaanmati,1,9,Ka,Tu,5,1.0,1.0,1.0,Tu
Chartal-ki-Sawari,4,Bhaanmati,1,10,,Na,6,0.5,1.0,1.0,Na Na
Chartal-ki-Sawari,4,Bhaanmati,1,11,,Na,6,0.5,1.0,1.0,
Chartal-ki-Sawari,4,Bhaanmati,1,12,Kat,,7,1.0,1.0,1.0,Kat
Chartal-ki-Sawari,4,Bhaanmati,1,13,,TinFull,8,1.0,1.0,1.0,Ta
Chartal-ki-Sawari,4,Bhaanmati,1,14,Ge,Ta,9,0.5,1.0,1.0,DhaGe
Chartal-ki-Sawari,4,Bhaanmati,1,15,Ge-B,,9,0.5,0.5,1.0,
Chartal-ki-Sawari,4,Bhaanmati,1,16,,Na,10,0.5,1.0,1.0,Na Dha
Chartal-ki-Sawari,4,Bhaanmati,1,17,Ge,Ta,10,0.5,1.0,1.0,
Chartal-ki-Sawari,4,Bhaanmati,1,18,,Ti,11,0.25,1.0,1.0,TiRaKiTa
Chartal-ki-Sawari,4,Bhaanmati,1,19,,Ra,11,0.25,1.0,1.0,
Chartal-ki-Sawari,4,Bhaanmati,1,20,Ki,,11,0.25,1.0,1.0,
Chartal-ki-Sawari,4,Bhaanmati,1,21,,TTa,11,0.25,1.0,1.0,
Chartal-ki-Sawari,4,Bhaanmati,2,1,Ge,TinFull,1,1.0,1.0,1.0,Dhin
Chartal-ki-Sawari,4,Bhaanmati,2,2,Ge-LT6,TinMed,2,1.0,1.0,1.0,Dhin
Chartal-ki-Sawari,4,Bhaanmati,2,3,Ge,Ta,3,0.5,1.0,1.0,DhaGe
Chartal-ki-Sawari,4,Bhaanmati,2,4,Ge-B,,3,0.5,0.5,1.0,
Chartal-ki-Sawari,4,Bhaanmati,2,5,,Ti,4,0.25,1.0,1.0,TiRaKiTa
Chartal-ki-Sawari,4,Bhaanmati,2,6,,Ra,4,0.25,1.0,1.0,
Chartal-ki-Sawari,4,Bhaanmati,2,7,Ki,,4,0.25,1.0,1.0,
Chartal-ki-Sawari,4,Bhaanmati,2,8,,TTa,4,0.25,1.0,1.0,
Chartal-ki-Sawari,4,Bhaanmati,2,9,Ka,Tu,5,1.0,1.0,1.0,Tu
Chartal-ki-Sawari,4,Bhaanmati,2,10,,Na,6,0.5,1.0,1.0,Na Na
Chartal-ki-Sawari,4,Bhaanmati,2,11,,Na,6,0.5,1.0,1.0,
Chartal-ki-Sawari,4,Bhaanmati,2,12,Kat,,7,1.0,1.0,1.0,Kat
Chartal-ki-Sawari,4,Bhaanmati,2,13,,TinFull,8,1.0,1.0,1.0,Ta
Chartal-ki-Sawari,4,Bhaanmati,2,14,Ge,Ta,9,0.5,1.0,1.0,DhaGe
Chartal-ki-Sawari,4,Bhaanmati,2,15,Ge-B,,9,0.5,0.5,1.0,
Chartal-ki-Sawari,4,Bhaanmati,2,16,,Na,10,0.5,1.0,1.0,Na Dha
Chartal-ki-Sawari,4,Bhaanmati,2,17,Ge,Ta,10,0.5,1.0,1.0,
Chartal-ki-Sawari,4,Bhaanmati,2,18,,Ti,11,0.25,1.0,1.0,TiRaKiTa
Chartal-ki-Sawari,4,Bhaanmati,2,19,,Ra,11,0.25,1.0,1.0,
Chartal-ki-Sawari,4,Bhaanmati,2,20,Ki,,11,0.25,1.0,1.0,
Chartal-ki-Sawari,4,Bhaanmati,2,21,,TTa,11,0.25,1.0,1.0,
Chartal-ki-Sawari,4,Bhaanmati,3,1,Ge,TinFull,1,1.0,1.0,1.0,Dhin
Chartal-ki-Sawari,4,Bhaanmati,3,2,Ge-LT6,TinMed,2,1.0,1.0,1.0,Dhin
Chartal-ki-Sawari,4,Bhaanmati,3,3,Ge,Ta,3,0.5,1.0,1.0,DhaGe
Chartal-ki-Sawari,4,Bhaanmati,3,4,Ge-B,,3,0.5,0.5,1.0,
Chartal-ki-Sawari,4,Bhaanmati,3,5,,Ti,4,0.5,1.0,1.0,TiTa
Chartal-ki-Sawari,4,Bhaanmati,3,6,,TTa,4,0.5,1.0,1.0,
Chartal-ki-Sawari,4,Bhaanmati,3,7,Ka,Tu,5,1.0,1.0,1.0,Tu
Chartal-ki-Sawari,4,Bhaanmati,3,8,,Na,6,1.0,1.0,1.0,Na
Chartal-ki-Sawari,4,Bhaanmati,3,9,Kat,,7,1.0,1.0,1.0,Kat
Chartal-ki-Sawari,4,Bhaanmati,3,10,,TinFull,8,1.0,1.0,1.0,Ta
Chartal-ki-Sawari,4,Bhaanmati,3,11,Ge,Ta,9,0.5,1.0,1.0,DhaGe
Chartal-ki-Sawari,4,Bhaanmati,3,12,Ge-B,,9,0.5,0.5,1.0,
Chartal-ki-Sawari,4,Bhaanmati,3,13,,Na,10,0.5,1.0,1.0,Na Dha
Chartal-ki-Sawari,4,Bhaanmati,3,14,Ge,Ta,10,0.5,1.0,1.0,
Chartal-ki-Sawari,4,Bhaanmati,3,15,,Ti,11,0.5,1.0,1.0,TiTa
Chartal-ki-Sawari,4,Bhaanmati,3,16,,TTa,11,0.5,1.0,1.0,
Rudra Taal,2,Pro Default,1,1,Ge,Ta,1,1.0,1.0,1.0,Dha
Rudra Taal,2,Pro Default,1,2,,Tat,2,1.0,1.0,1.0,Tat
Rudra Taal,2,Pro Default,1,3,Ge,Ta,3,1.0,1.0,1.0,Dha
Rudra Taal,2,Pro Default,1,4,,Ti,4,0.25,1.0,1.0,TiRaKiTa
Rudra Taal,2,Pro Default,1,5,,Ra,4,0.25,1.0,1.0,
Rudra Taal,2,Pro Default,1,6,Ki,,4,0.25,1.0,1.0,
Rudra Taal,2,Pro Default,1,7,,TTa,4,0.25,1.0,1.0,
Rudra Taal,2,Pro Default,1,8,Ge-S,TinFull,5,1.0,1.0,1.0,Dhin
Rudra Taal,2,Pro Default,1,9,,Na,6,1.0,1.0,1.0,Na
Rudra Taal,2,Pro Default,1,10,,Ti,7,0.25,1.0,1.0,TiRaKiTa
Rudra Taal,2,Pro Default,1,11,,Ra,7,0.25,1.0,1.0,
Rudra Taal,2,Pro Default,1,12,Ki,,7,0.25,1.0,1.0,
Rudra Taal,2,Pro Default,1,13,,TTa,7,0.25,1.0,1.0,
Rudra Taal,2,Pro Default,1,14,Ka,Tu,8,1.0,1.0,1.0,Tu
Rudra Taal,2,Pro Default,1,15,,Na,9,0.5,1.0,1.0,Na Na
Rudra Taal,2,Pro Default,1,16,,Na,9,0.5,1.0,1.0,
Rudra Taal,2,Pro Default,1,17,Kat,,10,1.0,1.0,1.0,Kat
Rudra Taal,2,Pro Default,1,18,,TinFull,11,1.0,1.0,1.0,Ta
Rudra Taal,2,Pro Default,2,1,Ge,Ta,1,1.0,1.0,1.0,Dha
Rudra Taal,2,Pro Default,2,2,,Tat,2,1.0,1.0,1.0,Tat
Rudra Taal,2,Pro Default,2,3,Ge,Ta,3,1.0,1.0,1.0,Dha
Rudra Taal,2,Pro Default,2,4,,Ti,4,0.25,1.0,1.0,TiRaKiTa
Rudra Taal,2,Pro Default,2,5,,Ra,4,0.25,1.0,1.0,
Rudra Taal,2,Pro Default,2,6,Ki,,4,0.25,1.0,1.0,
Rudra Taal,2,Pro Default,2,7,,TTa,4,0.25,1.0,1.0,
Rudra Taal,2,Pro Default,2,8,Ge-LT6,TinFull,5,1.0,1.0,1.0,Dhin
Rudra Taal,2,Pro Default,2,9,,Na,6,1.0,1.0,1.0,Na
Rudra Taal,2,Pro Default,2,10,,Ti,7,0.25,1.0,1.0,TiRaKiTa
Rudra Taal,2,Pro Default,2,11,,Ra,7,0.25,1.0,1.0,
Rudra Taal,2,Pro Default,2,12,Ki,,7,0.25,1.0,1.0,
Rudra Taal,2,Pro Default,2,13,,TTa,7,0.25,1.0,1.0,
Rudra Taal,2,Pro Default,2,14,Ka,Tu,8,1.0,1.0,1.0,Tu
Rudra Taal,2,Pro Default,2,15,,Na,9,0.5,1.0,1.0,Na Na
Rudra Taal,2,Pro Default,2,16,,Na,9,0.5,1.0,1.0,
Rudra Taal,2,Pro Default,2,17,Kat,,10,1.0,1.0,1.0,Kat
Rudra Taal,2,Pro Default,2,18,,TinFull,11,1.0,1.0,1.0,Ta
Rudra Taal,2,Pro Default,3,1,Ge,Ta,1,1.0,1.0,1.0,Dha
Rudra Taal,2,Pro Default,3,2,,Tat,2,1.0,1.0,1.0,Tat
Rudra Taal,2,Pro Default,3,3,Ge,Ta,3,1.0,1.0,1.0,Dha
Rudra Taal,2,Pro Default,3,4,,Ti,4,0.5,1.0,1.0,TiTa
Rudra Taal,2,Pro Default,3,5,,TTa,4,0.5,1.0,1.0,
Rudra Taal,2,Pro Default,3,6,Ge-B,TinFull,5,1.0,1.0,1.0,Dhin
Rudra Taal,2,Pro Default,3,7,,Na,6,1.0,1.0,1.0,Na
Rudra Taal,2,Pro Default,3,8,,Ti,7,0.5,1.0,1.0,TiTa
Rudra Taal,2,Pro Default,3,9,,TTa,7,0.5,1.0,1.0,
Rudra Taal,2,Pro Default,3,10,Ka,Tu,8,1.0,1.0,1.0,Tu
Rudra Taal,2,Pro Default,3,11,,Na,9,1.0,1.0,1.0,Na
Rudra Taal,2,Pro Default,3,12,Kat,,10,1.0,1.0,1.0,Kat
Rudra Taal,2,Pro Default,3,13,,TinFull,11,1.0,1.0,1.0,Ta
Chautaal,2,Pro Default,"1,2,3",1,Ge-OP,TinFull,1,1.0,1.0,1.0,Dha
Chautaal,2,Pro Default,"1,2,3",2,Ge-OP,TinFull,2,1.0,1.0,1.0,Dha
Chautaal,2,Pro Default,"1,2,3",3,Ge-B,Di,3,1.0,0.75,1.0,Dhin
Chautaal,2,Pro Default,"1,2,3",4,,TinFull,4,1.0,1.0,1.0,Ta
Chautaal,2,Pro Default,"1,2,3",5,Ki,,5,0.5,1.0,1.0,Ki Ta
Chautaal,2,Pro Default,"1,2,3",6,,TTa,5,0.5,1.0,1.0,
Chautaal,2,Pro Default,"1,2,3",7,Ge-OP,TinFull,6,1.0,1.0,1.0,Dha
Chautaal,2,Pro Default,"1,2,3",8,Ge-B,Di,7,1.0,0.75,1.0,Dhin
Chautaal,2,Pro Default,"1,2,3",9,,TinFull,8,1.0,1.0,1.0,Ta
Chautaal,2,Pro Default,"1,2,3",10,,Ti,9,0.5,1.0,1.0,Ti Ta
Chautaal,2,Pro Default,"1,2,3",11,,TTa,9,0.5,1.0,1.0,
Chautaal,2,Pro Default,"1,2,3",12,Ka,,10,0.5,1.0,1.0,Ka Ta
Chautaal,2,Pro Default,"1,2,3",13,,TTa,10,0.5,1.0,1.0,
Chautaal,2,Pro Default,"1,2,3",14,Ge-B,,11,0.5,1.0,1.0,Ga Di
Chautaal,2,Pro Default,"1,2,3",15,,Di,11,0.5,1.0,1.0,
Chautaal,2,Pro Default,"1,2,3",16,Ka,,12,0.5,1.0,1.0,Ga Na
Chautaal,2,Pro Default,"1,2,3",17,,NNa,12,0.5,1.0,1.0,
Ektaal,1,Basic,"0,1",1,Ge-Sam,TinFull,1,0.5,1.0,1.0,Dhin
Ektaal,1,Basic,"0,1",2,Ge,,1,0.25,0.125,1.0,
Ektaal,1,Basic,"0,1",3,,TiL,1,0.25,1.0,0.5,
Ektaal,1,Basic,"0,1",4,Ge-S,TinMed,2,0.75,1.0,1.0,Dhin
Ektaal,1,Basic,"0,1",5,,TiL,2,0.25,1.0,0.5,
Ektaal,1,Basic,"0,1",6,Ge,Ta,3,0.5,1.0,1.0,Dha DhaGe
Ektaal,1,Basic,"0,1",7,Ge-B,Ta,3,0.25,1.0,1.0,
Ektaal,1,Basic,"0,1",8,Ge,,3,0.25,1.0,1.0,
Ektaal,1,Basic,"0,1",9,,Ti,4,0.25,1.0,1.0,TiRaKiTa
Ektaal,1,Basic,"0,1",10,,Ra,4,0.25,1.0,1.0,
Ektaal,1,Basic,"0,1",11,Ki,,4,0.25,1.0,1.0,
Ektaal,1,Basic,"0,1",12,,TTa,4,0.25,1.0,1.0,
Ektaal,1,Basic,"0,1",13,Ka,Tu,5,1.0,1.0,1.0,Tu
Ektaal,1,Basic,"0,1",14,,Na,6,0.5,1.0,1.0,Na Na
Ektaal,1,Basic,"0,1",15,,Na,6,0.25,1.0,1.0,
Ektaal,1,Basic,"0,1",16,,Na,6,0.25,1.0,1.0,
Ektaal,1,Basic,"0,1",17,Kat,,7,1.0,1.0,1.0,Kat
Ektaal,1,Basic,"0,1",18,,TinFull,8,1.0,1.0,1.0,Ta
Ektaal,1,Basic,"0,1",19,Ge,Ta,9,0.5,1.0,1.0,Dha DhaGe
Ektaal,1,Basic,"0,1",20,Ge-B,Ta,9,0.25,1.0,1.0,
Ektaal,1,Basic,"0,1",21,Ge,,9,0.25,1.0,1.0,
Ektaal,1,Basic,"0,1",22,,Ti,10,0.25,1.0,1.0,TiRaKiTa
Ektaal,1,Basic,"0,1",23,,Ra,10,0.25,1.0,1.0,
Ektaal,1,Basic,"0,1",24,Ki,,10,0.25,1.0,1.0,
Ektaal,1,Basic,"0,1",25,,TTa,10,0.25,1.0,1.0,
Ektaal,1,Basic,"0,1",26,Ge-S,TinMed,11,1.0,1.0,1.0,Dhin
Ektaal,1,Basic,"0,1",27,Ge,Ta,12,0.5,1.0,1.0,Dha Dha
Ektaal,1,Basic,"0,1",28,Ge-B,Ta,12,0.25,1.0,0.75,
Ektaal,1,Basic,"0,1",29,Ge,Ta,12,0.25,1.0,1.0,
Ektaal,1,Basic,2,1,Ge,TinFull,1,1.0,1.0,1.0,Dhin
Ektaal,1,Basic,2,2,Ge-B,Tin,2,1.0,1.0,1.0,Dhin
Ektaal,1,Basic,2,3,Ge,Ta,3,0.5,1.0,1.0,Dha Ge
Ektaal,1,Basic,2,4,Ge-B,,3,0.5,0.5,1.0,
Ektaal,1,Basic,2,5,,Ti,4,0.25,1.0,0.75,TiRaKiTa
Ektaal,1,Basic,2,6,,Ra,4,0.25,1.0,0.5,
Ektaal,1,Basic,2,7,Ki,,4,0.25,0.75,1.0,
Ektaal,1,Basic,2,8,,TTa,4,0.25,1.0,0.5,
Ektaal,1,Basic,2,9,Ka,Tu,5,1.0,1.0,1.0,Tu
Ektaal,1,Basic,2,10,,Na,6,1.0,1.0,1.0,Na
Ektaal,1,Basic,2,11,Kat,,7,1.0,1.0,1.0,Kat
Ektaal,1,Basic,2,12,,TinFull,8,1.0,1.0,1.0,Ta
Ektaal,1,Basic,2,13,Ge,Ta,9,0.5,1.0,1.0,Dha Ge
Ektaal,1,Basic,2,14,Ge-B,,9,0.5,0.5,1.0,
Ektaal,1,Basic,2,15,,Ti,10,0.25,1.0,0.75,TiRaKiTa
Ektaal,1,Basic,2,16,,Ra,10,0.25,1.0,0.5,
Ektaal,1,Basic,2,17,Ki,,10,0.25,0.75,1.0,
Ektaal,1,Basic,2,18,,TTa,10,0.25,1.0,0.5,
Ektaal,1,Basic,2,19,Ge-B,TinFull,11,1.0,1.0,1.0,Dhin
Ektaal,1,Basic,2,20,,Na,12,0.5,1.0,1.0,Na Na
Ektaal,1,Basic,2,21,,Na,12,0.5,1.0,1.0,
Ektaal,1,Basic,3,1,Ge,TinFull,1,1.0,1.0,1.0,Dhin
Ektaal,1,Basic,3,2,Ge-B,Tin,2,1.0,1.0,1.0,Dhin
Ektaal,1,Basic,3,3,Ge,Ta,3,0.5,1.0,1.0,Dha Ge
Ektaal,1,Basic,3,4,Ge-B,,3,0.5,1.0,1.0,
Ektaal,1,Basic,3,5,,Ti,4,0.5,1.0,1.0,TiTa
Ektaal,1,Basic,3,6,,TTa,4,0.5,1.0,1.0,
Ektaal,1,Basic,3,7,Ka,Tu,5,1.0,1.0,1.0,Tu
Ektaal,1,Basic,3,8,,Na,6,1.0,1.0,1.0,Na
Ektaal,1,Basic,3,9,Kat,,7,1.0,1.0,1.0,Kat
Ektaal,1,Basic,3,10,,TinFull,8,1.0,1.0,1.0,Ta
Ektaal,1,Basic,3,11,Ge,Ta,9,0.5,1.0,1.0,Dha Ge
Ektaal,1,Basic,3,12,Ge-B,,9,0.5,1.0,1.0,
Ektaal,1,Basic,3,13,,Ti,10,0.5,1.0,1.0,TiTa
Ektaal,1,Basic,3,14,,TTa,10,0.5,1.0,1.0,
Ektaal,1,Basic,3,15,Ge,Tin,11,1.0,1.0,1.0,Dhin
Ektaal,1,Basic,3,16,,Na,12,1.0,1.0,1.0,Na
Ektaal,1,Basic,4,1,Ge-B,TinFull,1,1.0,1.0,1.0,Dhin
Ektaal,1,Basic,4,2,,,2,1.0,1.0,1.0,
Ektaal,1,Basic,4,3,Ge,Ta,3,1.0,1.0,1.0,Dha Ge
Ektaal,1,Basic,4,4,Ge-B,,4,1.0,1.0,1.0,
Ektaal,1,Basic,4,5,Ka,Tu,5,1.0,1.0,1.0,Tu Na
Ektaal,1,Basic,4,6,,Na,6,1.0,1.0,1.0,
Ektaal,1,Basic,4,7,Kat,,7,1.0,1.0,1.0,Kat Ta
Ektaal,1,Basic,4,8,,TinFull,8,1.0,1.0,1.0,
Ektaal,1,Basic,4,9,Ge,Ta,9,1.0,1.0,1.0,Dha Ge
Ektaal,1,Basic,4,10,Ge-B,,10,1.0,0.5,1.0,
Ektaal,1,Basic,4,11,Ge,Tin,11,1.0,1.0,1.0,Dhin Na
Ektaal,1,Basic,4,12,,Na,12,1.0,1.0,1.0,
Ektaal,2,Pro Default,0,1,Ge-Sam,TinFull,1,0.5,1.0,1.0,Dhin
Ektaal,2,Pro Default,0,2,Ge,,1,0.25,0.25,1.0,
Ektaal,2,Pro Default,0,3,,TiTaL,1,0.25,1.0,0.5,
Ektaal,2,Pro Default,0,4,Ge-S,TinMed,2,0.75,1.0,1.0,Dhin
Ektaal,2,Pro Default,0,5,,TiTaL,2,0.25,1.0,0.5,
Ektaal,2,Pro Default,0,6,Ge,Ta,3,0.375,1.0,1.0,Dha DhaGe
Ektaal,2,Pro Default,0,7,,KDa,3,0.125,0.5,0.5,
Ektaal,2,Pro Default,0,8,Ge-LT6,Ta,3,0.25,1.0,1.0,
Ektaal,2,Pro Default,0,9,Ge,,3,0.25,1.0,1.0,
Ektaal,2,Pro Default,0,10,,Ti,4,0.25,1.0,1.0,TiRaKiTa
Ektaal,2,Pro Default,0,11,,Ra,4,0.25,1.0,1.0,
Ektaal,2,Pro Default,0,12,Ki,,4,0.25,1.0,1.0,
Ektaal,2,Pro Default,0,13,,TTa,4,0.25,1.0,1.0,
Ektaal,2,Pro Default,0,14,Ka,Tu,5,0.5,1.0,1.0,Tu
Ektaal,2,Pro Default,0,15,Ka,,5,0.25,0.25,1.0,
Ektaal,2,Pro Default,0,16,,TiTaL,5,0.25,1.0,0.5,
Ektaal,2,Pro Default,0,17,,Na,6,0.375,1.0,1.0,Na NaNa
Ektaal,2,Pro Default,0,18,Ka,,6,0.125,0.5,1.0,
Ektaal,2,Pro Default,0,19,,Na,6,0.25,1.0,0.75,
Ektaal,2,Pro Default,0,20,,Na,6,0.25,1.0,0.75,
Ektaal,2,Pro Default,0,21,Kat,,7,0.5,1.0,1.0,Kat
Ektaal,2,Pro Default,0,22,Ka,,7,0.25,0.25,1.0,
Ektaal,2,Pro Default,0,23,,TiTaL,7,0.25,1.0,0.5,
Ektaal,2,Pro Default,0,24,,TinFull,8,0.5,1.0,1.0,Ta
Ektaal,2,Pro Default,0,25,,TiL,8,0.25,1.0,1.0,
Ektaal,2,Pro Default,0,26,,TiTaL,8,0.25,1.0,0.5,
Ektaal,2,Pro Default,0,27,Ge,Ta,9,0.375,1.0,1.0,Dha DhaGe
Ektaal,2,Pro Default,0,28,,KDa,9,0.125,0.5,0.5,
Ektaal,2,Pro Default,0,29,Ge-LT6,Ta,9,0.25,1.0,1.0,
Ektaal,2,Pro Default,0,30,Ge,,9,0.25,1.0,1.0,
Ektaal,2,Pro Default,0,31,,Ti,10,0.25,1.0,1.0,TiRaKiTa
Ektaal,2,Pro Default,0,32,,Ra,10,0.25,1.0,1.0,
Ektaal,2,Pro Default,0,33,Ki,,10,0.25,1.0,1.0,
Ektaal,2,Pro Default,0,34,,TTa,10,0.25,1.0,1.0,
Ektaal,2,Pro Default,0,35,Ge-S,TinFull,11,0.75,1.25,1.25,Dhin
Ektaal,2,Pro Default,0,36,Ge,Tin,11,0.25,0.5,0.5,
Ektaal,2,Pro Default,0,37,Ge,Ta,12,0.375,1.25,1.25,Dha Dha
Ektaal,2,Pro Default,0,38,,KDa,12,0.125,0.5,0.5,
Ektaal,2,Pro Default,0,39,Ge-LT6,Ta,12,0.25,1.25,1.25,
Ektaal,2,Pro Default,0,40,Ge,Ta,12,0.125,1.25,1.25,
Ektaal,2,Pro Default,0,41,,Ti,12,0.125,1.0,1.0,
Ektaal,2,Pro Default,1,1,Ge-Sam,TinFull,1,0.5,1.0,1.0,Dhin
Ektaal,2,Pro Default,1,2,Ge,,1,0.25,0.25,1.0,
Ektaal,2,Pro Default,1,3,,TiL,1,0.25,1.0,0.5,
Ektaal,2,Pro Default,1,4,Ge-S,TinMed,2,0.75,1.0,1.0,Dhin
Ektaal,2,Pro Default,1,5,,TiL,2,0.25,1.0,0.5,
Ektaal,2,Pro Default,1,6,Ge,Ta,3,0.375,1.0,1.0,Dha DhaGe
Ektaal,2,Pro Default,1,7,,KDa,3,0.125,0.5,0.5,
Ektaal,2,Pro Default,1,8,Ge-LT6,Ta,3,0.25,1.0,1.0,
Ektaal,2,Pro Default,1,9,Ge,,3,0.25,1.0,1.0,
Ektaal,2,Pro Default,1,10,,Ti,4,0.25,1.0,1.0,TiRaKiTa
Ektaal,2,Pro Default,1,11,,Ra,4,0.25,1.0,1.0,
Ektaal,2,Pro Default,1,12,Ki,,4,0.25,1.0,1.0,
Ektaal,2,Pro Default,1,13,,TTa,4,0.25,1.0,1.0,
Ektaal,2,Pro Default,1,14,Ka,Tu,5,0.75,1.0,1.0,Tu
Ektaal,2,Pro Default,1,15,,TiL,5,0.25,1.0,0.5,
Ektaal,2,Pro Default,1,16,,Na,6,0.375,1.0,1.0,Na Na
Ektaal,2,Pro Default,1,17,Ka,,6,0.125,0.5,1.0,
Ektaal,2,Pro Default,1,18,,Na,6,0.25,1.0,0.75,
Ektaal,2,Pro Default,1,19,,Na,6,0.25,1.0,0.75,
Ektaal,2,Pro Default,1,20,Kat,,7,0.75,1.0,1.0,Kat
Ektaal,2,Pro Default,1,21,,TiL,7,0.25,1.0,0.5,
Ektaal,2,Pro Default,1,22,,TinFull,8,0.75,1.0,1.0,Ta
Ektaal,2,Pro Default,1,23,,TiL,8,0.25,1.0,0.5,
Ektaal,2,Pro Default,1,24,Ge,Ta,9,0.375,1.0,1.0,Dha DhaGe
Ektaal,2,Pro Default,1,25,,KDa,9,0.125,0.5,0.5,
Ektaal,2,Pro Default,1,26,Ge-LT6,Ta,9,0.25,1.0,1.0,
Ektaal,2,Pro Default,1,27,Ge,,9,0.25,1.0,1.0,
Ektaal,2,Pro Default,1,28,,Ti,10,0.25,1.0,1.0,TiRaKiTa
Ektaal,2,Pro Default,1,29,,Ra,10,0.25,1.0,1.0,
Ektaal,2,Pro Default,1,30,Ki,,10,0.25,1.0,1.0,
Ektaal,2,Pro Default,1,31,,TTa,10,0.25,1.0,1.0,
Ektaal,2,Pro Default,1,32,Ge-S,TinFull,11,0.75,1.25,1.25,Dhin
Ektaal,2,Pro Default,1,33,,TiL,11,0.25,1.0,0.5,
Ektaal,2,Pro Default,1,34,Ge,Ta,12,0.375,1.25,1.25,Dha Dha
Ektaal,2,Pro Default,1,35,,KDa,12,0.125,0.5,0.5,
Ektaal,2,Pro Default,1,36,Ge-LT6,Ta,12,0.25,1.25,1.25,
Ektaal,2,Pro Default,1,37,Ge,Ta,12,0.25,1.25,1.25,
Ektaal,2,Pro Default,55,1,Ge-Sam,TinFull,1,1.0,1.0,1.0,Dhin
Ektaal,2,Pro Default,55,2,Ge-LT6,TinMed,2,1.0,1.0,1.0,Dhin
Ektaal,2,Pro Default,55,3,Ge,Ta,3,0.5,1.0,1.0,Dha Ge
Ektaal,2,Pro Default,55,4,Ge-LT6,,3,0.5,1.0,1.0,
Ektaal,2,Pro Default,55,5,,Ti,4,0.25,1.0,1.0,TiRaKiTa
Ektaal,2,Pro Default,55,6,,Ra,4,0.25,1.0,1.0,
Ektaal,2,Pro Default,55,7,Ki,,4,0.25,1.0,1.0,
Ektaal,2,Pro Default,55,8,,TTa,4,0.25,1.0,1.0,
Ektaal,2,Pro Default,55,9,Ka,Tu,5,1.0,1.0,1.0,Tu
Ektaal,2,Pro Default,55,10,,Na,6,0.5,1.0,1.0,Na Na
Ektaal,2,Pro Default,55,11,,Na,6,0.5,1.0,0.75,
Ektaal,2,Pro Default,55,12,Kat,,7,1.0,1.0,1.0,Kat
Ektaal,2,Pro Default,55,13,,TinFull,8,1.0,1.0,1.0,Ta
Ektaal,2,Pro Default,55,14,Ge,Ta,9,0.5,1.0,1.0,Dha Ge
Ektaal,2,Pro Default,55,15,Ge-LT6,,9,0.5,1.0,1.0,
Ektaal,2,Pro Default,55,16,,Ti,10,0.25,1.0,1.0,TiRaKiTa
Ektaal,2,Pro Default,55,17,,Ra,10,0.25,1.0,1.0,
Ektaal,2,Pro Default,55,18,Ki,,10,0.25,1.0,1.0,
Ektaal,2,Pro Default,55,19,,TTa,10,0.25,1.0,1.0,
Ektaal,2,Pro Default,55,20,Ge-S,TinFull,11,0.75,1.25,1.0,Dhin
Ektaal,2,Pro Default,55,21,,KDa,11,0.25,0.5,0.5,
Ektaal,2,Pro Default,55,22,Ge,Ta,12,0.5,1.25,1.0,Dha Dha
Ektaal,2,Pro Default,55,23,Ge-LT6,Ta,12,0.25,1.25,1.0,
Ektaal,2,Pro Default,55,24,,Ti,12,0.25,1.25,1.0,
Ektaal,2,Pro Default,2,1,Ge-Sam,TinFull,1,1.0,1.0,1.0,Dhin
Ektaal,2,Pro Default,2,2,Ge-LT6,Tin,2,1.0,1.0,1.0,Dhin
Ektaal,2,Pro Default,2,3,Ge,Ta,3,0.5,1.0,0.5,Dha Ge
Ektaal,2,Pro Default,2,4,Ge-B,,3,0.5,0.5,1.0,
Ektaal,2,Pro Default,2,5,,Ti,4,0.25,1.0,0.75,TiRaKiTa
Ektaal,2,Pro Default,2,6,,Ra,4,0.25,1.0,0.5,
Ektaal,2,Pro Default,2,7,Ki,,4,0.25,0.75,1.0,
Ektaal,2,Pro Default,2,8,,TTa,4,0.25,1.0,0.5,
Ektaal,2,Pro Default,2,9,Ka,Tu,5,1.0,1.0,0.5,Tu
Ektaal,2,Pro Default,2,10,,Na,6,0.5,1.0,0.75,Na Na
Ektaal,2,Pro Default,2,11,,Na,6,0.5,1.0,0.75,
Ektaal,2,Pro Default,2,12,Kat,,7,1.0,1.0,1.0,Kat
Ektaal,2,Pro Default,2,13,,TinFull,8,1.0,1.0,1.0,Ta
Ektaal,2,Pro Default,2,14,Ge,Ta,9,0.5,1.0,1.0,Dha Ge
Ektaal,2,Pro Default,2,15,Ge-B,,9,0.5,0.5,1.0,
Ektaal,2,Pro Default,2,16,,Ti,10,0.25,1.0,0.75,TiRaKiTa
Ektaal,2,Pro Default,2,17,,Ra,10,0.25,1.0,0.5,
Ektaal,2,Pro Default,2,18,Ki,,10,0.25,0.75,1.0,
Ektaal,2,Pro Default,2,19,,TTa,10,0.25,1.0,0.5,
Ektaal,2,Pro Default,2,20,Ge-B,TinFull,11,0.75,1.0,1.0,Dhin
Ektaal,2,Pro Default,2,21,,KDa,11,0.25,0.5,0.5,
Ektaal,2,Pro Default,2,22,,Na,12,0.5,1.0,0.75,Na Na
Ektaal,2,Pro Default,2,23,,Na,12,0.5,1.0,1.0,
Ektaal,2,Pro Default,3,1,Ge,TinFull,1,1.0,1.0,1.0,Dhin
Ektaal,2,Pro Default,3,2,Ge-LT6,Tin,2,1.0,1.0,1.0,Dhin
Ektaal,2,Pro Default,3,3,Ge,Ta,3,0.5,1.0,0.5,Dha Ge
Ektaal,2,Pro Default,3,4,Ge-B,,3,0.5,1.0,1.0,
Ektaal,2,Pro Default,3,5,,Ti,4,0.5,1.0,0.75,TiTa
Ektaal,2,Pro Default,3,6,,TTa,4,0.5,1.0,0.75,
Ektaal,2,Pro Default,3,7,Ka,Tu,5,1.0,1.0,0.5,Tu
Ektaal,2,Pro Default,3,8,,Na,6,1.0,1.0,0.75,Na
Ektaal,2,Pro Default,3,9,Kat,,7,1.0,1.0,1.0,Kat
Ektaal,2,Pro Default,3,10,,TinMed,8,1.0,1.0,1.0,Ta
Ektaal,2,Pro Default,3,11,Ge,Ta,9,0.5,1.0,1.0,Dha Ge
Ektaal,2,Pro Default,3,12,Ge-B,,9,0.5,0.5,1.0,
Ektaal,2,Pro Default,3,13,,Ti,10,0.5,1.0,0.75,TiTa
Ektaal,2,Pro Default,3,14,,TTa,10,0.5,1.0,0.75,
Ektaal,2,Pro Default,3,15,Ge,Tin,11,1.0,1.0,1.0,Dhin
Ektaal,2,Pro Default,3,16,,Na,12,1.0,1.0,1.0,Na
Ektaal,2,Pro Default,4,1,Ge-LT6,TinFull,1,1.0,1.0,1.0,Dhin
Ektaal,2,Pro Default,4,2,Ge,Tin,2,1.0,1.0,1.0,Dhin
Ektaal,2,Pro Default,4,3,Ge,Ta,3,0.5,1.0,0.5,Dha Ge
Ektaal,2,Pro Default,4,4,Ge-B,,3,0.5,1.0,1.0,
Ektaal,2,Pro Default,4,5,,Ti,4,0.5,1.0,0.75,TiTa
Ektaal,2,Pro Default,4,6,,TTa,4,0.5,1.0,0.75,
Ektaal,2,Pro Default,4,7,Ka,Tu,5,1.0,1.0,0.5,Tu
Ektaal,2,Pro Default,4,8,,Na,6,1.0,1.0,0.75,Na
Ektaal,2,Pro Default,4,9,Kat,,7,1.0,1.0,1.0,Kat
Ektaal,2,Pro Default,4,10,,TinMed,8,1.0,1.0,1.0,Ta
Ektaal,2,Pro Default,4,11,Ge,Ta,9,0.5,1.0,1.0,Dha Ge
Ektaal,2,Pro Default,4,12,Ge-B,,9,0.5,0.5,1.0,
Ektaal,2,Pro Default,4,13,,Ti,10,0.5,1.0,0.75,TiTa
Ektaal,2,Pro Default,4,14,,TTa,10,0.5,1.0,0.75,
Ektaal,2,Pro Default,4,15,Ge,Tin,11,1.0,1.0,1.0,Dhin Na
Ektaal,2,Pro Default,4,16,,Na,12,1.0,1.0,1.0,
Ektaal,3,More Fillers,-99,1,Ge-Sam,TinFull,1,0.25,1.0,1.0,Dhin
Ektaal,3,More Fillers,-99,2,Ge,,1,0.25,0.25,1.0,
Ektaal,3,More Fillers,-99,3,Ge-B,Tin,1,0.1875,0.25,0.5,
Ektaal,3,More Fillers,-99,4,,KDa,1,0.0625,0.5,0.5,
Ektaal,3,More Fillers,-99,5,Ge,,1,0.125,0.5,0.5,
Ektaal,3,More Fillers,-99,6,,TiL,1,0.125,1.0,0.5,
Ektaal,3,More Fillers,-99,7,Ge-S,TinMed,2,0.375,1.0,1.0,Dhin
Ektaal,3,More Fillers,-99,8,,TiL,2,0.125,1.0,0.5,
Ektaal,3,More Fillers,-99,9,Ge-B,Tin,2,0.1875,0.25,0.5,
Ektaal,3,More Fillers,-99,10,,KDa,2,0.0625,0.5,0.5,
Ektaal,3,More Fillers,-99,11,Ge,,2,0.125,0.5,0.5,
Ektaal,3,More Fillers,-99,12,,TiL,2,0.125,1.0,0.5,
Ektaal,3,More Fillers,-99,13,Ge,Ta,3,0.25,1.0,1.0,Dha DhaGe
Ektaal,3,More Fillers,-99,14,Ge,,3,0.125,0.25,1.0,
Ektaal,3,More Fillers,-99,15,,TiL,3,0.125,1.0,0.5,
Ektaal,3,More Fillers,-99,16,Ge,Ta,3,0.1875,1.0,1.0,
Ektaal,3,More Fillers,-99,17,,KDa,3,0.0625,1.0,1.0,
Ektaal,3,More Fillers,-99,18,Ge-LT6,Ta,3,0.125,1.0,0.75,
Ektaal,3,More Fillers,-99,19,Ge,,3,0.125,1.0,1.0,
Ektaal,3,More Fillers,-99,20,,Ti,4,0.125,1.0,1.0,TiRaKiTa
Ektaal,3,More Fillers,-99,21,,TiTaL,4,0.125,1.0,0.5,
Ektaal,3,More Fillers,-99,22,,Ra,4,0.125,1.0,1.0,
Ektaal,3,More Fillers,-99,23,,TiTaL,4,0.125,1.0,0.5,
Ektaal,3,More Fillers,-99,24,Ki,,4,0.125,1.0,1.0,
Ektaal,3,More Fillers,-99,25,,TiTaL,4,0.125,1.0,0.5,
Ektaal,3,More Fillers,-99,26,,Ti,4,0.0625,1.0,1.0,
Ektaal,3,More Fillers,-99,27,,Ra,4,0.0625,1.0,1.0,
Ektaal,3,More Fillers,-99,28,Ki,,4,0.0625,1.0,1.0,
Ektaal,3,More Fillers,-99,29,,TTa,4,0.0625,1.0,1.0,
Ektaal,3,More Fillers,-99,30,Ka,Tu,5,0.5,1.0,1.0,Tu
Ektaal,3,More Fillers,-99,31,Ka,,5,0.25,0.25,0.25,
Ektaal,3,More Fillers,-99,32,,TiTaL,5,0.25,1.0,0.5,
Ektaal,3,More Fillers,-99,33,,Na,6,0.375,1.0,1.0,Na NaNa
Ektaal,3,More Fillers,-99,34,Ka,,6,0.125,0.5,1.0,
Ektaal,3,More Fillers,-99,35,,Na,6,0.25,1.0,1.0,
Ektaal,3,More Fillers,-99,36,,Na,6,0.125,1.0,0.75,
Ektaal,3,More Fillers,-99,37,,Na,6,0.125,1.0,0.75,
Ektaal,3,More Fillers,-99,38,Kat,,7,0.5,1.0,1.0,Kat
Ektaal,3,More Fillers,-99,39,Ka,,7,0.25,0.5,1.0,
Ektaal,3,More Fillers,-99,40,,TiTaL,7,0.25,1.0,0.5,
Ektaal,3,More Fillers,-99,41,,TinFull,8,0.5,1.0,1.0,Ta
Ektaal,3,More Fillers,-99,42,,TiL,8,0.25,1.0,0.5,
Ektaal,3,More Fillers,-99,43,,TiTaL,8,0.25,1.0,0.5,
Ektaal,3,More Fillers,-99,44,Ge,Ta,9,0.25,1.0,1.0,Dha DhaGe
Ektaal,3,More Fillers,-99,45,Ge,,9,0.125,0.25,1.0,
Ektaal,3,More Fillers,-99,46,,TiL,9,0.125,1.0,0.5,
Ektaal,3,More Fillers,-99,47,Ge,Ta,9,0.1875,1.0,1.0,
Ektaal,3,More Fillers,-99,48,,KDa,9,0.0625,1.0,1.0,
Ektaal,3,More Fillers,-99,49,Ge-LT6,Ta,9,0.125,1.0,0.75,
Ektaal,3,More Fillers,-99,50,Ge,,9,0.125,1.0,1.0,
Ektaal,3,More Fillers,-99,51,,Ti,10,0.125,1.0,1.0,TiRaKiTa
Ektaal,3,More Fillers,-99,52,,TiTaL,10,0.125,1.0,0.5,
Ektaal,3,More Fillers,-99,53,,Ra,10,0.125,1.0,1.0,
Ektaal,3,More Fillers,-99,54,,TiTaL,10,0.125,1.0,0.5,
Ektaal,3,More Fillers,-99,55,Ki,,10,0.125,1.0,1.0,
Ektaal,3,More Fillers,-99,56,,TiTaL,10,0.125,1.0,0.5,
Ektaal,3,More Fillers,-99,57,,Ti,10,0.0625,1.0,1.0,
Ektaal,3,More Fillers,-99,58,,Ra,10,0.0625,1.0,1.0,
Ektaal,3,More Fillers,-99,59,Ki,,10,0.0625,1.0,1.0,
Ektaal,3,More Fillers,-99,60,,TTa,10,0.0625,1.0,1.0,
Ektaal,3,More Fillers,-99,61,Ge-S,TinFull,11,0.375,1.25,1.25,Dhin
Ektaal,3,More Fillers,-99,62,,TiL,11,0.125,1.0,0.5,
Ektaal,3,More Fillers,-99,63,Ge-B,Tin,11,0.1875,0.5,0.5,
Ektaal,3,More Fillers,-99,64,,KDa,11,0.0625,1.0,1.0,
Ektaal,3,More Fillers,-99,65,Ge-LT6,Tin,11,0.125,0.75,0.75,
Ektaal,3,More Fillers,-99,66,Ge-B,Tin,11,0.125,0.5,0.5,
Ektaal,3,More Fillers,-99,67,Ge,Ta,12,0.25,1.25,1.25,Dha Dha
Ektaal,3,More Fillers,-99,68,Ge,,12,0.125,0.25,1.0,
Ektaal,3,More Fillers,-99,69,,TiL,12,0.125,1.0,0.5,
Ektaal,3,More Fillers,-99,70,Ge,Ta,12,0.1875,1.0,1.0,
Ektaal,3,More Fillers,-99,71,,KDa,12,0.0625,1.0,1.0,
Ektaal,3,More Fillers,-99,72,Ge-LT6,Ta,12,0.125,1.25,1.25,
Ektaal,3,More Fillers,-99,73,Ge,Ta,12,0.125,1.25,1.25,
Ektaal,3,More Fillers,0,1,Ge-Sam,TinFull,1,0.25,1.0,1.0,Dhin
Ektaal,3,More Fillers,0,2,Ge,,1,0.25,0.25,1.0,
Ektaal,3,More Fillers,0,3,Ge-B,Tin,1,0.1875,0.25,0.5,
Ektaal,3,More Fillers,0,4,,KDa,1,0.0625,0.5,0.5,
Ektaal,3,More Fillers,0,5,Ge,,1,0.125,0.25,0.25,
Ektaal,3,More Fillers,0,6,,TiL,1,0.125,1.0,0.5,
Ektaal,3,More Fillers,0,7,Ge-S,TinMed,2,0.375,1.0,1.0,Dhin
Ektaal,3,More Fillers,0,8,,TiL,2,0.125,1.0,0.5,
Ektaal,3,More Fillers,0,9,Ge-B,Tin,2,0.1875,0.25,0.5,
Ektaal,3,More Fillers,0,10,,KDa,2,0.0625,0.5,0.5,
Ektaal,3,More Fillers,0,11,Ge,,2,0.125,0.25,0.25,
Ektaal,3,More Fillers,0,12,,TiL,2,0.125,1.0,0.5,
Ektaal,3,More Fillers,0,13,Ge,Ta,3,0.25,1.0,1.0,Dha DhaGe
Ektaal,3,More Fillers,0,14,Ge,,3,0.125,0.25,1.0,
Ektaal,3,More Fillers,0,15,,TiL,3,0.125,1.0,0.5,
Ektaal,3,More Fillers,0,16,Ge,Ta,3,0.1875,1.0,1.0,
Ektaal,3,More Fillers,0,17,,KDa,3,0.0625,1.0,1.0,
Ektaal,3,More Fillers,0,18,Ge-LT6,Ta,3,0.125,1.0,0.75,
Ektaal,3,More Fillers,0,19,Ge,,3,0.125,1.0,1.0,
Ektaal,3,More Fillers,0,20,,Ti,4,0.125,1.0,1.0,TiRaKiTa
Ektaal,3,More Fillers,0,21,,TiL,4,0.125,1.0,0.5,
Ektaal,3,More Fillers,0,22,,Ra,4,0.125,1.0,1.0,
Ektaal,3,More Fillers,0,23,,TiL,4,0.125,1.0,0.5,
Ektaal,3,More Fillers,0,24,Ki,,4,0.125,1.0,1.0,
Ektaal,3,More Fillers,0,25,,TiL,4,0.125,1.0,0.5,
Ektaal,3,More Fillers,0,26,,TTa,4,0.125,1.0,1.0,
Ektaal,3,More Fillers,0,27,,TiL,4,0.125,1.0,0.5,
Ektaal,3,More Fillers,0,28,Ka,Tu,5,0.5,1.0,1.0,Tu
Ektaal,3,More Fillers,0,29,Ka,,5,0.25,0.25,0.25,
Ektaal,3,More Fillers,0,30,,TiTaL,5,0.25,1.0,0.5,
Ektaal,3,More Fillers,0,31,,Na,6,0.375,1.0,1.0,Na NaNa
Ektaal,3,More Fillers,0,32,Ka,,6,0.125,0.5,1.0,
Ektaal,3,More Fillers,0,33,,Na,6,0.25,1.0,1.0,
Ektaal,3,More Fillers,0,34,,Na,6,0.125,1.0,0.75,
Ektaal,3,More Fillers,0,35,,Na,6,0.125,1.0,0.75,
Ektaal,3,More Fillers,0,36,Kat,,7,0.5,1.0,1.0,Kat
Ektaal,3,More Fillers,0,37,Ka,,7,0.25,0.5,1.0,
Ektaal,3,More Fillers,0,38,,TiTaL,7,0.25,1.0,0.5,
Ektaal,3,More Fillers,0,39,,TinFull,8,0.5,1.0,1.0,Ta
Ektaal,3,More Fillers,0,40,,TiL,8,0.25,1.0,0.5,
Ektaal,3,More Fillers,0,41,,TiTaL,8,0.25,1.0,0.5,
Ektaal,3,More Fillers,0,42,Ge,Ta,9,0.25,1.0,1.0,Dha DhaGe
Ektaal,3,More Fillers,0,43,Ge,,9,0.125,0.25,1.0,
Ektaal,3,More Fillers,0,44,,TiL,9,0.125,1.0,0.5,
Ektaal,3,More Fillers,0,45,Ge,Ta,9,0.1875,1.0,1.0,
Ektaal,3,More Fillers,0,46,,KDa,9,0.0625,1.0,1.0,
Ektaal,3,More Fillers,0,47,Ge-LT6,Ta,9,0.125,1.0,0.75,
Ektaal,3,More Fillers,0,48,Ge,,9,0.125,1.0,1.0,
Ektaal,3,More Fillers,0,49,,Ti,10,0.125,1.0,1.0,TiRaKiTa
Ektaal,3,More Fillers,0,50,,TiL,10,0.125,1.0,0.5,
Ektaal,3,More Fillers,0,51,,Ra,10,0.125,1.0,1.0,
Ektaal,3,More Fillers,0,52,,TiL,10,0.125,1.0,0.5,
Ektaal,3,More Fillers,0,53,Ki,,10,0.125,1.0,1.0,
Ektaal,3,More Fillers,0,54,,TiL,10,0.125,1.0,0.5,
Ektaal,3,More Fillers,0,55,,TTa,10,0.125,1.0,1.0,
Ektaal,3,More Fillers,0,56,,TiL,10,0.125,1.0,0.5,
Ektaal,3,More Fillers,0,57,Ge-S,TinFull,11,0.375,1.25,1.25,Dhin
Ektaal,3,More Fillers,0,58,,TiL,11,0.125,1.0,0.5,
Ektaal,3,More Fillers,0,59,Ge-B,Tin,11,0.1875,0.75,0.75,
Ektaal,3,More Fillers,0,60,,KDa,11,0.0625,0.25,0.25,
Ektaal,3,More Fillers,0,61,Ge-LT6,Tin,11,0.125,0.5,0.5,
Ektaal,3,More Fillers,0,62,Ge-B,Tin,11,0.125,0.5,0.5,
Ektaal,3,More Fillers,0,63,Ge,Ta,12,0.25,1.25,1.25,Dha Dha
Ektaal,3,More Fillers,0,64,Ge,,12,0.125,0.25,1.0,
Ektaal,3,More Fillers,0,65,,TiL,12,0.125,1.0,0.5,
Ektaal,3,More Fillers,0,66,Ge,Ta,12,0.1875,1.0,1.0,
Ektaal,3,More Fillers,0,67,,KDa,12,0.0625,1.0,1.0,
Ektaal,3,More Fillers,0,68,Ge-LT6,Ta,12,0.125,1.25,1.25,
Ektaal,3,More Fillers,0,69,Ge,Ta,12,0.125,1.25,1.25,
Ektaal,3,More Fillers,1,1,Ge-Sam,TinFull,1,0.5,1.0,1.0,Dhin
Ektaal,3,More Fillers,1,2,Ge,,1,0.25,0.25,1.0,
Ektaal,3,More Fillers,1,3,,TiL,1,0.25,1.0,0.5,
Ektaal,3,More Fillers,1,4,Ge-S,TinMed,2,0.75,1.0,1.0,Dhin
Ektaal,3,More Fillers,1,5,,TiL,2,0.25,1.0,0.5,
Ektaal,3,More Fillers,1,6,Ge,Ta,3,0.375,1.0,1.0,Dha DhaGe
Ektaal,3,More Fillers,1,7,,KDa,3,0.125,0.5,0.5,
Ektaal,3,More Fillers,1,8,Ge-LT6,Ta,3,0.25,1.0,0.75,
Ektaal,3,More Fillers,1,9,Ge,,3,0.25,1.0,1.0,
Ektaal,3,More Fillers,1,10,,Ti,4,0.25,1.0,1.0,TiRaKiTa
Ektaal,3,More Fillers,1,11,,Ra,4,0.25,1.0,1.0,
Ektaal,3,More Fillers,1,12,Ki,,4,0.25,1.0,1.0,
Ektaal,3,More Fillers,1,13,,TTa,4,0.25,1.0,1.0,
Ektaal,3,More Fillers,1,14,Ka,Tu,5,0.75,1.0,1.0,Tu
Ektaal,3,More Fillers,1,15,,TiL,5,0.25,1.0,0.5,
Ektaal,3,More Fillers,1,16,,Na,6,0.375,1.0,1.0,Na Na
Ektaal,3,More Fillers,1,17,Ka,,6,0.125,0.5,1.0,
Ektaal,3,More Fillers,1,18,,Na,6,0.25,1.0,0.75,
Ektaal,3,More Fillers,1,19,,Na,6,0.25,1.0,0.75,
Ektaal,3,More Fillers,1,20,Kat,,7,0.5,1.0,1.0,Kat
Ektaal,3,More Fillers,1,21,Ka,,7,0.25,0.25,1.0,
Ektaal,3,More Fillers,1,22,,TiL,7,0.25,1.0,0.5,
Ektaal,3,More Fillers,1,23,,TinFull,8,0.5,1.0,1.0,Ta
Ektaal,3,More Fillers,1,24,,TiTaL,8,0.5,1.0,0.5,
Ektaal,3,More Fillers,1,25,Ge,Ta,9,0.375,1.0,1.0,Dha DhaGe
Ektaal,3,More Fillers,1,26,,KDa,9,0.125,0.5,0.5,
Ektaal,3,More Fillers,1,27,Ge-LT6,Ta,9,0.25,1.0,0.75,
Ektaal,3,More Fillers,1,28,Ge,,9,0.25,1.0,1.0,
Ektaal,3,More Fillers,1,29,,Ti,10,0.25,1.0,1.0,TiRaKiTa
Ektaal,3,More Fillers,1,30,,Ra,10,0.25,1.0,1.0,
Ektaal,3,More Fillers,1,31,Ki,,10,0.25,1.0,1.0,
Ektaal,3,More Fillers,1,32,,TTa,10,0.25,1.0,1.0,
Ektaal,3,More Fillers,1,33,Ge-S,TinMed,11,0.75,1.25,1.25,Dhin
Ektaal,3,More Fillers,1,34,,TiL,11,0.25,1.0,0.5,
Ektaal,3,More Fillers,1,35,Ge,Ta,12,0.375,1.25,1.25,Dha Dha
Ektaal,3,More Fillers,1,36,,KDa,12,0.125,1.0,1.0,
Ektaal,3,More Fillers,1,37,Ge-LT6,Ta,12,0.25,1.25,1.25,
Ektaal,3,More Fillers,1,38,Ge,Ta,12,0.25,1.25,1.25,
Ektaal,3,More Fillers,55,1,Ge-Sam,TinFull,1,0.75,1.0,1.0,Dhin
Ektaal,3,More Fillers,55,3,,TiL,1,0.25,1.0,0.5,
Ektaal,3,More Fillers,55,4,Ge-S,TinMed,2,0.75,1.0,1.0,Dhin
Ektaal,3,More Fillers,55,5,,TiL,2,0.25,1.0,0.5,
Ektaal,3,More Fillers,55,6,Ge,Ta,3,0.5,1.0,1.0,Dha GeGe
Ektaal,3,More Fillers,55,8,Ge-B,,3,0.25,0.5,1.0,
Ektaal,3,More Fillers,55,9,Ge-LT6,,3,0.25,0.5,1.0,
Ektaal,3,More Fillers,55,10,,Ti,4,0.25,1.0,1.0,TiRaKiTa
Ektaal,3,More Fillers,55,11,,Ra,4,0.25,1.0,1.0,
Ektaal,3,More Fillers,55,12,Ki,,4,0.25,1.0,1.0,
Ektaal,3,More Fillers,55,13,,TTa,4,0.25,1.0,1.0,
Ektaal,3,More Fillers,55,14,Ka,Tu,5,0.75,1.0,1.0,Tu
Ektaal,3,More Fillers,55,15,,TiL,5,0.25,1.0,0.5,
Ektaal,3,More Fillers,55,16,,Na,6,0.5,1.0,1.0,Na Na
Ektaal,3,More Fillers,55,18,,Na,6,0.25,1.0,0.75,
Ektaal,3,More Fillers,55,19,,Na,6,0.25,1.0,0.25,
Ektaal,3,More Fillers,55,20,Kat,,7,0.75,1.0,1.0,Kat
Ektaal,3,More Fillers,55,22,,TiL,7,0.25,1.0,0.5,
Ektaal,3,More Fillers,55,23,,TinFull,8,0.5,1.0,1.0,Ta
Ektaal,3,More Fillers,55,24,,TiTaL,8,0.5,1.0,0.5,
Ektaal,3,More Fillers,55,25,Ge,Ta,9,0.5,1.0,1.0,Dha GeGe
Ektaal,3,More Fillers,55,27,Ge-B,,9,0.25,0.5,1.0,
Ektaal,3,More Fillers,55,28,Ge-LT6,,9,0.25,0.5,1.0,
Ektaal,3,More Fillers,55,29,,Ti,10,0.25,1.0,1.0,TiRaKiTa
Ektaal,3,More Fillers,55,30,,Ra,10,0.25,1.0,1.0,
Ektaal,3,More Fillers,55,31,Ki,,10,0.25,1.0,1.0,
Ektaal,3,More Fillers,55,32,,TTa,10,0.25,1.0,1.0,
Ektaal,3,More Fillers,55,33,Ge-S,TinMed,11,0.75,1.25,1.25,Dhin
Ektaal,3,More Fillers,55,34,,KDa,11,0.25,1.0,0.5,
Ektaal,3,More Fillers,55,35,Ge,Ta,12,0.5,1.25,1.25,Dha Dha
Ektaal,3,More Fillers,55,37,Ge-LT6,Ta,12,0.25,1.25,1.25,
Ektaal,3,More Fillers,55,38,Ge,Ta,12,0.25,1.25,1.25,
Ektaal,3,More Fillers,2,1,Ge-Sam,TinFull,1,1.0,1.0,1.0,Dhin
Ektaal,3,More Fillers,2,2,Ge-LT6,Tin,2,1.0,1.0,1.0,Dhin
Ektaal,3,More Fillers,2,3,Ge,Ta,3,0.5,1.0,0.5,Dha Ge
Ektaal,3,More Fillers,2,4,Ge-B,,3,0.5,0.5,1.0,
Ektaal,3,More Fillers,2,5,,Ti,4,0.25,1.0,0.75,TiRaKiTa
Ektaal,3,More Fillers,2,6,,Ra,4,0.25,1.0,0.5,
Ektaal,3,More Fillers,2,7,Ki,,4,0.25,0.75,1.0,
Ektaal,3,More Fillers,2,8,,TTa,4,0.25,1.0,0.5,
Ektaal,3,More Fillers,2,9,Ka,Tu,5,1.0,1.0,0.5,Tu
Ektaal,3,More Fillers,2,10,,Na,6,0.5,1.0,0.75,Na Na
Ektaal,3,More Fillers,2,11,,Na,6,0.5,1.0,0.75,
Ektaal,3,More Fillers,2,12,Kat,,7,1.0,1.0,1.0,Kat
Ektaal,3,More Fillers,2,13,,TinFull,8,1.0,1.0,1.0,Ta
Ektaal,3,More Fillers,2,14,Ge,Ta,9,0.5,1.0,1.0,Dha Ge
Ektaal,3,More Fillers,2,15,Ge-B,,9,0.5,0.5,1.0,
Ektaal,3,More Fillers,2,16,,Ti,10,0.25,1.0,0.75,TiRaKiTa
Ektaal,3,More Fillers,2,17,,Ra,10,0.25,1.0,0.5,
Ektaal,3,More Fillers,2,18,Ki,,10,0.25,0.75,1.0,
Ektaal,3,More Fillers,2,19,,TTa,10,0.25,1.0,0.5,
Ektaal,3,More Fillers,2,20,Ge-B,TinFull,11,0.75,1.0,1.0,Dhin
Ektaal,3,More Fillers,2,21,,KDa,11,0.25,1.0,1.0,
Ektaal,3,More Fillers,2,22,,Na,12,0.5,1.0,0.75,Na Na
Ektaal,3,More Fillers,2,23,,Na,12,0.5,1.0,1.0,
Ektaal,3,More Fillers,3,1,Ge,TinFull,1,1.0,1.0,1.0,Dhin
Ektaal,3,More Fillers,3,2,Ge-LT6,Tin,2,1.0,1.0,1.0,Dhin
Ektaal,3,More Fillers,3,3,Ge,Ta,3,0.5,1.0,0.5,Dha Ge
Ektaal,3,More Fillers,3,4,Ge-B,,3,0.5,1.0,1.0,
Ektaal,3,More Fillers,3,5,,Ti,4,0.5,1.0,0.75,TiTa
Ektaal,3,More Fillers,3,6,,TTa,4,0.5,1.0,0.75,
Ektaal,3,More Fillers,3,7,Ka,Tu,5,1.0,1.0,0.5,Tu
Ektaal,3,More Fillers,3,8,,Na,6,1.0,1.0,0.75,Na
Ektaal,3,More Fillers,3,9,Kat,,7,1.0,1.0,1.0,Kat
Ektaal,3,More Fillers,3,10,,TinMed,8,1.0,1.0,1.0,Ta
Ektaal,3,More Fillers,3,11,Ge,Ta,9,0.5,1.0,1.0,Dha Ge
Ektaal,3,More Fillers,3,12,Ge-B,,9,0.5,0.5,1.0,
Ektaal,3,More Fillers,3,13,,Ti,10,0.5,1.0,0.75,TiTa
Ektaal,3,More Fillers,3,14,,TTa,10,0.5,1.0,0.75,
Ektaal,3,More Fillers,3,15,Ge,Tin,11,1.0,1.0,1.0,Dhin
Ektaal,3,More Fillers,3,16,,Na,12,1.0,1.0,1.0,Na
Ektaal,3,More Fillers,4,1,Ge-LT6,TinFull,1,1.0,1.0,1.0,Dhin
Ektaal,3,More Fillers,4,2,Ge,Tin,2,1.0,1.0,1.0,Dhin
Ektaal,3,More Fillers,4,3,Ge,Ta,3,0.5,1.0,0.5,Dha Ge
Ektaal,3,More Fillers,4,4,Ge-B,,3,0.5,1.0,1.0,
Ektaal,3,More Fillers,4,5,,Ti,4,0.5,1.0,0.75,TiTa
Ektaal,3,More Fillers,4,6,,TTa,4,0.5,1.0,0.75,
Ektaal,3,More Fillers,4,7,Ka,Tu,5,1.0,1.0,0.5,Tu
Ektaal,3,More Fillers,4,8,,Na,6,1.0,1.0,0.75,Na
Ektaal,3,More Fillers,4,9,Kat,,7,1.0,1.0,1.0,Kat
Ektaal,3,More Fillers,4,10,,TinMed,8,1.0,1.0,1.0,Ta
Ektaal,3,More Fillers,4,11,Ge,Ta,9,0.5,1.0,1.0,Dha Ge
Ektaal,3,More Fillers,4,12,Ge-B,,9,0.5,0.5,1.0,
Ektaal,3,More Fillers,4,13,,Ti,10,0.5,1.0,0.75,TiTa
Ektaal,3,More Fillers,4,14,,TTa,10,0.5,1.0,0.75,
Ektaal,3,More Fillers,4,15,Ge,Tin,11,1.0,1.0,1.0,Dhin Na
Ektaal,3,More Fillers,4,16,,Na,12,1.0,1.0,1.0,
Jai Taal,1,Basic,"1,2",1,Ge-B,TinFull,1,1.0,1.0,1.0,Dhin
Jai Taal,1,Basic,"1,2",2,,Ti,2,0.25,1.0,1.0,TiRaKiTa
Jai Taal,1,Basic,"1,2",3,,Ra,2,0.25,1.0,1.0,
Jai Taal,1,Basic,"1,2",4,Ki,,2,0.25,1.0,1.0,
Jai Taal,1,Basic,"1,2",5,,TTa,2,0.25,1.0,1.0,
Jai Taal,1,Basic,"1,2",6,Ge-B,TinFull,3,1.0,1.0,1.0,Dhin
Jai Taal,1,Basic,"1,2",7,,Na,4,1.0,1.0,1.0,Na
Jai Taal,1,Basic,"1,2",8,,,5,1.0,1.0,1.0,
Jai Taal,1,Basic,"1,2",9,,Ti,6,0.25,1.0,1.0,TiRaKiTa
Jai Taal,1,Basic,"1,2",10,,Ra,6,0.25,1.0,1.0,
Jai Taal,1,Basic,"1,2",11,Ki,,6,0.25,1.0,1.0,
Jai Taal,1,Basic,"1,2",12,,TTa,6,0.25,1.0,1.0,
Jai Taal,1,Basic,"1,2",13,Ge-B,TinFull,7,1.0,1.0,1.0,Dhin
Jai Taal,1,Basic,"1,2",14,,Na,8,1.0,1.0,1.0,Na
Jai Taal,1,Basic,"1,2",15,Ka,Tu,9,1.0,1.0,1.0,Tu
Jai Taal,1,Basic,"1,2",16,,Na,10,1.0,1.0,1.0,Na
Jai Taal,1,Basic,"1,2",17,Ge,Tin,11,1.0,1.0,1.0,Dhin
Jai Taal,1,Basic,"1,2",18,Ge-B,TinFull,12,1.0,1.0,1.0,Dhin
Jai Taal,1,Basic,"1,2",19,,Na,13,1.0,1.0,1.0,Na
Jai Taal,1,Basic,3,1,Ge-B,TinFull,1,1.0,1.0,1.0,Dhin
Jai Taal,1,Basic,3,2,,Ti,2,0.5,1.0,1.0,TiTa
Jai Taal,1,Basic,3,3,,TTa,2,0.5,1.0,1.0,
Jai Taal,1,Basic,3,4,Ge-B,TinFull,3,1.0,1.0,1.0,Dhin
Jai Taal,1,Basic,3,5,,Na,4,1.0,1.0,1.0,Na
Jai Taal,1,Basic,3,6,,,5,1.0,1.0,1.0,
Jai Taal,1,Basic,3,7,,Ti,6,0.5,1.0,1.0,TiTa
Jai Taal,1,Basic,3,8,,TTa,6,0.5,1.0,1.0,
Jai Taal,1,Basic,3,9,Ge-B,TinFull,7,1.0,1.0,1.0,Dhin
Jai Taal,1,Basic,3,10,,Na,8,1.0,1.0,1.0,Na
Jai Taal,1,Basic,3,11,Ka,Tu,9,1.0,1.0,1.0,Tu
Jai Taal,1,Basic,3,12,,Na,10,1.0,1.0,1.0,Na
Jai Taal,1,Basic,3,13,Ge,Tin,11,1.0,1.0,1.0,Dhin
Jai Taal,1,Basic,3,14,Ge-B,TinFull,12,1.0,1.0,1.0,Dhin
Jai Taal,1,Basic,3,15,,Na,13,1.0,1.0,1.0,Na
Jai Taal,2,Pro Default,1,1,Ge-B,TinFull,1,1.0,1.0,1.0,Dhin
Jai Taal,2,Pro Default,1,2,,Ti,2,0.25,1.0,1.0,TiRaKiTa
Jai Taal,2,Pro Default,1,3,,Ra,2,0.25,1.0,1.0,
Jai Taal,2,Pro Default,1,4,Ki,,2,0.25,1.0,1.0,
Jai Taal,2,Pro Default,1,5,,TTa,2,0.25,1.0,1.0,
Jai Taal,2,Pro Default,1,6,Ge-S,TinFull,3,1.0,1.0,1.0,Dhin
Jai Taal,2,Pro Default,1,7,,Na,4,1.0,1.0,1.0,Na
Jai Taal,2,Pro Default,1,8,,,5,1.0,1.0,1.0,-
Jai Taal,2,Pro Default,1,9,,Ti,6,0.25,1.0,1.0,TiRaKiTa
Jai Taal,2,Pro Default,1,10,,Ra,6,0.25,1.0,1.0,
Jai Taal,2,Pro Default,1,11,Ki,,6,0.25,1.0,1.0,
Jai Taal,2,Pro Default,1,12,,TTa,6,0.25,1.0,1.0,
Jai Taal,2,Pro Default,1,13,Ge-S,TinFull,7,1.0,1.0,1.0,Dhin
Jai Taal,2,Pro Default,1,14,,Na,8,1.0,1.0,1.0,Na
Jai Taal,2,Pro Default,1,15,Ka,Tu,9,1.0,1.0,1.0,Tu
Jai Taal,2,Pro Default,1,16,,Na,10,0.5,1.0,1.0,Na Na
Jai Taal,2,Pro Default,1,17,,Na,10,0.5,1.0,1.0,
Jai Taal,2,Pro Default,1,18,Ge-B,TinFull,11,1.0,1.0,1.0,Dhin
Jai Taal,2,Pro Default,1,19,Ge-S,TinFull,12,1.0,1.0,1.0,Dhin
Jai Taal,2,Pro Default,1,20,Ge,Ta,13,0.5,1.0,1.0,Dha Dha
Jai Taal,2,Pro Default,1,21,Ge,Ta,13,0.25,1.0,1.0,
Jai Taal,2,Pro Default,1,22,,Tat,13,0.25,1.0,1.0,
Jai Taal,2,Pro Default,2,1,Ge-B,TinFull,1,1.0,1.0,1.0,Dhin
Jai Taal,2,Pro Default,2,2,,Ti,2,0.25,1.0,1.0,TiRaKiTa
Jai Taal,2,Pro Default,2,3,,Ra,2,0.25,1.0,1.0,
Jai Taal,2,Pro Default,2,4,Ki,,2,0.25,1.0,1.0,
Jai Taal,2,Pro Default,2,5,,TTa,2,0.25,1.0,1.0,
Jai Taal,2,Pro Default,2,6,Ge-LT6,TinFull,3,1.0,1.0,1.0,Dhin
Jai Taal,2,Pro Default,2,7,,Na,4,1.0,1.0,1.0,Na
Jai Taal,2,Pro Default,2,8,,,5,1.0,1.0,1.0,-
Jai Taal,2,Pro Default,2,9,,Ti,6,0.25,1.0,1.0,TiRaKiTa
Jai Taal,2,Pro Default,2,10,,Ra,6,0.25,1.0,1.0,
Jai Taal,2,Pro Default,2,11,Ki,,6,0.25,1.0,1.0,
Jai Taal,2,Pro Default,2,12,,TTa,6,0.25,1.0,1.0,
Jai Taal,2,Pro Default,2,13,Ge-LT6,TinFull,7,1.0,1.0,1.0,Dhin
Jai Taal,2,Pro Default,2,14,,Na,8,1.0,1.0,1.0,Na
Jai Taal,2,Pro Default,2,15,Ka,Tu,9,1.0,1.0,1.0,Tu
Jai Taal,2,Pro Default,2,16,,Na,10,0.5,1.0,1.0,Na Na
Jai Taal,2,Pro Default,2,17,,Na,10,0.5,1.0,1.0,
Jai Taal,2,Pro Default,2,18,Ge-F,Tin,11,1.0,1.0,1.0,Dhin
Jai Taal,2,Pro Default,2,19,Ge-B,TinFull,12,1.0,1.0,1.0,Dhin
Jai Taal,2,Pro Default,2,20,,Na,13,0.5,1.0,1.0,Na Na
Jai Taal,2,Pro Default,2,21,,Na,13,0.5,1.0,1.0,
Jai Taal,2,Pro Default,3,1,Ge-B,TinFull,1,1.0,1.0,1.0,Dhin
Jai Taal,2,Pro Default,3,2,,Ti,2,0.5,1.0,1.0,TiTa
Jai Taal,2,Pro Default,3,3,,TTa,2,0.5,1.0,1.0,
Jai Taal,2,Pro Default,3,4,Ge-LT6,TinFull,3,1.0,1.0,1.0,Dhin
Jai Taal,2,Pro Default,3,5,,Na,4,1.0,1.0,1.0,Na
Jai Taal,2,Pro Default,3,6,,,5,1.0,1.0,1.0,-
Jai Taal,2,Pro Default,3,7,,Ti,6,0.5,1.0,1.0,TiTa
Jai Taal,2,Pro Default,3,8,,TTa,6,0.5,1.0,1.0,
Jai Taal,2,Pro Default,3,9,Ge-LT6,TinFull,7,1.0,1.0,1.0,Dhin
Jai Taal,2,Pro Default,3,10,,Na,8,1.0,1.0,1.0,Na
Jai Taal,2,Pro Default,3,11,Ka,Tu,9,1.0,1.0,1.0,Tu
Jai Taal,2,Pro Default,3,12,,Na,10,1.0,1.0,1.0,Na
Jai Taal,2,Pro Default,3,13,Ge-F,Tin,11,1.0,1.0,1.0,Dhin
Jai Taal,2,Pro Default,3,14,Ge-B,TinFull,12,1.0,1.0,1.0,Dhin
Jai Taal,2,Pro Default,3,15,,Na,13,1.0,1.0,1.0,Na
Jai Taal,3,Variation #1,1,1,Ge-B,TinFull,1,1.0,1.0,1.0,Dhin
Jai Taal,3,Variation #1,1,2,,Ti,2,0.25,1.0,1.0,TiRaKiTa
Jai Taal,3,Variation #1,1,3,,Ra,2,0.25,1.0,1.0,
Jai Taal,3,Variation #1,1,4,Ki,,2,0.25,1.0,1.0,
Jai Taal,3,Variation #1,1,5,,TTa,2,0.25,1.0,1.0,
Jai Taal,3,Variation #1,1,6,Ge-S,TinFull,3,1.0,1.0,1.0,Dhin
Jai Taal,3,Variation #1,1,7,,Na,4,0.5,1.0,1.0,Na Na
Jai Taal,3,Variation #1,1,8,,Na,4,0.5,1.0,1.0,
Jai Taal,3,Variation #1,1,9,,,5,1.0,1.0,1.0,-
Jai Taal,3,Variation #1,1,10,,Ti,6,0.25,1.0,1.0,TiRaKiTa
Jai Taal,3,Variation #1,1,11,,Ra,6,0.25,1.0,1.0,
Jai Taal,3,Variation #1,1,12,Ki,,6,0.25,1.0,1.0,
Jai Taal,3,Variation #1,1,13,,TTa,6,0.25,1.0,1.0,
Jai Taal,3,Variation #1,1,14,Ge-S,TinFull,7,1.0,1.0,1.0,Dhin
Jai Taal,3,Variation #1,1,15,,Na,8,1.0,1.0,1.0,Na
Jai Taal,3,Variation #1,1,16,Kat,,9,1.0,1.0,1.0,Kat
Jai Taal,3,Variation #1,1,17,,TinFull,10,1.0,1.0,1.0,Ta
Jai Taal,3,Variation #1,1,18,Ge-B,TinFull,11,1.0,1.0,1.0,Dhin
Jai Taal,3,Variation #1,1,19,Ge-S,TinFull,12,1.0,1.0,1.0,Dhin
Jai Taal,3,Variation #1,1,20,Ge,Ta,13,0.5,1.0,1.0,Dha Dha
Jai Taal,3,Variation #1,1,21,Ge,Ta,13,0.25,1.0,1.0,
Jai Taal,3,Variation #1,1,22,,Tat,13,0.25,1.0,1.0,
Jai Taal,3,Variation #1,2,1,Ge-B,TinFull,1,1.0,1.0,1.0,Dhin
Jai Taal,3,Variation #1,2,2,,Ti,2,0.25,1.0,1.0,TiRaKiTa
Jai Taal,3,Variation #1,2,3,,Ra,2,0.25,1.0,1.0,
Jai Taal,3,Variation #1,2,4,Ki,,2,0.25,1.0,1.0,
Jai Taal,3,Variation #1,2,5,,TTa,2,0.25,1.0,1.0,
Jai Taal,3,Variation #1,2,6,Ge-LT6,TinFull,3,1.0,1.0,1.0,Dhin
Jai Taal,3,Variation #1,2,7,,Na,4,1.0,1.0,1.0,Na
Jai Taal,3,Variation #1,2,8,,,5,1.0,1.0,1.0,-
Jai Taal,3,Variation #1,2,9,,Ti,6,0.25,1.0,1.0,TiRaKiTa
Jai Taal,3,Variation #1,2,10,,Ra,6,0.25,1.0,1.0,
Jai Taal,3,Variation #1,2,11,Ki,,6,0.25,1.0,1.0,
Jai Taal,3,Variation #1,2,12,,TTa,6,0.25,1.0,1.0,
Jai Taal,3,Variation #1,2,13,Ge-LT6,TinFull,7,1.0,1.0,1.0,Dhin
Jai Taal,3,Variation #1,2,14,,Na,8,1.0,1.0,1.0,Na
Jai Taal,3,Variation #1,2,15,Kat,,9,1.0,1.0,1.0,Kat
Jai Taal,3,Variation #1,2,16,,TinFull,10,1.0,1.0,1.0,Ta
Jai Taal,3,Variation #1,2,17,Ge-F,Tin,11,1.0,1.0,1.0,Dhin
Jai Taal,3,Variation #1,2,18,Ge-LT6,TinFull,12,1.0,1.0,1.0,Dhin
Jai Taal,3,Variation #1,2,19,,Na,13,0.5,1.0,1.0,Na Na
Jai Taal,3,Variation #1,2,20,,Na,13,0.5,1.0,1.0,
Jai Taal,3,Variation #1,3,1,Ge-B,TinFull,1,1.0,1.0,1.0,Dhin
Jai Taal,3,Variation #1,3,2,,Ti,2,0.5,1.0,1.0,TiTa
Jai Taal,3,Variation #1,3,3,,TTa,2,0.5,1.0,1.0,
Jai Taal,3,Variation #1,3,4,Ge-B,TinFull,3,1.0,1.0,1.0,Dhin
Jai Taal,3,Variation #1,3,5,,Na,4,1.0,1.0,1.0,Na
Jai Taal,3,Variation #1,3,6,,,5,1.0,1.0,1.0,-
Jai Taal,3,Variation #1,3,7,,Ti,6,0.5,1.0,1.0,TiTa
Jai Taal,3,Variation #1,3,8,,TTa,6,0.5,1.0,1.0,
Jai Taal,3,Variation #1,3,9,Ge-B,TinFull,7,1.0,1.0,1.0,Dhin
Jai Taal,3,Variation #1,3,10,,Na,8,1.0,1.0,1.0,Na
Jai Taal,3,Variation #1,3,11,Kat,,9,1.0,1.0,1.0,Kat
Jai Taal,3,Variation #1,3,12,,TinFull,10,1.0,1.0,1.0,Ta
Jai Taal,3,Variation #1,3,13,Ge-F,Tin,11,1.0,1.0,1.0,Dhin
Jai Taal,3,Variation #1,3,14,Ge-B,TinFull,12,1.0,1.0,1.0,Dhin
Jai Taal,3,Variation #1,3,15,,Na,13,1.0,1.0,1.0,Na
Jai Taal,4,Variation #2,1,1,Ge-B,TinFull,1,1.0,1.0,1.0,Dhin
Jai Taal,4,Variation #2,1,2,,Ti,2,0.25,1.0,1.0,TiRaKiTa
Jai Taal,4,Variation #2,1,3,,Ra,2,0.25,1.0,1.0,
Jai Taal,4,Variation #2,1,4,Ki,,2,0.25,1.0,1.0,
Jai Taal,4,Variation #2,1,5,,TTa,2,0.25,1.0,1.0,
Jai Taal,4,Variation #2,1,6,Ge-S,TinFull,3,1.0,1.0,1.0,Dhin
Jai Taal,4,Variation #2,1,7,,Na,4,1.0,1.0,1.0,Na
Jai Taal,4,Variation #2,1,8,Ka,Tu,5,1.0,1.0,1.0,Tu
Jai Taal,4,Variation #2,1,9,,Na,6,0.5,1.0,1.0,Na Na
Jai Taal,4,Variation #2,1,10,,Na,6,0.5,1.0,1.0,
Jai Taal,4,Variation #2,1,11,Kat,,7,1.0,1.0,1.0,Kat
Jai Taal,4,Variation #2,1,12,,TinFull,8,1.0,1.0,1.0,Ta
Jai Taal,4,Variation #2,1,13,Ge-B,TinFull,9,1.0,1.0,1.0,Dhin
Jai Taal,4,Variation #2,1,14,Ge,TinFull,10,0.5,1.0,1.0,Dhi Dhi
Jai Taal,4,Variation #2,1,15,Ge-LT6,TinFull,10,0.5,1.0,1.0,
Jai Taal,4,Variation #2,1,16,Ge,Ta,11,1.0,1.0,1.0,Dha
Jai Taal,4,Variation #2,1,17,Ge-S,TinFull,12,1.0,1.0,1.0,Dhin
Jai Taal,4,Variation #2,1,18,Ge,Ta,13,0.5,1.0,1.0,Dha Dha
Jai Taal,4,Variation #2,1,19,Ge,Ta,13,0.25,1.0,1.0,
Jai Taal,4,Variation #2,1,20,,Tat,13,0.25,1.0,1.0,
Jai Taal,4,Variation #2,2,1,Ge-B,TinFull,1,1.0,1.0,1.0,Dhin
Jai Taal,4,Variation #2,2,2,,Ti,2,0.25,1.0,1.0,TiRaKiTa
Jai Taal,4,Variation #2,2,3,,Ra,2,0.25,1.0,1.0,
Jai Taal,4,Variation #2,2,4,Ki,,2,0.25,1.0,1.0,
Jai Taal,4,Variation #2,2,5,,TTa,2,0.25,1.0,1.0,
Jai Taal,4,Variation #2,2,6,Ge-LT6,TinFull,3,1.0,1.0,1.0,Dhin
Jai Taal,4,Variation #2,2,7,,Na,4,1.0,1.0,1.0,Na
Jai Taal,4,Variation #2,2,8,Ka,Tu,5,1.0,1.0,1.0,Tu
Jai Taal,4,Variation #2,2,9,,Na,6,0.5,1.0,1.0,Na Na
Jai Taal,4,Variation #2,2,10,,Na,6,0.5,1.0,1.0,
Jai Taal,4,Variation #2,2,11,Kat,,7,1.0,1.0,1.0,Kat
Jai Taal,4,Variation #2,2,12,,TinFull,8,1.0,1.0,1.0,Ta
Jai Taal,4,Variation #2,2,13,Ge-B,TinFull,9,0.75,1.0,1.0,Dhin
Jai Taal,4,Variation #2,2,14,,KDa,9,0.25,1.0,0.75,
Jai Taal,4,Variation #2,2,15,Ge,TinFull,10,0.5,1.0,1.0,Dhi Dhi
Jai Taal,4,Variation #2,2,16,Ge-LT6,Tin,10,0.5,1.0,1.0,
Jai Taal,4,Variation #2,2,17,Ge,Ta,11,1.0,1.0,1.0,Dha
Jai Taal,4,Variation #2,2,18,,,12,0.5,1.0,1.0,--Dhin-
Jai Taal,4,Variation #2,2,19,Ge-LT6,TinFull,12,0.5,1.0,1.0,
Jai Taal,4,Variation #2,2,20,,,13,0.25,1.0,1.0,-Dha--
Jai Taal,4,Variation #2,2,21,Ge,Ta,13,0.75,1.0,1.0,
Jai Taal,4,Variation #2,3,1,Ge-B,TinFull,1,1.0,1.0,1.0,Dhin
Jai Taal,4,Variation #2,3,2,,Ti,2,0.5,1.0,1.0,TiTa
Jai Taal,4,Variation #2,3,3,,TTa,2,0.5,1.0,1.0,
Jai Taal,4,Variation #2,3,4,Ge-B,TinFull,3,1.0,1.0,1.0,Dhin
Jai Taal,4,Variation #2,3,5,,Na,4,1.0,1.0,1.0,Na
Jai Taal,4,Variation #2,3,6,Ka,Tu,5,1.0,1.0,1.0,Tu
Jai Taal,4,Variation #2,3,7,,Na,6,1.0,1.0,1.0,Na
Jai Taal,4,Variation #2,3,8,Kat,,7,1.0,1.0,1.0,Kat
Jai Taal,4,Variation #2,3,9,,TinFull,8,1.0,1.0,1.0,Ta
Jai Taal,4,Variation #2,3,10,Ge-F,TinFull,9,1.0,1.0,1.0,Dhin
Jai Taal,4,Variation #2,3,11,Ge-B,Tin,10,1.0,1.0,1.0,Dhin
Jai Taal,4,Variation #2,3,12,,Na,11,1.0,1.0,1.0,Na
Jai Taal,4,Variation #2,3,13,Ge-B,TinFull,12,1.0,1.0,1.0,Dhin
Jai Taal,4,Variation #2,3,14,,Na,13,1.0,1.0,1.0,Na
Ada Chautaal,1,Basic,"0,1",1,Ge-Sam,TinFull,1,1.0,1.0,1.0,Dhin
Ada Chautaal,1,Basic,"0,1",2,,Ti,2,0.25,1.0,1.0,TiRaKiTa
Ada Chautaal,1,Basic,"0,1",3,,Ra,2,0.25,1.0,1.0,
Ada Chautaal,1,Basic,"0,1",4,Ki,,2,0.25,1.0,1.0,
Ada Chautaal,1,Basic,"0,1",5,,TTa,2,0.25,1.0,1.0,
Ada Chautaal,1,Basic,"0,1",6,Ge-B,TinMed,3,1.0,1.0,1.0,Dhin
Ada Chautaal,1,Basic,"0,1",7,,Na,4,1.0,1.0,1.0,Na
Ada Chautaal,1,Basic,"0,1",8,Ka,Tu,5,1.0,1.0,1.0,Tu
Ada Chautaal,1,Basic,"0,1",9,,Na,6,0.5,1.0,1.0,Na Na
Ada Chautaal,1,Basic,"0,1",10,,Na,6,0.5,1.0,1.0,
Ada Chautaal,1,Basic,"0,1",11,Kat,,7,1.0,1.0,1.0,Kat
Ada Chautaal,1,Basic,"0,1",12,,TinFull,8,1.0,1.0,1.0,Ta
Ada Chautaal,1,Basic,"0,1",13,,Ti,9,0.25,1.0,1.0,TiRaKiTa
Ada Chautaal,1,Basic,"0,1",14,,Ra,9,0.25,1.0,1.0,
Ada Chautaal,1,Basic,"0,1",15,Ki,,9,0.25,1.0,1.0,
Ada Chautaal,1,Basic,"0,1",16,,TTa,9,0.25,1.0,1.0,
Ada Chautaal,1,Basic,"0,1",17,Ge-B,TinMed,10,1.0,1.0,1.0,Dhin
Ada Chautaal,1,Basic,"0,1",18,,Na,11,1.0,1.0,1.0,Na
Ada Chautaal,1,Basic,"0,1",19,Ge-B,TinMed,12,1.0,1.0,1.0,Dhin
Ada Chautaal,1,Basic,"0,1",20,Ge-B,TinMed,13,1.0,1.0,1.0,Dhin
Ada Chautaal,1,Basic,"0,1",21,,Na,14,0.5,1.0,1.0,Na Na
Ada Chautaal,1,Basic,"0,1",22,,Na,14,0.25,1.0,1.0,
Ada Chautaal,1,Basic,"0,1",23,,Na,14,0.25,1.0,1.0,
Ada Chautaal,1,Basic,2,1,Ge-B,TinFull,1,1.0,1.0,1.0,Dhin
Ada Chautaal,1,Basic,2,2,,Ti,2,0.25,1.0,1.0,TiRaKiTa
Ada Chautaal,1,Basic,2,3,,Ra,2,0.25,1.0,1.0,
Ada Chautaal,1,Basic,2,4,Ki,,2,0.25,1.0,1.0,
Ada Chautaal,1,Basic,2,5,,TTa,2,0.25,1.0,1.0,
Ada Chautaal,1,Basic,2,6,Ge-B,TinFull,3,1.0,1.0,1.0,Dhin
Ada Chautaal,1,Basic,2,7,,Na,4,1.0,1.0,0.75,Na
Ada Chautaal,1,Basic,2,8,Ka,Tu,5,1.0,1.0,1.0,Tu
Ada Chautaal,1,Basic,2,9,,Na,6,1.0,1.0,0.75,Na
Ada Chautaal,1,Basic,2,10,Kat,,7,1.0,1.0,1.0,Kat
Ada Chautaal,1,Basic,2,11,,TinFull,8,1.0,1.0,1.0,Ta
Ada Chautaal,1,Basic,2,12,,Ti,9,0.25,1.0,1.0,TiRaKiTa
Ada Chautaal,1,Basic,2,13,,Ra,9,0.25,1.0,1.0,
Ada Chautaal,1,Basic,2,14,Ki,,9,0.25,1.0,1.0,
Ada Chautaal,1,Basic,2,15,,TTa,9,0.25,1.0,1.0,
Ada Chautaal,1,Basic,2,16,Ge-B,TinFull,10,1.0,1.0,1.0,Dhin
Ada Chautaal,1,Basic,2,17,,Na,11,1.0,1.0,0.75,Na
Ada Chautaal,1,Basic,2,18,Ge,Tin,12,1.0,1.0,1.0,Dhin
Ada Chautaal,1,Basic,2,19,Ge-B,TinFull,13,1.0,1.0,1.0,Dhin
Ada Chautaal,1,Basic,2,20,,Na,14,1.0,1.0,1.0,Na
Ada Chautaal,1,Basic,3,1,Ge-B,TinFull,1,1.0,1.0,1.0,Dhin
Ada Chautaal,1,Basic,3,2,,Ti,2,0.5,1.0,1.0,TiTa
Ada Chautaal,1,Basic,3,3,,TTa,2,0.5,1.0,1.0,
Ada Chautaal,1,Basic,3,4,Ge-B,TinFull,3,1.0,1.0,1.0,Dhin
Ada Chautaal,1,Basic,3,5,,Na,4,1.0,1.0,0.75,Na
Ada Chautaal,1,Basic,3,6,Ka,Tu,5,1.0,1.0,1.0,Tu
Ada Chautaal,1,Basic,3,7,,Na,6,1.0,1.0,0.75,Na
Ada Chautaal,1,Basic,3,8,Kat,,7,1.0,1.0,1.0,Kat
Ada Chautaal,1,Basic,3,9,,TinFull,8,1.0,1.0,1.0,Ta
Ada Chautaal,1,Basic,3,10,,Ti,9,0.5,1.0,0.75,TiTa
Ada Chautaal,1,Basic,3,11,,TTa,9,0.5,1.0,0.75,
Ada Chautaal,1,Basic,3,12,Ge-B,Tin,10,1.0,1.0,1.0,Dhin
Ada Chautaal,1,Basic,3,13,,Na,11,1.0,1.0,0.75,Na
Ada Chautaal,1,Basic,3,14,Ge,Tin,12,1.0,1.0,1.0,Dhin
Ada Chautaal,1,Basic,3,15,Ge-B,Tin,13,1.0,1.0,1.0,Dhin
Ada Chautaal,1,Basic,3,16,,Na,14,1.0,1.0,1.0,Na
Ada Chautaal,2,Pro Default,0,1,Ge-Sam,TinFull,1,0.5,1.0,1.0,Dhin
Ada Chautaal,2,Pro Default,0,2,Ge-T60,,1,0.5,0.75,1.0,
Ada Chautaal,2,Pro Default,0,3,,Ti,2,0.25,1.0,1.0,TiRaKiTa
Ada Chautaal,2,Pro Default,0,4,,Ra,2,0.25,1.0,1.0,
Ada Chautaal,2,Pro Default,0,5,Ki,,2,0.25,1.0,1.0,
Ada Chautaal,2,Pro Default,0,6,,TTa,2,0.25,1.0,1.0,
Ada Chautaal,2,Pro Default,0,7,Ge-S,TinMed,3,0.75,1.0,1.0,Dhin
Ada Chautaal,2,Pro Default,0,8,,TiTaL,3,0.25,1.0,1.0,
Ada Chautaal,2,Pro Default,0,9,,Na,4,0.5,1.0,1.0,Na Na
Ada Chautaal,2,Pro Default,0,10,,Na,4,0.25,1.0,1.0,
Ada Chautaal,2,Pro Default,0,11,,Na,4,0.25,1.0,0.75,
Ada Chautaal,2,Pro Default,0,12,Ka,Tu,5,0.75,1.0,1.0,Tu
Ada Chautaal,2,Pro Default,0,13,,TiTaL,5,0.25,1.0,1.0,
Ada Chautaal,2,Pro Default,0,14,,Na,6,0.5,1.0,1.0,Na Na
Ada Chautaal,2,Pro Default,0,15,,Na,6,0.25,1.0,1.0,
Ada Chautaal,2,Pro Default,0,16,,Na,6,0.125,1.0,0.75,
Ada Chautaal,2,Pro Default,0,17,,Na,6,0.125,1.0,0.75,
Ada Chautaal,2,Pro Default,0,18,Kat,,7,0.5,1.0,1.0,Kat
Ada Chautaal,2,Pro Default,0,19,Ka,,7,0.25,1.0,1.0,
Ada Chautaal,2,Pro Default,0,20,,TiTaL,7,0.25,1.0,1.0,
Ada Chautaal,2,Pro Default,0,21,,TinFull,8,0.5,1.0,1.0,Ta
Ada Chautaal,2,Pro Default,0,22,,Tin,8,0.25,1.0,0.5,
Ada Chautaal,2,Pro Default,0,23,,TiTaL,8,0.25,1.0,0.5,
Ada Chautaal,2,Pro Default,0,24,,Ti,9,0.25,1.0,1.5,TiRaKiTa
Ada Chautaal,2,Pro Default,0,25,,Ra,9,0.25,1.0,1.0,
Ada Chautaal,2,Pro Default,0,26,Ki,,9,0.25,1.0,1.0,
Ada Chautaal,2,Pro Default,0,27,,TTa,9,0.25,1.0,1.0,
Ada Chautaal,2,Pro Default,0,28,Ge-S,TinMed,10,0.75,1.0,1.0,Dhin
Ada Chautaal,2,Pro Default,0,29,,TiTaL,10,0.25,1.0,1.0,
Ada Chautaal,2,Pro Default,0,30,,Na,11,0.5,1.0,1.0,Na Na
Ada Chautaal,2,Pro Default,0,31,,Na,11,0.25,1.0,1.0,
Ada Chautaal,2,Pro Default,0,32,,Na,11,0.25,1.0,0.75,
Ada Chautaal,2,Pro Default,0,33,Ge-S,TinMed,12,0.75,1.0,1.0,Dhin
Ada Chautaal,2,Pro Default,0,34,,TiTaL,12,0.25,1.0,1.0,
Ada Chautaal,2,Pro Default,0,35,Ge-S,TinMed,13,0.375,1.0,1.0,Dhin
Ada Chautaal,2,Pro Default,0,36,,KDa,13,0.125,1.0,1.0,
Ada Chautaal,2,Pro Default,0,37,Ge-LT6,Tin,13,0.25,0.5,0.5,
Ada Chautaal,2,Pro Default,0,38,Ge-B,Tin,13,0.25,0.25,0.25,
Ada Chautaal,2,Pro Default,0,39,Ge,Ta,14,0.5,1.0,1.0,Dha Dha
Ada Chautaal,2,Pro Default,0,40,Ge-B,Ta,14,0.25,1.0,0.5,
Ada Chautaal,2,Pro Default,0,41,Ge,Ta,14,0.125,1.0,0.75,
Ada Chautaal,2,Pro Default,0,42,,Tat,14,0.125,1.0,1.0,
Ada Chautaal,2,Pro Default,1,1,Ge-Sam,TinFull,1,0.5,1.0,1.0,Dhin
Ada Chautaal,2,Pro Default,1,2,Ge-T60,,1,0.5,0.75,1.0,
Ada Chautaal,2,Pro Default,1,3,,Ti,2,0.25,1.0,1.0,TiRaKiTa
Ada Chautaal,2,Pro Default,1,4,,Ra,2,0.25,1.0,1.0,
Ada Chautaal,2,Pro Default,1,5,Ki,,2,0.25,1.0,1.0,
Ada Chautaal,2,Pro Default,1,6,,TTa,2,0.25,1.0,1.0,
Ada Chautaal,2,Pro Default,1,7,Ge-S,TinMed,3,0.75,1.0,1.0,Dhin
Ada Chautaal,2,Pro Default,1,8,,TiL,3,0.25,1.0,1.0,
Ada Chautaal,2,Pro Default,1,9,,Na,4,0.5,1.0,1.0,Na Na
Ada Chautaal,2,Pro Default,1,10,,Na,4,0.5,1.0,1.0,
Ada Chautaal,2,Pro Default,1,11,Ka,Tu,5,1.0,1.0,1.0,Tu
Ada Chautaal,2,Pro Default,1,12,,Na,6,0.5,1.0,1.0,Na Na
Ada Chautaal,2,Pro Default,1,13,,Na,6,0.25,1.0,0.75,
Ada Chautaal,2,Pro Default,1,14,,Na,6,0.25,1.0,0.75,
Ada Chautaal,2,Pro Default,1,15,Kat,,7,1.0,1.0,1.0,Kat
Ada Chautaal,2,Pro Default,1,16,,TinFull,8,1.0,1.0,1.0,Ta
Ada Chautaal,2,Pro Default,1,17,,Ti,9,0.25,1.0,1.5,TiRaKiTa
Ada Chautaal,2,Pro Default,1,18,,Ra,9,0.25,1.0,1.0,
Ada Chautaal,2,Pro Default,1,19,Ki,,9,0.25,1.0,1.0,
Ada Chautaal,2,Pro Default,1,20,,TTa,9,0.25,1.0,1.0,
Ada Chautaal,2,Pro Default,1,21,Ge-S,TinMed,10,0.75,1.0,1.0,Dhin
Ada Chautaal,2,Pro Default,1,22,,TiL,10,0.25,1.0,1.0,
Ada Chautaal,2,Pro Default,1,23,,Na,11,0.5,1.0,1.0,Na
Ada Chautaal,2,Pro Default,1,24,,Na,11,0.5,1.0,1.0,
Ada Chautaal,2,Pro Default,1,25,Ge-S,TinMed,12,0.75,1.0,1.0,Dhin
Ada Chautaal,2,Pro Default,1,26,,TiL,12,0.25,1.0,1.0,
Ada Chautaal,2,Pro Default,1,27,Ge-S,TinFull,13,0.5,1.0,1.0,Dhin
Ada Chautaal,2,Pro Default,1,28,Ge-LT6,Tin,13,0.25,0.75,0.75,
Ada Chautaal,2,Pro Default,1,29,Ge-B,Tin,13,0.25,0.25,0.25,
Ada Chautaal,2,Pro Default,1,30,Ge,Ta,14,0.375,1.5,1.5,Dha Dha
Ada Chautaal,2,Pro Default,1,31,,KDa,14,0.125,1.0,0.5,
Ada Chautaal,2,Pro Default,1,32,Ge-LT6,Ta,14,0.25,1.0,0.75,
Ada Chautaal,2,Pro Default,1,33,Ge,Ta,14,0.25,1.0,1.0,
Ada Chautaal,2,Pro Default,2,1,Ge-B,TinFull,1,1.0,1.0,1.0,Dhin
Ada Chautaal,2,Pro Default,2,2,,Ti,2,0.25,1.0,1.0,TiRaKiTa
Ada Chautaal,2,Pro Default,2,3,,Ra,2,0.25,1.0,1.0,
Ada Chautaal,2,Pro Default,2,4,Ki,,2,0.25,1.0,1.0,
Ada Chautaal,2,Pro Default,2,5,,TTa,2,0.25,1.0,1.0,
Ada Chautaal,2,Pro Default,2,6,Ge-B,TinFull,3,1.0,1.0,1.0,Dhin
Ada Chautaal,2,Pro Default,2,7,,Na,4,1.0,1.0,0.75,Na
Ada Chautaal,2,Pro Default,2,8,Ka,Tu,5,1.0,1.0,1.0,Tu
Ada Chautaal,2,Pro Default,2,9,,Na,6,0.5,1.0,0.75,Na
Ada Chautaal,2,Pro Default,2,10,,Na,6,0.5,1.0,0.75,
Ada Chautaal,2,Pro Default,2,11,Kat,,7,1.0,1.0,1.0,Kat
Ada Chautaal,2,Pro Default,2,12,,TinFull,8,1.0,1.0,1.0,Ta
Ada Chautaal,2,Pro Default,2,13,,Ti,9,0.25,1.0,1.0,TiRaKiTa
Ada Chautaal,2,Pro Default,2,14,,Ra,9,0.25,1.0,1.0,
Ada Chautaal,2,Pro Default,2,15,Ki,,9,0.25,1.0,1.0,
Ada Chautaal,2,Pro Default,2,16,,TTa,9,0.25,1.0,1.0,
Ada Chautaal,2,Pro Default,2,17,Ge-B,TinFull,10,1.0,1.0,1.0,Dhin
Ada Chautaal,2,Pro Default,2,18,,Na,11,1.0,1.0,0.75,Na
Ada Chautaal,2,Pro Default,2,19,Ge-B,Tin,12,1.0,1.0,1.0,Dhin
Ada Chautaal,2,Pro Default,2,20,Ge-S,TinFull,13,0.75,1.0,1.0,Dhin
Ada Chautaal,2,Pro Default,2,21,,KDa,13,0.25,1.0,1.0,
Ada Chautaal,2,Pro Default,2,22,,Na,14,0.5,1.0,1.0,Na
Ada Chautaal,2,Pro Default,2,23,,Na,14,0.5,1.0,0.75,
Ada Chautaal,2,Pro Default,"3,4",1,Ge-B,TinFull,1,1.0,1.0,1.0,Dhin
Ada Chautaal,2,Pro Default,"3,4",2,,Ti,2,0.5,1.0,1.0,TiTa
Ada Chautaal,2,Pro Default,"3,4",3,,TTa,2,0.5,1.0,1.0,
Ada Chautaal,2,Pro Default,"3,4",4,Ge-B,TinFull,3,1.0,1.0,1.0,Dhin
Ada Chautaal,2,Pro Default,"3,4",5,,Na,4,1.0,1.0,0.75,Na
Ada Chautaal,2,Pro Default,"3,4",6,Ka,Tu,5,1.0,1.0,1.0,Tu
Ada Chautaal,2,Pro Default,"3,4",7,,Na,6,1.0,1.0,0.75,Na
Ada Chautaal,2,Pro Default,"3,4",8,Kat,,7,1.0,1.0,1.0,Kat
Ada Chautaal,2,Pro Default,"3,4",9,,TinFull,8,1.0,1.0,1.0,Ta
Ada Chautaal,2,Pro Default,"3,4",10,,Ti,9,0.5,1.0,0.75,TiTa
Ada Chautaal,2,Pro Default,"3,4",11,,TTa,9,0.5,1.0,0.75,
Ada Chautaal,2,Pro Default,"3,4",12,Ge-B,Tin,10,1.0,1.0,1.0,Dhin
Ada Chautaal,2,Pro Default,"3,4",13,,Na,11,1.0,1.0,0.75,Na
Ada Chautaal,2,Pro Default,"3,4",14,Ge-F,Tin,12,1.0,1.0,1.0,Dhin
Ada Chautaal,2,Pro Default,"3,4",15,Ge-B,Tin,13,1.0,1.0,1.0,Dhin
Ada Chautaal,2,Pro Default,"3,4",16,,Na,14,1.0,1.0,1.0,Na
Deepchandi,1,Basic,1,1,Ge,Ta,1,0.75,1.0,1.0,Dha
Deepchandi,1,Basic,1,2,,TiL,1,0.25,1.0,0.5,
Deepchandi,1,Basic,1,3,Ge-B,Tin,2,1.0,1.0,1.0,Dhin
Deepchandi,1,Basic,1,4,,,3,1.0,1.0,1.0,-
Deepchandi,1,Basic,1,5,Ge,Ta,4,0.75,1.0,1.0,Dha
Deepchandi,1,Basic,1,6,,TiL,4,0.25,1.0,0.5,
Deepchandi,1,Basic,1,7,Ge-B,Ta,5,0.5,1.0,1.0,Dha Dha
Deepchandi,1,Basic,1,8,Ge,Ta,5,0.5,1.0,1.0,
Deepchandi,1,Basic,1,9,Ka,Tin,6,1.0,1.0,1.0,Tin
Deepchandi,1,Basic,1,10,,,7,1.0,1.0,1.0,-
Deepchandi,1,Basic,1,11,,Ta,8,0.75,1.0,1.0,Ta
Deepchandi,1,Basic,1,12,,TiL,8,0.25,1.0,0.5,
Deepchandi,1,Basic,1,13,Ka,Tin,9,1.0,1.0,1.0,Tin
Deepchandi,1,Basic,1,14,,,10,1.0,1.0,1.0,-
Deepchandi,1,Basic,1,15,Ge,Ta,11,0.75,1.0,1.0,Dha
Deepchandi,1,Basic,1,16,,TiL,11,0.25,1.0,0.5,
Deepchandi,1,Basic,1,17,Ge-B,Ta,12,0.5,1.0,1.0,Dha Dha
Deepchandi,1,Basic,1,18,Ge,Ta,12,0.5,1.0,1.0,
Deepchandi,1,Basic,1,19,Ge-B,Tin,13,1.0,1.0,1.0,Dhin
Deepchandi,1,Basic,1,20,,TiTaL,14,1.0,1.0,1.0,
Deepchandi,1,Basic,"2,3",1,Ge,Ta,1,1.0,1.0,1.0,Dha
Deepchandi,1,Basic,"2,3",2,Ge-B,Tin,2,1.0,1.0,1.0,Dhin
Deepchandi,1,Basic,"2,3",3,,,3,1.0,1.0,1.0,-
Deepchandi,1,Basic,"2,3",4,Ge-B,Ta,4,1.0,1.0,1.0,Dha
Deepchandi,1,Basic,"2,3",5,Ge,Ta,5,1.0,1.0,1.0,Dha
Deepchandi,1,Basic,"2,3",6,Ka,Tin,6,1.0,1.0,1.0,Tin
Deepchandi,1,Basic,"2,3",7,,,7,1.0,1.0,1.0,-
Deepchandi,1,Basic,"2,3",8,,Ta,8,1.0,1.0,1.0,Ta
Deepchandi,1,Basic,"2,3",9,Ka,Tin,9,1.0,1.0,1.0,Tin
Deepchandi,1,Basic,"2,3",10,,,10,1.0,1.0,1.0,-
Deepchandi,1,Basic,"2,3",11,Ge-B,Ta,11,1.0,1.0,1.0,Dha
Deepchandi,1,Basic,"2,3",12,Ge,Ta,12,1.0,1.0,1.0,Dha
Deepchandi,1,Basic,"2,3",13,Ge-B,Tin,13,1.0,1.0,1.0,Dhin
Deepchandi,1,Basic,"2,3",14,,,14,1.0,1.0,1.0,-
Deepchandi,2,Pro Default,1,1,Ge,Ta,1,0.75,1.0,1.0,Dha
Deepchandi,2,Pro Default,1,2,,TiL,1,0.25,1.0,0.5,
Deepchandi,2,Pro Default,1,3,Ge-B,Tin,2,1.0,1.0,1.0,Dhin
Deepchandi,2,Pro Default,1,4,,TiTaL,3,1.0,1.0,0.5,-
Deepchandi,2,Pro Default,1,5,Ge,Ta,4,0.75,1.0,1.0,Dha
Deepchandi,2,Pro Default,1,6,,KDa,4,0.25,1.0,0.5,
Deepchandi,2,Pro Default,1,7,Ge-B,Ta,5,0.5,1.0,1.0,Dha Dha
Deepchandi,2,Pro Default,1,8,Ge,Ta,5,0.5,1.0,1.0,
Deepchandi,2,Pro Default,1,9,Ka,Tin,6,1.0,1.0,1.0,Tin
Deepchandi,2,Pro Default,1,10,,TiTaL,7,1.0,1.0,0.5,-
Deepchandi,2,Pro Default,1,11,,Ta,8,0.75,1.0,1.0,Ta
Deepchandi,2,Pro Default,1,12,,TiL,8,0.25,1.0,0.5,
Deepchandi,2,Pro Default,1,13,Ka,Tin,9,1.0,1.0,1.0,Tin
Deepchandi,2,Pro Default,1,14,,TiTaL,10,1.0,1.0,0.5,-
Deepchandi,2,Pro Default,1,15,Ge,Ta,11,0.75,1.0,1.0,Dha
Deepchandi,2,Pro Default,1,16,,KDa,11,0.25,1.0,0.5,
Deepchandi,2,Pro Default,1,17,Ge-B,Ta,12,0.5,1.0,1.0,Dha Dha
Deepchandi,2,Pro Default,1,18,Ge,Ta,12,0.5,1.0,1.0,
Deepchandi,2,Pro Default,1,19,Ge-B,Tin,13,1.0,1.0,1.0,Dhin
Deepchandi,2,Pro Default,1,20,,Ti,14,0.25,1.0,0.5,TiRaKiTa
Deepchandi,2,Pro Default,1,21,,Ra,14,0.25,1.0,0.5,
Deepchandi,2,Pro Default,1,22,Ki,,14,0.25,0.5,1.0,
Deepchandi,2,Pro Default,1,23,,TTa,14,0.25,1.0,0.5,
Deepchandi,2,Pro Default,"2,3",1,Ge,Ta,1,1.0,1.0,1.0,Dha
Deepchandi,2,Pro Default,"2,3",2,Ge-LT6,Tin,2,1.0,1.0,1.0,Dhin
Deepchandi,2,Pro Default,"2,3",3,,,3,1.0,1.0,1.0,-
Deepchandi,2,Pro Default,"2,3",4,Ge-F,Ta,4,1.0,1.0,1.0,Dha
Deepchandi,2,Pro Default,"2,3",5,Ge,Ta,5,1.0,1.0,1.0,Dha
Deepchandi,2,Pro Default,"2,3",6,Ka,Tin,6,1.0,1.0,1.0,Tin
Deepchandi,2,Pro Default,"2,3",7,,TiL,7,1.0,1.0,0.5,-
Deepchandi,2,Pro Default,"2,3",8,,Ta,8,1.0,1.0,1.0,Ta
Deepchandi,2,Pro Default,"2,3",9,Ka,Tin,9,1.0,1.0,1.0,Tin
Deepchandi,2,Pro Default,"2,3",10,,,10,1.0,1.0,1.0,-
Deepchandi,2,Pro Default,"2,3",11,Ge-F,Ta,11,1.0,1.0,1.0,Dha
Deepchandi,2,Pro Default,"2,3",12,Ge,Ta,12,1.0,1.0,1.0,Dha
Deepchandi,2,Pro Default,"2,3",13,Ge-LT6,Tin,13,1.0,1.0,1.0,Dhin
Deepchandi,2,Pro Default,"2,3",14,,TiL,14,1.0,1.0,0.5,-
Deepchandi,3,Variation #1,1,1,Ge,Ta,1,0.75,1.0,1.0,Dha
Deepchandi,3,Variation #1,1,2,,TiL,1,0.25,1.0,0.5,
Deepchandi,3,Variation #1,1,3,Ge-B,Tin,2,1.0,1.0,1.0,Dhin
Deepchandi,3,Variation #1,1,4,,TiTaL,3,1.0,1.0,0.5,-
Deepchandi,3,Variation #1,1,5,Ge,Ta,4,0.75,1.0,1.0,Dha
Deepchandi,3,Variation #1,1,6,,KDa,4,0.25,1.0,0.5,
Deepchandi,3,Variation #1,1,7,Ge-B,Ta,5,0.5,1.0,1.0,Dha Dha
Deepchandi,3,Variation #1,1,8,Ge,Ta,5,0.5,1.0,1.0,
Deepchandi,3,Variation #1,1,9,Ka,Tin,6,1.0,1.0,1.0,Tin
Deepchandi,3,Variation #1,1,10,,TiTaL,7,1.0,1.0,0.5,-
Deepchandi,3,Variation #1,1,11,,Ta,8,0.75,1.0,1.0,Ta
Deepchandi,3,Variation #1,1,12,,TiL,8,0.25,1.0,0.5,
Deepchandi,3,Variation #1,1,13,Ka,Tin,9,1.0,1.0,1.0,Tin
Deepchandi,3,Variation #1,1,14,,TiTaL,10,1.0,1.0,0.5,-
Deepchandi,3,Variation #1,1,15,Ge,Ta,11,0.75,1.0,1.0,Dha
Deepchandi,3,Variation #1,1,16,,KDa,11,0.25,1.0,0.5,
Deepchandi,3,Variation #1,1,17,Ge-B,Ta,12,0.5,1.0,1.0,Dha Dha
Deepchandi,3,Variation #1,1,18,Ge,Ta,12,0.5,1.0,1.0,
Deepchandi,3,Variation #1,1,19,Ge-B,Tin,13,1.0,1.0,1.0,Dhin
Deepchandi,3,Variation #1,1,20,,Ti,14,0.25,1.0,0.5,TiRaKiTa
Deepchandi,3,Variation #1,1,21,,Ra,14,0.25,1.0,0.5,
Deepchandi,3,Variation #1,1,22,Ki,,14,0.25,0.5,1.0,
Deepchandi,3,Variation #1,1,23,,TTa,14,0.25,1.0,0.5,
Deepchandi,3,Variation #1,"2,3",1,Ge-F,Ta,1,1.0,1.0,1.0,Dha
Deepchandi,3,Variation #1,"2,3",2,Ge-LT6,Tin,2,1.0,1.0,1.0,Dhin
Deepchandi,3,Variation #1,"2,3",3,,,3,1.0,1.0,1.0,-
Deepchandi,3,Variation #1,"2,3",4,Ge,Ta,4,1.0,1.0,1.0,Dha
Deepchandi,3,Variation #1,"2,3",5,,,5,1.0,1.0,1.0,-
Deepchandi,3,Variation #1,"2,3",6,Ka,Tin,6,1.0,1.0,1.0,Tin
Deepchandi,3,Variation #1,"2,3",7,,,7,1.0,1.0,1.0,-
Deepchandi,3,Variation #1,"2,3",8,,Ta,8,1.0,1.0,1.0,Ta
Deepchandi,3,Variation #1,"2,3",9,Ka,Tin,9,1.0,1.0,1.0,Tin
Deepchandi,3,Variation #1,"2,3",10,,,10,1.0,1.0,1.0,-
Deepchandi,3,Variation #1,"2,3",11,Ge-F,Ta,11,1.0,1.0,1.0,Dha
Deepchandi,3,Variation #1,"2,3",12,,,12,1.0,1.0,1.0,-
Deepchandi,3,Variation #1,"2,3",13,Ge,Tin,13,1.0,1.0,1.0,Dhin
Deepchandi,3,Variation #1,"2,3",14,,TiL,14,1.0,1.0,0.5,-
Deepchandi,4,Variation #2,1,1,Ge,Ta,1,0.75,1.0,1.0,Dha
Deepchandi,4,Variation #2,1,2,,TiL,1,0.25,1.0,0.5,
Deepchandi,4,Variation #2,1,3,Ge-B,Tin,2,1.0,1.0,1.0,Dhin
Deepchandi,4,Variation #2,1,4,,TiTaL,3,1.0,1.0,0.5,-
Deepchandi,4,Variation #2,1,5,Ge,Ta,4,0.75,1.0,1.0,Dha
Deepchandi,4,Variation #2,1,6,,KDa,4,0.25,1.0,0.5,
Deepchandi,4,Variation #2,1,7,Ge-B,Ta,5,0.5,1.0,1.0,Dha Ge
Deepchandi,4,Variation #2,1,8,Ge,,5,0.5,0.5,1.0,
Deepchandi,4,Variation #2,1,9,Ka,Tin,6,1.0,1.0,1.0,Tin
Deepchandi,4,Variation #2,1,10,,TiTaL,7,1.0,1.0,0.5,-
Deepchandi,4,Variation #2,1,11,,Ta,8,0.75,1.0,1.0,Ta
Deepchandi,4,Variation #2,1,12,,TiL,8,0.25,1.0,0.5,
Deepchandi,4,Variation #2,1,13,Ka,Tin,9,1.0,1.0,1.0,Tin
Deepchandi,4,Variation #2,1,14,,TiTaL,10,1.0,1.0,0.5,-
Deepchandi,4,Variation #2,1,15,Ge,Ta,11,0.75,1.0,1.0,Dha
Deepchandi,4,Variation #2,1,16,,KDa,11,0.25,1.0,0.5,
Deepchandi,4,Variation #2,1,17,Ge-B,Ta,12,0.5,1.0,1.0,Dha Ge
Deepchandi,4,Variation #2,1,18,Ge,,12,0.5,0.5,1.0,
Deepchandi,4,Variation #2,1,19,Ge-B,Tin,13,1.0,1.0,1.0,Dhin
Deepchandi,4,Variation #2,1,20,,Ti,14,0.25,1.0,0.5,TiRaKiTa
Deepchandi,4,Variation #2,1,21,,Ra,14,0.25,1.0,0.5,
Deepchandi,4,Variation #2,1,22,Ki,,14,0.25,0.5,1.0,
Deepchandi,4,Variation #2,1,23,,TTa,14,0.25,1.0,0.5,
Deepchandi,4,Variation #2,"2,3",1,Ge,Ta,1,1.0,1.0,1.0,Dha
Deepchandi,4,Variation #2,"2,3",2,Ge-LT6,Tin,2,1.0,1.0,1.0,Dhin
Deepchandi,4,Variation #2,"2,3",3,,,3,1.0,1.0,1.0,-
Deepchandi,4,Variation #2,"2,3",4,Ge-F,Ta,4,1.0,1.0,1.0,Dha
Deepchandi,4,Variation #2,"2,3",5,Ge-B,,5,1.0,0.5,1.0,Ge
Deepchandi,4,Variation #2,"2,3",6,Ka,Tin,6,1.0,1.0,1.0,Tin
Deepchandi,4,Variation #2,"2,3",7,,TiL,7,1.0,1.0,0.5,-
Deepchandi,4,Variation #2,"2,3",8,,Ta,8,1.0,1.0,1.0,Ta
Deepchandi,4,Variation #2,"2,3",9,Ka,Tin,9,1.0,1.0,1.0,Tin
Deepchandi,4,Variation #2,"2,3",10,,,10,1.0,1.0,1.0,-
Deepchandi,4,Variation #2,"2,3",11,Ge-F,Ta,11,1.0,1.0,1.0,Dha
Deepchandi,4,Variation #2,"2,3",12,Ge-B,,12,1.0,0.5,1.0,Ge
Deepchandi,4,Variation #2,"2,3",13,Ge,Tin,13,1.0,1.0,1.0,Dhin
Deepchandi,4,Variation #2,"2,3",14,,TiL,14,1.0,1.0,0.5,-
Deepchandi,5,Ghazal,1,1,Ge,Ta,1,0.75,1.0,1.0,Dha
Deepchandi,5,Ghazal,1,2,,TiL,1,0.25,1.0,0.5,
Deepchandi,5,Ghazal,1,3,Ge-S,Tin,2,1.0,1.0,1.0,Dhin
Deepchandi,5,Ghazal,1,4,,TiTaL,3,1.0,1.0,0.5,-
Deepchandi,5,Ghazal,1,5,Ge,Ta,4,0.75,1.0,1.0,Dha
Deepchandi,5,Ghazal,1,6,,KDa,4,0.25,1.0,0.5,
Deepchandi,5,Ghazal,1,7,Ge-B,Ta,5,0.5,1.0,1.0,Dha Ge
Deepchandi,5,Ghazal,1,8,Ge,,5,0.5,0.5,1.0,
Deepchandi,5,Ghazal,1,9,Ka,Tin,6,1.0,1.0,1.0,Tin
Deepchandi,5,Ghazal,1,10,,TiTaL,7,1.0,1.0,0.5,-
Deepchandi,5,Ghazal,1,11,,Ta,8,0.75,1.0,1.0,Ta
Deepchandi,5,Ghazal,1,12,,TiL,8,0.25,1.0,0.5,
Deepchandi,5,Ghazal,1,13,Ka,Tin,9,1.0,1.0,1.0,Tin
Deepchandi,5,Ghazal,1,14,,TiTaL,10,1.0,1.0,0.5,-
Deepchandi,5,Ghazal,1,15,Ge,Ta,11,0.75,1.0,1.0,Dha
Deepchandi,5,Ghazal,1,16,,KDa,11,0.25,1.0,0.5,
Deepchandi,5,Ghazal,1,17,Ge-B,Ta,12,0.5,1.0,1.0,Dha Ge
Deepchandi,5,Ghazal,1,18,Ge,,12,0.5,0.5,1.0,
Deepchandi,5,Ghazal,1,19,Ge-S,Tin,13,1.0,1.0,1.0,Dhin
Deepchandi,5,Ghazal,1,20,,Ti,14,0.25,1.0,0.5,TiRaKiTa
Deepchandi,5,Ghazal,1,21,,Ra,14,0.25,1.0,0.5,
Deepchandi,5,Ghazal,1,22,Ki,,14,0.25,0.5,1.0,
Deepchandi,5,Ghazal,1,23,,TTa,14,0.25,1.0,0.5,
Deepchandi,5,Ghazal,"2,3",1,Ge,Ta,1,1.0,1.0,1.0,Dha
Deepchandi,5,Ghazal,"2,3",2,Ge-LT6,Tin,2,1.0,1.0,1.0,Dhin
Deepchandi,5,Ghazal,"2,3",3,,TiL,3,1.0,1.0,0.5,Na
Deepchandi,5,Ghazal,"2,3",4,Ge-F,Ta,4,1.0,1.0,1.0,Dha
Deepchandi,5,Ghazal,"2,3",5,Ge-B,,5,1.0,0.5,1.0,Ge
Deepchandi,5,Ghazal,"2,3",6,Ka,Tu,6,1.0,1.0,1.0,Tin
Deepchandi,5,Ghazal,"2,3",7,,TiL,7,1.0,1.0,1.0,Na
Deepchandi,5,Ghazal,"2,3",8,,Ta,8,1.0,1.0,1.0,Ta
Deepchandi,5,Ghazal,"2,3",9,Ka,Tin,9,1.0,1.0,1.0,Tin
Deepchandi,5,Ghazal,"2,3",10,,TiL,10,1.0,1.0,0.5,Na
Deepchandi,5,Ghazal,"2,3",11,Ge-F,Ta,11,1.0,1.0,1.0,Dha
Deepchandi,5,Ghazal,"2,3",12,Ge-B,,12,1.0,0.5,1.0,Ge
Deepchandi,5,Ghazal,"2,3",13,Ge-LT6,Tin,13,1.0,1.0,1.0,Dhin
Deepchandi,5,Ghazal,"2,3",14,,TiL,14,1.0,1.0,1.0,Na
Deepchandi,6,Laggi,"2,3",1,Ge,Ta,1,1.0,1.0,1.0,Dha
Deepchandi,6,Laggi,"2,3",2,,Ta,2,0.5,1.0,1.0,TaTa
Deepchandi,6,Laggi,"2,3",3,,Ta,2,0.5,1.0,1.0,
Deepchandi,6,Laggi,"2,3",4,Ki,,3,0.5,1.0,1.0,KiTa
Deepchandi,6,Laggi,"2,3",5,,TTa,3,0.5,1.0,1.0,
Deepchandi,6,Laggi,"2,3",6,Ge-F,Ta,4,0.5,1.0,1.0,DhaGe
Deepchandi,6,Laggi,"2,3",7,Ge,,4,0.5,1.0,1.0,
Deepchandi,6,Laggi,"2,3",8,Ge-B,Ta,5,0.5,1.0,1.0,DhaDhin
Deepchandi,6,Laggi,"2,3",9,Ge,Tin,5,0.5,1.0,1.0,
Deepchandi,6,Laggi,"2,3",10,,Ta,6,0.5,1.0,1.0,TaTa
Deepchandi,6,Laggi,"2,3",11,,Ta,6,0.5,1.0,1.0,
Deepchandi,6,Laggi,"2,3",12,Ki,,7,0.5,1.0,1.0,KiTa
Deepchandi,6,Laggi,"2,3",13,,TTa,7,0.5,1.0,1.0,
Deepchandi,6,Laggi,"2,3",14,,Ta,8,0.5,1.0,1.0,TaKa
Deepchandi,6,Laggi,"2,3",15,Ka,,8,0.5,0.5,1.0,
Deepchandi,6,Laggi,"2,3",16,,Ta,9,0.5,1.0,1.0,TaTa
Deepchandi,6,Laggi,"2,3",17,,Ta,9,0.5,1.0,1.0,
Deepchandi,6,Laggi,"2,3",18,Ki,,10,0.5,1.0,1.0,KiTa
Deepchandi,6,Laggi,"2,3",19,,TTa,10,0.5,1.0,1.0,
Deepchandi,6,Laggi,"2,3",20,Ge-F,Ta,11,0.5,1.0,1.0,DhaGe
Deepchandi,6,Laggi,"2,3",21,Ge,,11,0.5,1.0,1.0,
Deepchandi,6,Laggi,"2,3",22,Ge-B,Ta,12,0.5,1.0,1.0,DhaDhin
Deepchandi,6,Laggi,"2,3",23,Ge,Tin,12,0.5,1.0,1.0,
Deepchandi,6,Laggi,"2,3",24,,Ta,13,0.5,1.0,1.0,TaTa
Deepchandi,6,Laggi,"2,3",25,,Ta,13,0.5,1.0,1.0,
Deepchandi,6,Laggi,"2,3",26,Ki,,14,0.5,1.0,1.0,KiTa
Deepchandi,6,Laggi,"2,3",27,,TTa,14,0.5,1.0,1.0,
Dhamaar,2,Pro Default,"1,2,3",1,Kat,,1,1.0,1.0,1.0,Ka
Dhamaar,2,Pro Default,"1,2,3",2,Ge-OP,Din,2,1.0,1.0,1.0,Dhi
Dhamaar,2,Pro Default,"1,2,3",3,,TTa,3,1.0,1.0,1.0,TTa
Dhamaar,2,Pro Default,"1,2,3",4,Ge-OP,TTa,4,1.0,1.0,1.0,Dhi
Dhamaar,2,Pro Default,"1,2,3",5,,TTa,5,1.0,1.0,1.0,TTa
Dhamaar,2,Pro Default,"1,2,3",6,Ge-OP,TinFull,6,1.0,1.0,1.0,Dha
Dhamaar,2,Pro Default,"1,2,3",7,,,7,1.0,1.0,1.0,-
Dhamaar,2,Pro Default,"1,2,3",8,Ge-B,,8,1.0,1.0,1.0,Ga
Dhamaar,2,Pro Default,"1,2,3",9,,Din,9,1.0,1.0,1.0,Ti
Dhamaar,2,Pro Default,"1,2,3",10,,TTa,10,1.0,1.0,1.0,TTa
Dhamaar,2,Pro Default,"1,2,3",11,,Din,11,1.0,1.0,1.0,Ti
Dhamaar,2,Pro Default,"1,2,3",12,,TTa,12,1.0,1.0,1.0,TTa
Dhamaar,2,Pro Default,"1,2,3",13,,TinFull,13,1.0,1.0,1.0,Ta
Dhamaar,2,Pro Default,"1,2,3",14,,,14,1.0,1.0,1.0,-
Dhamaar,3,Punjabi,1,1,,Ta,1,1.0,1.0,1.0,Ta
Dhamaar,3,Punjabi,1,2,Ge-S,TinFull,2,1.0,1.0,1.0,Dhin
Dhamaar,3,Punjabi,1,3,,,3,0.5,1.0,1.0,- KDa
Dhamaar,3,Punjabi,1,4,,KDa,3,0.5,1.0,1.0,
Dhamaar,3,Punjabi,1,5,Ge-S,TinFull,4,1.0,1.0,1.0,Dhin
Dhamaar,3,Punjabi,1,6,Ge-S,TinFull,5,1.0,1.0,1.0,Dhin
Dhamaar,3,Punjabi,1,7,Ge,Ta,6,0.5,1.0,1.0,Dha Ge
Dhamaar,3,Punjabi,1,8,Ge-B,,6,0.5,0.5,1.0,
Dhamaar,3,Punjabi,1,9,,Ti,7,0.25,1.0,1.0,TiRaKiTa
Dhamaar,3,Punjabi,1,10,,Ra,7,0.25,1.0,1.0,
Dhamaar,3,Punjabi,1,11,Ki,,7,0.25,1.0,1.0,
Dhamaar,3,Punjabi,1,12,,TTa,7,0.25,1.0,1.0,
Dhamaar,3,Punjabi,1,13,Ge,Ta,8,0.5,1.0,1.0,Dha Ge
Dhamaar,3,Punjabi,1,14,Ge-B,,8,0.5,0.5,1.0,
Dhamaar,3,Punjabi,1,15,Ka,TinFull,9,1.0,1.0,1.0,Tin
Dhamaar,3,Punjabi,1,16,,,10,0.5,1.0,1.0,- KDa
Dhamaar,3,Punjabi,1,17,,KDa,10,0.5,1.0,1.0,
Dhamaar,3,Punjabi,1,18,Ka,TinFull,11,1.0,1.0,1.0,Tin
Dhamaar,3,Punjabi,1,19,Ka,TinFull,12,1.0,1.0,1.0,Tin
Dhamaar,3,Punjabi,1,20,,Ta,13,1.0,1.0,1.0,Ta
Dhamaar,3,Punjabi,1,21,,Ti,14,0.25,1.0,1.0,TiRaKiTa
Dhamaar,3,Punjabi,1,22,,Ra,14,0.25,1.0,1.0,
Dhamaar,3,Punjabi,1,23,Ki,,14,0.25,1.0,1.0,
Dhamaar,3,Punjabi,1,24,,TTa,14,0.25,1.0,1.0,
Dhamaar,3,Punjabi,2,1,,Ta,1,1.0,1.0,1.0,Ta
Dhamaar,3,Punjabi,2,2,Ge-S,TinFull,2,1.0,1.0,1.0,Dhin
Dhamaar,3,Punjabi,2,3,,,3,0.5,1.0,1.0,- KDa
Dhamaar,3,Punjabi,2,4,,KDa,3,0.5,1.0,1.0,
Dhamaar,3,Punjabi,2,5,Ge-B,TinFull,4,1.0,1.0,1.0,Dhin
Dhamaar,3,Punjabi,2,6,Ge-LT6,TinFull,5,1.0,1.0,1.0,Dhin
Dhamaar,3,Punjabi,2,7,Ge,Ta,6,0.5,1.0,1.0,Dha Ge
Dhamaar,3,Punjabi,2,8,Ge-B,,6,0.5,0.5,1.0,
Dhamaar,3,Punjabi,2,9,,Ti,7,0.25,1.0,1.0,TiRaKiTa
Dhamaar,3,Punjabi,2,10,,Ra,7,0.25,1.0,1.0,
Dhamaar,3,Punjabi,2,11,Ki,,7,0.25,1.0,1.0,
Dhamaar,3,Punjabi,2,12,,TTa,7,0.25,1.0,1.0,
Dhamaar,3,Punjabi,2,13,Ge,Ta,8,0.5,1.0,1.0,Dha Ge
Dhamaar,3,Punjabi,2,14,Ge-B,,8,0.5,0.5,1.0,
Dhamaar,3,Punjabi,2,15,Ka,TinFull,9,1.0,1.0,1.0,Tin
Dhamaar,3,Punjabi,2,16,,,10,0.5,1.0,1.0,- KDa
Dhamaar,3,Punjabi,2,17,,KDa,10,0.5,1.0,1.0,
Dhamaar,3,Punjabi,2,18,Ka,TinFull,11,1.0,1.0,1.0,Tin
Dhamaar,3,Punjabi,2,19,Ka,TinFull,12,1.0,1.0,1.0,Tin
Dhamaar,3,Punjabi,2,20,,Ta,13,1.0,1.0,1.0,Ta
Dhamaar,3,Punjabi,2,21,,Ti,14,0.25,1.0,1.0,TiRaKiTa
Dhamaar,3,Punjabi,2,22,,Ra,14,0.25,1.0,1.0,
Dhamaar,3,Punjabi,2,23,Ki,,14,0.25,1.0,1.0,
Dhamaar,3,Punjabi,2,24,,TTa,14,0.25,1.0,1.0,
Dhamaar,3,Punjabi,3,1,,Ta,1,1.0,1.0,1.0,Ta
Dhamaar,3,Punjabi,3,2,Ge-LT6,TinFull,2,1.0,1.0,1.0,Dhin
Dhamaar,3,Punjabi,3,3,,,3,0.5,1.0,1.0,- KDa
Dhamaar,3,Punjabi,3,4,,KDa,3,0.5,1.0,1.0,
Dhamaar,3,Punjabi,3,5,Ge-B,TinFull,4,1.0,1.0,1.0,Dhin
Dhamaar,3,Punjabi,3,6,Ge-LT6,TinMed,5,1.0,1.0,1.0,Dhin
Dhamaar,3,Punjabi,3,7,Ge,Ta,6,0.5,1.0,1.0,Dha Ge
Dhamaar,3,Punjabi,3,8,Ge-B,,6,0.5,0.5,1.0,
Dhamaar,3,Punjabi,3,9,,Ti,7,0.5,1.0,1.0,TiTa
Dhamaar,3,Punjabi,3,10,,TTa,7,0.5,1.0,1.0,
Dhamaar,3,Punjabi,3,11,Ge,Ta,8,0.5,1.0,1.0,Dha Ge
Dhamaar,3,Punjabi,3,12,Ge-B,,8,0.5,0.5,1.0,
Dhamaar,3,Punjabi,3,13,Ka,TinFull,9,1.0,1.0,1.0,Tin
Dhamaar,3,Punjabi,3,14,,,10,0.5,1.0,1.0,- KDa
Dhamaar,3,Punjabi,3,15,,KDa,10,0.5,1.0,1.0,
Dhamaar,3,Punjabi,3,16,Ka,TinFull,11,1.0,1.0,1.0,Tin
Dhamaar,3,Punjabi,3,17,Ka,TinMed,12,1.0,1.0,1.0,Tin
Dhamaar,3,Punjabi,3,18,,Ta,13,1.0,1.0,1.0,Ta
Dhamaar,3,Punjabi,3,19,,Ti,14,0.5,1.0,1.0,TiTa
Dhamaar,3,Punjabi,3,20,,TTa,14,0.5,1.0,1.0,
Farodust/Firdost,1,Basic,1,1,Ge-B,TinFull,1,1.0,1.0,1.0,Dhin
Farodust/Firdost,1,Basic,1,2,Ge-B,TinFull,2,1.0,1.0,1.0,Dhin
Farodust/Firdost,1,Basic,1,3,Ge,Ta,3,0.5,1.0,1.0,Dha Ge
Farodust/Firdost,1,Basic,1,4,Ge-B,,3,0.5,0.5,1.0,
Farodust/Firdost,1,Basic,1,5,,Ti,4,0.25,1.0,1.0,TiRaKiTa
Farodust/Firdost,1,Basic,1,6,,Ra,4,0.25,1.0,1.0,
Farodust/Firdost,1,Basic,1,7,Ki,,4,0.25,1.0,1.0,
Farodust/Firdost,1,Basic,1,8,,TTa,4,0.25,1.0,1.0,
Farodust/Firdost,1,Basic,1,9,Ka,Tu,5,1.0,1.0,1.0,Tu
Farodust/Firdost,1,Basic,1,10,,Na,6,1.0,1.0,1.0,Na
Farodust/Firdost,1,Basic,1,11,Kat,,7,1.0,1.0,1.0,Kat
Farodust/Firdost,1,Basic,1,12,,TinFull,8,1.0,1.0,1.0,Ta
Farodust/Firdost,1,Basic,1,13,Ge-B,Tin,9,0.5,1.0,1.0,DhinNa
Farodust/Firdost,1,Basic,1,14,,Na,9,0.5,1.0,1.0,
Farodust/Firdost,1,Basic,1,15,Kat,,10,0.5,1.0,1.0,KatTa
Farodust/Firdost,1,Basic,1,16,,TinFull,10,0.5,1.0,1.0,
Farodust/Firdost,1,Basic,1,17,,Ti,11,0.25,1.0,1.0,TiRaKiTa
Farodust/Firdost,1,Basic,1,18,,Ra,11,0.25,1.0,1.0,
Farodust/Firdost,1,Basic,1,19,Ki,,11,0.25,1.0,1.0,
Farodust/Firdost,1,Basic,1,20,,TTa,11,0.25,1.0,1.0,
Farodust/Firdost,1,Basic,1,21,Ge-B,Tin,12,0.5,1.0,1.0,DhinNa
Farodust/Firdost,1,Basic,1,22,,Na,12,0.5,1.0,1.0,
Farodust/Firdost,1,Basic,1,23,Ka,,13,0.5,1.0,1.0,KaDha
Farodust/Firdost,1,Basic,1,24,Ge,Ta,13,0.5,1.0,1.0,
Farodust/Firdost,1,Basic,1,25,,Ti,14,0.25,1.0,1.0,TiRaKiTa
Farodust/Firdost,1,Basic,1,26,,Ra,14,0.25,1.0,1.0,
Farodust/Firdost,1,Basic,1,27,Ki,,14,0.25,1.0,1.0,
Farodust/Firdost,1,Basic,1,28,,TTa,14,0.25,1.0,1.0,
Farodust/Firdost,1,Basic,2,1,Ge,TinFull,1,1.0,1.0,1.0,Dhin
Farodust/Firdost,1,Basic,2,2,Ge-LT6,Tin,2,1.0,1.0,1.0,Dhin
Farodust/Firdost,1,Basic,2,3,Ge,Ta,3,0.5,1.0,1.0,Dha Ge
Farodust/Firdost,1,Basic,2,4,Ge-B,,3,0.5,0.5,1.0,
Farodust/Firdost,1,Basic,2,5,,Ti,4,0.25,1.0,1.0,TiRaKiTa
Farodust/Firdost,1,Basic,2,6,,Ra,4,0.25,1.0,1.0,
Farodust/Firdost,1,Basic,2,7,Ki,,4,0.25,1.0,1.0,
Farodust/Firdost,1,Basic,2,8,,TTa,4,0.25,1.0,1.0,
Farodust/Firdost,1,Basic,2,9,Ka,Tu,5,1.0,1.0,1.0,Tu
Farodust/Firdost,1,Basic,2,10,,Na,6,1.0,1.0,1.0,Na
Farodust/Firdost,1,Basic,2,11,Kat,,7,1.0,1.0,1.0,Kat
Farodust/Firdost,1,Basic,2,12,,TinFull,8,1.0,1.0,1.0,Ta
Farodust/Firdost,1,Basic,2,13,Ge-B,Tin,9,0.5,1.0,1.0,DhinNa
Farodust/Firdost,1,Basic,2,14,,Na,9,0.5,1.0,1.0,
Farodust/Firdost,1,Basic,2,15,Kat,,10,0.5,1.0,1.0,KatTa
Farodust/Firdost,1,Basic,2,16,,TinFull,10,0.5,1.0,1.0,
Farodust/Firdost,1,Basic,2,17,,Ti,11,0.25,1.0,1.0,TiRaKiTa
Farodust/Firdost,1,Basic,2,18,,Ra,11,0.25,1.0,1.0,
Farodust/Firdost,1,Basic,2,19,Ki,,11,0.25,1.0,1.0,
Farodust/Firdost,1,Basic,2,20,,TTa,11,0.25,1.0,1.0,
Farodust/Firdost,1,Basic,2,21,Ge-B,Tin,12,0.5,1.0,1.0,DhinNa
Farodust/Firdost,1,Basic,2,22,,Na,12,0.5,1.0,1.0,
Farodust/Firdost,1,Basic,2,23,Ka,,13,0.5,1.0,1.0,KaDha
Farodust/Firdost,1,Basic,2,24,Ge,Ta,13,0.5,1.0,1.0,
Farodust/Firdost,1,Basic,2,25,,Ti,14,0.25,1.0,1.0,TiRaKiTa
Farodust/Firdost,1,Basic,2,26,,Ra,14,0.25,1.0,1.0,
Farodust/Firdost,1,Basic,2,27,Ki,,14,0.25,1.0,1.0,
Farodust/Firdost,1,Basic,2,28,,TTa,14,0.25,1.0,1.0,
Farodust/Firdost,1,Basic,3,1,Ge,TinFull,1,1.0,1.0,1.0,Dhin
Farodust/Firdost,1,Basic,3,2,Ge-LT6,Tin,2,1.0,1.0,1.0,Dhin
Farodust/Firdost,1,Basic,3,3,Ge,Ta,3,0.5,1.0,1.0,Dha Ge
Farodust/Firdost,1,Basic,3,4,Ge-B,,3,0.5,0.5,1.0,
Farodust/Firdost,1,Basic,3,5,,Ti,4,0.5,1.0,1.0,TiTa
Farodust/Firdost,1,Basic,3,6,,TTa,4,0.5,1.0,1.0,
Farodust/Firdost,1,Basic,3,7,Ka,Tu,5,1.0,1.0,1.0,Tu
Farodust/Firdost,1,Basic,3,8,,Na,6,1.0,1.0,1.0,Na
Farodust/Firdost,1,Basic,3,9,Kat,,7,1.0,1.0,1.0,Kat
Farodust/Firdost,1,Basic,3,10,,TinFull,8,1.0,1.0,1.0,Ta
Farodust/Firdost,1,Basic,3,11,Ge-B,Tin,9,0.5,1.0,1.0,DhinNa
Farodust/Firdost,1,Basic,3,12,,Na,9,0.5,1.0,1.0,
Farodust/Firdost,1,Basic,3,13,Kat,,10,0.5,1.0,1.0,KatTa
Farodust/Firdost,1,Basic,3,14,,TinFull,10,0.5,1.0,1.0,
Farodust/Firdost,1,Basic,3,15,,Ti,11,0.5,1.0,1.0,TiTa
Farodust/Firdost,1,Basic,3,16,,TTa,11,0.5,1.0,1.0,
Farodust/Firdost,1,Basic,3,17,Ge-B,Tin,12,0.5,1.0,1.0,DhinNa
Farodust/Firdost,1,Basic,3,18,,Na,12,0.5,1.0,1.0,
Farodust/Firdost,1,Basic,3,19,Ka,,13,0.5,1.0,1.0,KaDha
Farodust/Firdost,1,Basic,3,20,Ge,Ta,13,0.5,1.0,1.0,
Farodust/Firdost,1,Basic,3,21,,Ti,14,0.5,1.0,1.0,TiTa
Farodust/Firdost,1,Basic,3,22,,TTa,14,0.5,1.0,1.0,
Farodust/Firdost,2,Pro Default,1,1,Ge-S,TinFull,1,0.75,1.0,1.0,Dhin
Farodust/Firdost,2,Pro Default,1,2,,TiL,1,0.25,1.0,1.0,
Farodust/Firdost,2,Pro Default,1,3,Ge-S,TinFull,2,0.75,1.0,1.0,Dhin
Farodust/Firdost,2,Pro Default,1,4,,TiL,2,0.25,1.0,1.0,
Farodust/Firdost,2,Pro Default,1,5,Ge,Ta,3,0.5,1.0,1.0,Dha Ge
Farodust/Firdost,2,Pro Default,1,6,Ge,Ta,3,0.25,1.0,1.0,
Farodust/Firdost,2,Pro Default,1,7,Ge-B,,3,0.25,0.5,1.0,
Farodust/Firdost,2,Pro Default,1,8,,Ti,4,0.25,1.0,1.0,TiRaKiTa
Farodust/Firdost,2,Pro Default,1,9,,Ra,4,0.25,1.0,1.0,
Farodust/Firdost,2,Pro Default,1,10,Ki,,4,0.25,1.0,1.0,
Farodust/Firdost,2,Pro Default,1,11,,TTa,4,0.25,1.0,1.0,
Farodust/Firdost,2,Pro Default,1,12,Ka,Tu,5,1.0,1.0,1.0,Tu
Farodust/Firdost,2,Pro Default,1,13,,Na,6,0.5,1.0,1.0,NaNa
Farodust/Firdost,2,Pro Default,1,14,,Na,6,0.5,1.0,1.0,
Farodust/Firdost,2,Pro Default,1,15,Kat,,7,1.0,1.0,1.0,Kat
Farodust/Firdost,2,Pro Default,1,16,,TinFull,8,1.0,1.0,1.0,Ta
Farodust/Firdost,2,Pro Default,1,17,Ge-B,Tin,9,0.5,1.0,1.0,DhinNa
Farodust/Firdost,2,Pro Default,1,18,,Na,9,0.5,1.0,1.0,
Farodust/Firdost,2,Pro Default,1,19,Kat,,10,0.5,1.0,1.0,KatTa
Farodust/Firdost,2,Pro Default,1,20,,TinFull,10,0.5,1.0,1.0,
Farodust/Firdost,2,Pro Default,1,21,,Ti,11,0.25,1.0,1.0,TiRaKiTa
Farodust/Firdost,2,Pro Default,1,22,,Ra,11,0.25,1.0,1.0,
Farodust/Firdost,2,Pro Default,1,23,Ki,,11,0.25,1.0,1.0,
Farodust/Firdost,2,Pro Default,1,24,,TTa,11,0.25,1.0,1.0,
Farodust/Firdost,2,Pro Default,1,25,Ge-B,Tin,12,0.5,1.0,1.0,DhinNa
Farodust/Firdost,2,Pro Default,1,26,,Na,12,0.5,1.0,1.0,
Farodust/Firdost,2,Pro Default,1,27,Ka,,13,0.5,1.0,1.0,KaDha
Farodust/Firdost,2,Pro Default,1,28,Ge,Ta,13,0.5,1.0,1.0,
Farodust/Firdost,2,Pro Default,1,29,,Ti,14,0.25,1.0,1.0,TiRaKiTa
Farodust/Firdost,2,Pro Default,1,30,,Ra,14,0.25,1.0,1.0,
Farodust/Firdost,2,Pro Default,1,31,Ki,,14,0.25,1.0,1.0,
Farodust/Firdost,2,Pro Default,1,32,,TTa,14,0.25,1.0,1.0,
Farodust/Firdost,2,Pro Default,2,1,Ge,TinFull,1,1.0,1.0,1.0,Dhin
Farodust/Firdost,2,Pro Default,2,2,Ge-LT6,Tin,2,1.0,1.0,1.0,Dhin
Farodust/Firdost,2,Pro Default,2,3,Ge,Ta,3,0.5,1.0,1.0,Dha Ge
Farodust/Firdost,2,Pro Default,2,4,Ge-B,,3,0.5,0.5,1.0,
Farodust/Firdost,2,Pro Default,2,5,,Ti,4,0.25,1.0,1.0,TiRaKiTa
Farodust/Firdost,2,Pro Default,2,6,,Ra,4,0.25,1.0,1.0,
Farodust/Firdost,2,Pro Default,2,7,Ki,,4,0.25,1.0,1.0,
Farodust/Firdost,2,Pro Default,2,8,,TTa,4,0.25,1.0,1.0,
Farodust/Firdost,2,Pro Default,2,9,Ka,Tu,5,1.0,1.0,1.0,Tu
Farodust/Firdost,2,Pro Default,2,10,,Na,6,0.5,1.0,1.0,NaNa
Farodust/Firdost,2,Pro Default,2,11,,Na,6,0.5,1.0,1.0,
Farodust/Firdost,2,Pro Default,2,12,Kat,,7,1.0,1.0,1.0,Kat
Farodust/Firdost,2,Pro Default,2,13,,TinFull,8,1.0,1.0,1.0,Ta
Farodust/Firdost,2,Pro Default,2,14,Ge-B,Tin,9,0.5,1.0,1.0,DhinNa
Farodust/Firdost,2,Pro Default,2,15,,Na,9,0.5,1.0,1.0,
Farodust/Firdost,2,Pro Default,2,16,Kat,,10,0.5,1.0,1.0,KatTa
Farodust/Firdost,2,Pro Default,2,17,,TinFull,10,0.5,1.0,1.0,
Farodust/Firdost,2,Pro Default,2,18,,Ti,11,0.25,1.0,1.0,TiRaKiTa
Farodust/Firdost,2,Pro Default,2,19,,Ra,11,0.25,1.0,1.0,
Farodust/Firdost,2,Pro Default,2,20,Ki,,11,0.25,1.0,1.0,
Farodust/Firdost,2,Pro Default,2,21,,TTa,11,0.25,1.0,1.0,
Farodust/Firdost,2,Pro Default,2,22,Ge-B,Tin,12,0.5,1.0,1.0,DhinNa
Farodust/Firdost,2,Pro Default,2,23,,Na,12,0.5,1.0,1.0,
Farodust/Firdost,2,Pro Default,2,24,Ka,,13,0.5,1.0,1.0,KaDha
Farodust/Firdost,2,Pro Default,2,25,Ge,Ta,13,0.5,1.0,1.0,
Farodust/Firdost,2,Pro Default,2,26,,Ti,14,0.25,1.0,1.0,TiRaKiTa
Farodust/Firdost,2,Pro Default,2,27,,Ra,14,0.25,1.0,1.0,
Farodust/Firdost,2,Pro Default,2,28,Ki,,14,0.25,1.0,1.0,
Farodust/Firdost,2,Pro Default,2,29,,TTa,14,0.25,1.0,1.0,
Farodust/Firdost,2,Pro Default,3,1,Ge,TinFull,1,1.0,1.0,1.0,Dhin
Farodust/Firdost,2,Pro Default,3,2,Ge-LT6,Tin,2,1.0,1.0,1.0,Dhin
Farodust/Firdost,2,Pro Default,3,3,Ge,Ta,3,0.5,1.0,1.0,Dha Ge
Farodust/Firdost,2,Pro Default,3,4,Ge-B,,3,0.5,0.5,1.0,
Farodust/Firdost,2,Pro Default,3,5,,Ti,4,0.5,1.0,1.0,TiTa
Farodust/Firdost,2,Pro Default,3,6,,TTa,4,0.5,1.0,1.0,
Farodust/Firdost,2,Pro Default,3,7,Ka,Tu,5,1.0,1.0,1.0,Tu
Farodust/Firdost,2,Pro Default,3,8,,Na,6,1.0,1.0,1.0,Na
Farodust/Firdost,2,Pro Default,3,9,Kat,,7,1.0,1.0,1.0,Kat
Farodust/Firdost,2,Pro Default,3,10,,TinFull,8,1.0,1.0,1.0,Ta
Farodust/Firdost,2,Pro Default,3,11,Ge-B,Tin,9,0.5,1.0,1.0,DhinNa
Farodust/Firdost,2,Pro Default,3,12,,Na,9,0.5,1.0,1.0,
Farodust/Firdost,2,Pro Default,3,13,Kat,,10,0.5,1.0,1.0,KatTa
Farodust/Firdost,2,Pro Default,3,14,,TinFull,10,0.5,1.0,1.0,
Farodust/Firdost,2,Pro Default,3,15,,Ti,11,0.5,1.0,1.0,TiTa
Farodust/Firdost,2,Pro Default,3,16,,TTa,11,0.5,1.0,1.0,
Farodust/Firdost,2,Pro Default,3,17,Ge-B,Tin,12,0.5,1.0,1.0,DhinNa
Farodust/Firdost,2,Pro Default,3,18,,Na,12,0.5,1.0,1.0,
Farodust/Firdost,2,Pro Default,3,19,Ka,,13,0.5,1.0,1.0,KaDha
Farodust/Firdost,2,Pro Default,3,20,Ge,Ta,13,0.5,1.0,1.0,
Farodust/Firdost,2,Pro Default,3,21,,Ti,14,0.5,1.0,1.0,TiTa
Farodust/Firdost,2,Pro Default,3,22,,TTa,14,0.5,1.0,1.0,
Farodust/Firdost,3,Variation #1,1,1,Ge-S,TinFull,1,0.75,1.0,1.0,Dhin
Farodust/Firdost,3,Variation #1,1,2,,TiL,1,0.25,1.0,1.0,
Farodust/Firdost,3,Variation #1,1,3,Ge-S,TinFull,2,0.75,1.0,1.0,Dhin
Farodust/Firdost,3,Variation #1,1,4,,TiL,2,0.25,1.0,1.0,
Farodust/Firdost,3,Variation #1,1,5,Ge,Ta,3,0.5,1.0,1.0,Dha Ge
Farodust/Firdost,3,Variation #1,1,6,Ge,Ta,3,0.25,1.0,1.0,
Farodust/Firdost,3,Variation #1,1,7,Ge-B,,3,0.25,0.5,1.0,
Farodust/Firdost,3,Variation #1,1,8,,Ti,4,0.25,1.0,1.0,TiRaKiTa
Farodust/Firdost,3,Variation #1,1,9,,Ra,4,0.25,1.0,1.0,
Farodust/Firdost,3,Variation #1,1,10,Ki,,4,0.25,1.0,1.0,
Farodust/Firdost,3,Variation #1,1,11,,TTa,4,0.25,1.0,1.0,
Farodust/Firdost,3,Variation #1,1,12,Ka,Tu,5,1.0,1.0,1.0,Tu
Farodust/Firdost,3,Variation #1,1,13,,Na,6,0.5,1.0,1.0,NaNa
Farodust/Firdost,3,Variation #1,1,14,,Na,6,0.5,1.0,1.0,
Farodust/Firdost,3,Variation #1,1,15,Kat,,7,1.0,1.0,1.0,Kat
Farodust/Firdost,3,Variation #1,1,16,,TinFull,8,1.0,1.0,1.0,Ta
Farodust/Firdost,3,Variation #1,1,17,Ge,Ta,9,0.5,1.0,1.0,DhaTi
Farodust/Firdost,3,Variation #1,1,18,,Ti,9,0.5,1.0,1.0,
Farodust/Firdost,3,Variation #1,1,19,Ka,,10,0.5,1.0,1.0,KeDhi
Farodust/Firdost,3,Variation #1,1,20,Ge-B,Tin,10,0.5,1.0,1.0,
Farodust/Firdost,3,Variation #1,1,21,,Na,11,0.5,1.0,1.0,NaKa
Farodust/Firdost,3,Variation #1,1,22,Ka,,11,0.5,1.0,1.0,
Farodust/Firdost,3,Variation #1,1,23,Ge,Ta,12,0.5,1.0,1.0,DhaTi
Farodust/Firdost,3,Variation #1,1,24,,Ti,12,0.5,1.0,1.0,
Farodust/Firdost,3,Variation #1,1,25,Ka,,13,0.5,1.0,1.0,KeDhi
Farodust/Firdost,3,Variation #1,1,26,Ge-B,Tin,13,0.5,1.0,1.0,
Farodust/Firdost,3,Variation #1,1,27,,Na,14,0.5,1.0,1.0,NaKa
Farodust/Firdost,3,Variation #1,1,28,Ka,,14,0.5,1.0,1.0,
Farodust/Firdost,3,Variation #1,2,1,Ge,TinFull,1,1.0,1.0,1.0,Dhin
Farodust/Firdost,3,Variation #1,2,2,Ge-LT6,Tin,2,1.0,1.0,1.0,Dhin
Farodust/Firdost,3,Variation #1,2,3,Ge,Ta,3,0.5,1.0,1.0,Dha Ge
Farodust/Firdost,3,Variation #1,2,4,Ge-B,,3,0.5,0.5,1.0,
Farodust/Firdost,3,Variation #1,2,5,,Ti,4,0.25,1.0,1.0,TiRaKiTa
Farodust/Firdost,3,Variation #1,2,6,,Ra,4,0.25,1.0,1.0,
Farodust/Firdost,3,Variation #1,2,7,Ki,,4,0.25,1.0,1.0,
Farodust/Firdost,3,Variation #1,2,8,,TTa,4,0.25,1.0,1.0,
Farodust/Firdost,3,Variation #1,2,9,Ka,Tu,5,1.0,1.0,1.0,Tu
Farodust/Firdost,3,Variation #1,2,10,,Na,6,1.0,1.0,1.0,Na
Farodust/Firdost,3,Variation #1,2,11,Kat,,7,1.0,1.0,1.0,Kat
Farodust/Firdost,3,Variation #1,2,12,,TinFull,8,1.0,1.0,1.0,Ta
Farodust/Firdost,3,Variation #1,2,13,Ge,Ta,9,0.5,1.0,1.0,DhaTi
Farodust/Firdost,3,Variation #1,2,14,,Ti,9,0.5,1.0,1.0,
Farodust/Firdost,3,Variation #1,2,15,Ka,,10,0.5,1.0,1.0,KeDhi
Farodust/Firdost,3,Variation #1,2,16,Ge-B,Tin,10,0.5,1.0,1.0,
Farodust/Firdost,3,Variation #1,2,17,,Na,11,0.5,1.0,1.0,NaKa
Farodust/Firdost,3,Variation #1,2,18,Ka,,11,0.5,1.0,1.0,
Farodust/Firdost,3,Variation #1,2,19,Ge,Ta,12,0.5,1.0,1.0,DhaTi
Farodust/Firdost,3,Variation #1,2,20,,Ti,12,0.5,1.0,1.0,
Farodust/Firdost,3,Variation #1,2,21,Ka,,13,0.5,1.0,1.0,KeDhi
Farodust/Firdost,3,Variation #1,2,22,Ge-B,Tin,13,0.5,1.0,1.0,
Farodust/Firdost,3,Variation #1,2,23,,Na,14,0.5,1.0,1.0,NaKa
Farodust/Firdost,3,Variation #1,2,24,Ka,,14,0.5,1.0,1.0,
Farodust/Firdost,3,Variation #1,3,1,Ge,TinFull,1,1.0,1.0,1.0,Dhin
Farodust/Firdost,3,Variation #1,3,2,Ge-LT6,Tin,2,1.0,1.0,1.0,Dhin
Farodust/Firdost,3,Variation #1,3,3,Ge,Ta,3,0.5,1.0,1.0,Dha Ge
Farodust/Firdost,3,Variation #1,3,4,Ge-B,,3,0.5,0.5,1.0,
Farodust/Firdost,3,Variation #1,3,5,,Ti,4,0.5,1.0,1.0,TiTa
Farodust/Firdost,3,Variation #1,3,6,,TTa,4,0.5,1.0,1.0,
Farodust/Firdost,3,Variation #1,3,7,Ka,Tu,5,1.0,1.0,1.0,Tu
Farodust/Firdost,3,Variation #1,3,8,,Na,6,1.0,1.0,1.0,Na
Farodust/Firdost,3,Variation #1,3,9,Kat,,7,1.0,1.0,1.0,Kat
Farodust/Firdost,3,Variation #1,3,10,,TinFull,8,1.0,1.0,1.0,Ta
Farodust/Firdost,3,Variation #1,3,11,Ge,Ta,9,0.5,1.0,1.0,DhaTi
Farodust/Firdost,3,Variation #1,3,12,,Ti,9,0.5,1.0,1.0,
Farodust/Firdost,3,Variation #1,3,13,Ka,,10,0.5,1.0,1.0,KeDhi
Farodust/Firdost,3,Variation #1,3,14,Ge-B,Tin,10,0.5,1.0,1.0,
Farodust/Firdost,3,Variation #1,3,15,,Na,11,0.5,1.0,1.0,NaKa
Farodust/Firdost,3,Variation #1,3,16,Ka,,11,0.5,1.0,1.0,
Farodust/Firdost,3,Variation #1,3,17,Ge,Ta,12,0.5,1.0,1.0,DhaTi
Farodust/Firdost,3,Variation #1,3,18,,Ti,12,0.5,1.0,1.0,
Farodust/Firdost,3,Variation #1,3,19,Ka,,13,0.5,1.0,1.0,KeDhi
Farodust/Firdost,3,Variation #1,3,20,Ge-B,Tin,13,0.5,1.0,1.0,
Farodust/Firdost,3,Variation #1,3,21,,Na,14,0.5,1.0,1.0,NaKa
Farodust/Firdost,3,Variation #1,3,22,Ka,,14,0.5,1.0,1.0,
Jhoomra,1,Basic,0,1,Ge-Sam,TinFull,1,0.5,1.0,1.0,Dhin
Jhoomra,1,Basic,0,2,Ge-S,Tin,1,0.25,0.25,0.25,
Jhoomra,1,Basic,0,3,Ge,,1,0.25,0.25,0.25,
Jhoomra,1,Basic,0,4,Ge-S,Tin,2,0.5,1.0,0.5,- Dha
Jhoomra,1,Basic,0,5,Ge,Ta,2,0.5,1.0,1.0,
Jhoomra,1,Basic,0,6,,Ti,3,0.25,1.0,1.0,TiRaKiTa
Jhoomra,1,Basic,0,7,,Ra,3,0.25,1.0,1.0,
Jhoomra,1,Basic,0,8,Ki,,3,0.25,1.0,1.0,
Jhoomra,1,Basic,0,9,,TTa,3,0.25,1.0,1.0,
Jhoomra,1,Basic,0,10,Ge-S,TinFull,4,0.75,1.0,1.0,Dhin
Jhoomra,1,Basic,0,11,,TiL,4,0.25,1.0,1.0,
Jhoomra,1,Basic,0,12,Ge-S,TinFull,5,0.75,1.0,1.0,Dhin
Jhoomra,1,Basic,0,13,,TiL,5,0.25,1.0,1.0,
Jhoomra,1,Basic,0,14,Ge,Ta,6,0.375,1.0,1.0,Dha DhaGe
Jhoomra,1,Basic,0,15,,KDa,6,0.125,1.0,0.5,
Jhoomra,1,Basic,0,16,Ge-B,Ta,6,0.25,1.0,1.0,
Jhoomra,1,Basic,0,17,Ge,,6,0.25,1.0,1.0,
Jhoomra,1,Basic,0,18,,Ti,7,0.25,1.0,1.0,TiRaKiTa
Jhoomra,1,Basic,0,19,,Ra,7,0.25,1.0,1.0,
Jhoomra,1,Basic,0,20,Ki,,7,0.25,1.0,1.0,
Jhoomra,1,Basic,0,21,,TTa,7,0.25,1.0,1.0,
Jhoomra,1,Basic,0,22,Ka,TinFull,8,0.5,1.0,1.0,Tin
Jhoomra,1,Basic,0,23,,Tin,8,0.25,1.0,0.5,
Jhoomra,1,Basic,0,24,,Tin,8,0.25,1.0,0.25,
Jhoomra,1,Basic,0,25,Ka,Tin,9,0.5,0.5,1.0,- Ta
Jhoomra,1,Basic,0,26,,Ta,9,0.5,1.0,1.0,
Jhoomra,1,Basic,0,27,,Ti,10,0.25,1.0,1.0,TiRaKiTa
Jhoomra,1,Basic,0,28,,Ra,10,0.25,1.0,1.0,
Jhoomra,1,Basic,0,29,Ki,,10,0.25,1.0,1.0,
Jhoomra,1,Basic,0,30,,TTa,10,0.25,1.0,1.0,
Jhoomra,1,Basic,0,31,Ge-S,TinFull,11,0.75,1.0,1.0,Dhin
Jhoomra,1,Basic,0,32,,TiL,11,0.25,1.0,1.0,
Jhoomra,1,Basic,0,33,Ge-S,TinFull,12,0.75,1.0,1.0,Dhin
Jhoomra,1,Basic,0,34,,TiL,12,0.25,1.0,1.0,
Jhoomra,1,Basic,0,35,Ge,Ta,13,0.375,1.0,1.0,Dha DhaGe
Jhoomra,1,Basic,0,36,,KDa,13,0.125,1.0,0.5,
Jhoomra,1,Basic,0,37,Ge-B,Ta,13,0.25,1.0,1.0,
Jhoomra,1,Basic,0,38,Ge,,13,0.25,1.0,1.0,
Jhoomra,1,Basic,0,39,,Ti,14,0.25,1.0,1.0,TiRaKiTa
Jhoomra,1,Basic,0,40,,Ra,14,0.25,1.0,1.0,
Jhoomra,1,Basic,0,41,Ki,,14,0.25,1.0,1.0,
Jhoomra,1,Basic,0,42,,TTa,14,0.25,1.0,1.0,
Jhoomra,1,Basic,1,1,Ge-B,TinFull,1,1.0,1.0,1.0,Dhin
Jhoomra,1,Basic,1,2,Ge-T60,,2,0.5,0.75,1.0,- Dha
Jhoomra,1,Basic,1,3,Ge,Ta,2,0.5,1.0,1.0,
Jhoomra,1,Basic,1,4,,Ti,3,0.25,1.0,1.0,TiRaKiTa
Jhoomra,1,Basic,1,5,,Ra,3,0.25,1.0,1.0,
Jhoomra,1,Basic,1,6,Ki,,3,0.25,1.0,1.0,
Jhoomra,1,Basic,1,7,,TTa,3,0.25,1.0,1.0,
Jhoomra,1,Basic,1,8,Ge-B,TinMed,4,1.0,1.0,1.0,Dhin
Jhoomra,1,Basic,1,9,Ge-B,TinMed,5,1.0,1.0,1.0,Dhin
Jhoomra,1,Basic,1,10,Ge,Ta,6,0.5,1.0,1.0,Dha DhaGe
Jhoomra,1,Basic,1,11,Ge-B,Ta,6,0.25,1.0,1.0,
Jhoomra,1,Basic,1,12,Ge,,6,0.25,1.0,1.0,
Jhoomra,1,Basic,1,13,,Ti,7,0.25,1.0,1.0,TiRaKiTa
Jhoomra,1,Basic,1,14,,Ra,7,0.25,1.0,1.0,
Jhoomra,1,Basic,1,15,Ki,,7,0.25,1.0,1.0,
Jhoomra,1,Basic,1,16,,TTa,7,0.25,1.0,1.0,
Jhoomra,1,Basic,1,17,Ka,TinFull,8,1.0,1.0,1.0,Tin
Jhoomra,1,Basic,1,18,,,9,0.5,1.0,1.0,- Ta
Jhoomra,1,Basic,1,19,,Ta,9,0.5,1.0,1.0,
Jhoomra,1,Basic,1,20,,Ti,10,0.25,1.0,1.0,TiRaKiTa
Jhoomra,1,Basic,1,21,,Ra,10,0.25,1.0,1.0,
Jhoomra,1,Basic,1,22,Ki,,10,0.25,1.0,1.0,
Jhoomra,1,Basic,1,23,,TTa,10,0.25,1.0,1.0,
Jhoomra,1,Basic,1,24,Ge-B,TinMed,11,1.0,1.0,1.0,Dhin
Jhoomra,1,Basic,1,25,Ge-B,TinMed,12,1.0,1.0,1.0,Dhin
Jhoomra,1,Basic,1,26,Ge,Ta,13,0.5,1.0,1.0,Dha DhaGe
Jhoomra,1,Basic,1,27,Ge-B,Ta,13,0.25,1.0,1.0,
Jhoomra,1,Basic,1,28,Ge,,13,0.25,1.0,1.0,
Jhoomra,1,Basic,1,29,,Ti,14,0.25,1.0,1.0,TiRaKiTa
Jhoomra,1,Basic,1,30,,Ra,14,0.25,1.0,1.0,
Jhoomra,1,Basic,1,31,Ki,,14,0.25,1.0,1.0,
Jhoomra,1,Basic,1,32,,TTa,14,0.25,1.0,1.0,
Jhoomra,1,Basic,2,1,Ge-B,TinFull,1,1.0,1.0,1.0,Dhin
Jhoomra,1,Basic,2,2,Ge-T60,,2,0.5,0.75,1.0,- Dha
Jhoomra,1,Basic,2,3,Ge,Ta,2,0.5,1.0,1.0,
Jhoomra,1,Basic,2,4,,Ti,3,0.25,1.0,1.0,TiRaKiTa
Jhoomra,1,Basic,2,5,,Ra,3,0.25,1.0,1.0,
Jhoomra,1,Basic,2,6,Ki,,3,0.25,1.0,1.0,
Jhoomra,1,Basic,2,7,,TTa,3,0.25,1.0,1.0,
Jhoomra,1,Basic,2,8,Ge-B,TinMed,4,1.0,1.0,1.0,Dhin
Jhoomra,1,Basic,2,9,Ge-B,TinMed,5,1.0,1.0,1.0,Dhin
Jhoomra,1,Basic,2,10,Ge,Ta,6,0.5,1.0,1.0,Dha Ge
Jhoomra,1,Basic,2,11,Ge-B,,6,0.5,1.0,1.0,
Jhoomra,1,Basic,2,12,,Ti,7,0.25,1.0,1.0,TiRaKiTa
Jhoomra,1,Basic,2,13,,Ra,7,0.25,1.0,1.0,
Jhoomra,1,Basic,2,14,Ki,,7,0.25,1.0,1.0,
Jhoomra,1,Basic,2,15,,TTa,7,0.25,1.0,1.0,
Jhoomra,1,Basic,2,16,Ka,TinFull,8,1.0,1.0,1.0,Tin
Jhoomra,1,Basic,2,17,,,9,0.5,1.0,1.0,
Jhoomra,1,Basic,2,18,,Ta,9,0.5,1.0,1.0,Ta
Jhoomra,1,Basic,2,19,,Ti,10,0.25,1.0,1.0,TiRaKiTa
Jhoomra,1,Basic,2,20,,Ra,10,0.25,1.0,1.0,
Jhoomra,1,Basic,2,21,Ki,,10,0.25,1.0,1.0,
Jhoomra,1,Basic,2,22,,TTa,10,0.25,1.0,1.0,
Jhoomra,1,Basic,2,23,Ge-B,TinMed,11,1.0,1.0,1.0,Dhin
Jhoomra,1,Basic,2,24,Ge-B,TinMed,12,1.0,1.0,1.0,Dhin
Jhoomra,1,Basic,2,25,Ge,Ta,13,0.5,1.0,1.0,Dha Ge
Jhoomra,1,Basic,2,26,Ge-B,,13,0.5,1.0,1.0,
Jhoomra,1,Basic,2,28,,Ti,14,0.25,1.0,1.0,TiRaKiTa
Jhoomra,1,Basic,2,29,,Ra,14,0.25,1.0,1.0,
Jhoomra,1,Basic,2,30,Ki,,14,0.25,1.0,1.0,
Jhoomra,1,Basic,2,31,,TTa,14,0.25,1.0,1.0,
Jhoomra,2,Pro Default,0,1,Ge-Sam,TinFull,1,0.25,1.25,1.25,Dhin
Jhoomra,2,Pro Default,0,2,Ge,,1,0.25,0.25,1.0,
Jhoomra,2,Pro Default,0,3,Ge-B,Tin,1,0.1875,0.5,0.5,
Jhoomra,2,Pro Default,0,4,,KDa,1,0.0625,0.5,0.5,
Jhoomra,2,Pro Default,0,5,Ge-LT6,Tin,1,0.125,0.5,0.5,
Jhoomra,2,Pro Default,0,6,,TiL,1,0.125,0.5,0.5,
Jhoomra,2,Pro Default,0,7,Ge-S,Ta,2,0.375,1.0,1.0,Dha
Jhoomra,2,Pro Default,0,8,,TiL,2,0.125,1.0,1.0,
Jhoomra,2,Pro Default,0,9,Ge,Ta,2,0.1875,1.0,1.0,
Jhoomra,2,Pro Default,0,10,,KDa,2,0.0625,0.5,0.5,
Jhoomra,2,Pro Default,0,11,Ge,Ta,2,0.125,0.5,0.5,
Jhoomra,2,Pro Default,0,12,Ge,,2,0.125,0.25,1.0,
Jhoomra,2,Pro Default,0,13,,Ti,3,0.25,1.0,1.0,TiRaKiTa
Jhoomra,2,Pro Default,0,14,,Ra,3,0.25,1.0,1.0,
Jhoomra,2,Pro Default,0,15,Ki,,3,0.25,1.0,1.0,
Jhoomra,2,Pro Default,0,16,,TTa,3,0.25,1.0,1.0,
Jhoomra,2,Pro Default,0,17,Ge-S,TinFull,4,0.375,1.0,1.0,Dhin
Jhoomra,2,Pro Default,0,18,,TiL,4,0.125,1.0,1.0,
Jhoomra,2,Pro Default,0,19,Ge-B,Tin,4,0.1875,0.25,0.5,
Jhoomra,2,Pro Default,0,20,,KDa,4,0.0625,0.5,0.5,
Jhoomra,2,Pro Default,0,21,Ge,,4,0.125,0.25,0.25,
Jhoomra,2,Pro Default,0,22,,TiL,4,0.125,1.0,0.5,
Jhoomra,2,Pro Default,0,23,Ge-S,TinFull,5,0.375,1.0,1.0,Dhin
Jhoomra,2,Pro Default,0,24,,TiL,5,0.125,1.0,1.0,
Jhoomra,2,Pro Default,0,25,Ge-B,Tin,5,0.1875,0.25,0.5,
Jhoomra,2,Pro Default,0,26,,KDa,5,0.0625,0.5,0.5,
Jhoomra,2,Pro Default,0,27,Ge,,5,0.125,0.25,0.25,
Jhoomra,2,Pro Default,0,28,,TiL,5,0.125,1.0,0.5,
Jhoomra,2,Pro Default,0,29,Ge,Ta,6,0.25,1.0,1.0,Dha DhaGe
Jhoomra,2,Pro Default,0,30,Ge,,6,0.125,0.25,1.0,
Jhoomra,2,Pro Default,0,31,,TiL,6,0.125,1.0,0.5,
Jhoomra,2,Pro Default,0,32,Ge,Ta,6,0.1875,1.0,1.0,
Jhoomra,2,Pro Default,0,33,,KDa,6,0.0625,1.0,1.0,
Jhoomra,2,Pro Default,0,34,Ge-LT6,Ta,6,0.125,1.0,0.75,
Jhoomra,2,Pro Default,0,35,Ge,,6,0.125,1.0,1.0,
Jhoomra,2,Pro Default,0,36,,Ti,7,0.25,1.0,1.0,TiRaKiTa
Jhoomra,2,Pro Default,0,37,,Ra,7,0.25,1.0,1.0,
Jhoomra,2,Pro Default,0,38,Ki,,7,0.25,1.0,1.0,
Jhoomra,2,Pro Default,0,39,,TTa,7,0.25,1.0,1.0,
Jhoomra,2,Pro Default,0,40,Ka,TinFull,8,0.5,1.0,1.0,Tin
Jhoomra,2,Pro Default,0,41,,TinMed,8,0.25,1.0,0.5,
Jhoomra,2,Pro Default,0,42,,Tin,8,0.125,1.0,0.5,
Jhoomra,2,Pro Default,0,43,Ka,,8,0.125,0.5,1.0,
Jhoomra,2,Pro Default,0,44,,Ta,9,0.5,1.0,1.0,Ta
Jhoomra,2,Pro Default,0,45,,Ta,9,0.25,1.0,1.0,
Jhoomra,2,Pro Default,0,46,,TaKa,9,0.25,1.0,0.75,
Jhoomra,2,Pro Default,0,47,,Ti,10,0.25,1.0,1.0,TiRaKiTa
Jhoomra,2,Pro Default,0,48,,Ra,10,0.25,1.0,1.0,
Jhoomra,2,Pro Default,0,49,Ki,,10,0.25,1.0,1.0,
Jhoomra,2,Pro Default,0,50,,TTa,10,0.25,1.0,1.0,
Jhoomra,2,Pro Default,0,51,Ge-S,TinFull,11,0.375,1.0,1.0,Dhin
Jhoomra,2,Pro Default,0,52,,TiL,11,0.125,1.0,1.0,
Jhoomra,2,Pro Default,0,53,Ge-B,Tin,11,0.1875,0.25,0.5,
Jhoomra,2,Pro Default,0,54,,KDa,11,0.0625,0.5,0.5,
Jhoomra,2,Pro Default,0,55,Ge,,11,0.125,0.25,0.25,
Jhoomra,2,Pro Default,0,56,,TiL,11,0.125,1.0,0.5,
Jhoomra,2,Pro Default,0,57,Ge-S,TinFull,12,0.375,1.0,1.0,Dhin
Jhoomra,2,Pro Default,0,58,,TiL,12,0.125,1.0,1.0,
Jhoomra,2,Pro Default,0,59,Ge-B,Tin,12,0.1875,0.25,0.5,
Jhoomra,2,Pro Default,0,60,,KDa,12,0.0625,0.5,0.5,
Jhoomra,2,Pro Default,0,61,Ge,,12,0.125,0.25,0.25,
Jhoomra,2,Pro Default,0,62,,TiL,12,0.125,1.0,0.5,
Jhoomra,2,Pro Default,0,63,Ge,Ta,13,0.25,1.0,1.0,Dha DhaGe
Jhoomra,2,Pro Default,0,64,Ge,,13,0.125,0.25,1.0,
Jhoomra,2,Pro Default,0,65,,TiL,13,0.125,1.0,0.5,
Jhoomra,2,Pro Default,0,66,Ge,Ta,13,0.1875,1.0,1.0,
Jhoomra,2,Pro Default,0,67,,KDa,13,0.0625,1.0,1.0,
Jhoomra,2,Pro Default,0,68,Ge-LT6,Ta,13,0.125,1.0,0.75,
Jhoomra,2,Pro Default,0,69,Ge,,13,0.125,1.0,1.0,
Jhoomra,2,Pro Default,0,70,,Ti,14,0.25,1.0,1.0,TiRaKiTa
Jhoomra,2,Pro Default,0,71,,Ra,14,0.25,1.0,1.0,
Jhoomra,2,Pro Default,0,72,Ki,,14,0.25,1.0,1.0,
Jhoomra,2,Pro Default,0,73,,TTa,14,0.125,1.0,1.0,
Jhoomra,2,Pro Default,0,74,,TiL,14,0.125,1.0,1.0,
Jhoomra,2,Pro Default,1,1,Ge-Sam,TinFull,1,0.75,1.0,1.0,Dhin
Jhoomra,2,Pro Default,1,2,,TiL,1,0.25,1.0,1.0,
Jhoomra,2,Pro Default,1,3,Ge-LT6,Tin,2,0.5,0.75,0.25,- Dha
Jhoomra,2,Pro Default,1,4,Ge,Ta,2,0.5,1.0,1.0,
Jhoomra,2,Pro Default,1,5,,Ti,3,0.25,1.0,1.0,TiRaKiTa
Jhoomra,2,Pro Default,1,6,,Ra,3,0.25,1.0,1.0,
Jhoomra,2,Pro Default,1,7,Ki,,3,0.25,1.0,1.0,
Jhoomra,2,Pro Default,1,8,,TTa,3,0.25,1.0,1.0,
Jhoomra,2,Pro Default,1,9,Ge-S,TinFull,4,0.75,1.0,1.0,Dhin
Jhoomra,2,Pro Default,1,10,,TiL,4,0.25,1.0,1.0,
Jhoomra,2,Pro Default,1,11,Ge-S,TinFull,5,0.75,1.0,1.0,Dhin
Jhoomra,2,Pro Default,1,12,,TiL,5,0.25,1.0,1.0,
Jhoomra,2,Pro Default,1,13,Ge,Ta,6,0.375,1.0,1.0,Dha DhaGe
Jhoomra,2,Pro Default,1,14,,KDa,6,0.125,1.0,1.0,
Jhoomra,2,Pro Default,1,15,Ge,Ta,6,0.25,1.0,1.0,
Jhoomra,2,Pro Default,1,16,Ge-B,,6,0.25,0.5,1.0,
Jhoomra,2,Pro Default,1,17,,Ti,7,0.25,1.0,1.0,TiRaKiTa
Jhoomra,2,Pro Default,1,18,,Ra,7,0.25,1.0,1.0,
Jhoomra,2,Pro Default,1,19,Ki,,7,0.25,1.0,1.0,
Jhoomra,2,Pro Default,1,20,,TTa,7,0.25,1.0,1.0,
Jhoomra,2,Pro Default,1,21,Ka,TinFull,8,0.75,1.0,1.0,Tin
Jhoomra,2,Pro Default,1,22,,TiL,8,0.25,1.0,1.0,
Jhoomra,2,Pro Default,1,23,,Tin,9,0.5,1.0,0.25,- Ta
Jhoomra,2,Pro Default,1,24,,Ta,9,0.5,1.0,1.0,
Jhoomra,2,Pro Default,1,25,,Ti,10,0.25,1.0,1.0,TiRaKiTa
Jhoomra,2,Pro Default,1,26,,Ra,10,0.25,1.0,1.0,
Jhoomra,2,Pro Default,1,27,Ki,,10,0.25,1.0,1.0,
Jhoomra,2,Pro Default,1,28,,TTa,10,0.25,1.0,1.0,
Jhoomra,2,Pro Default,1,29,Ge-S,TinFull,11,0.75,1.0,1.0,Dhin
Jhoomra,2,Pro Default,1,30,,TiL,11,0.25,1.0,1.0,
Jhoomra,2,Pro Default,1,31,Ge-S,TinFull,12,0.75,1.0,1.0,Dhin
Jhoomra,2,Pro Default,1,32,,TiL,12,0.25,1.0,1.0,
Jhoomra,2,Pro Default,1,33,Ge,Ta,13,0.375,1.0,1.0,Dha DhaGe
Jhoomra,2,Pro Default,1,34,,KDa,13,0.125,1.0,1.0,
Jhoomra,2,Pro Default,1,35,Ge,Ta,13,0.25,1.0,1.0,
Jhoomra,2,Pro Default,1,36,Ge-B,,13,0.25,0.5,1.0,
Jhoomra,2,Pro Default,1,37,,Ti,14,0.25,1.0,1.0,TiRaKiTa
Jhoomra,2,Pro Default,1,38,,Ra,14,0.25,1.0,1.0,
Jhoomra,2,Pro Default,1,39,Ki,,14,0.25,1.0,1.0,
Jhoomra,2,Pro Default,1,40,,TTa,14,0.25,1.0,1.0,
Jhoomra,2,Pro Default,2,1,Ge-B,TinFull,1,1.0,1.0,1.0,Dhin
Jhoomra,2,Pro Default,2,2,Ge-T60,,2,0.5,1.0,1.0,- Dha
Jhoomra,2,Pro Default,2,3,Ge,Ta,2,0.5,1.0,1.0,
Jhoomra,2,Pro Default,2,4,,Ti,3,0.25,1.0,1.0,TiRaKiTa
Jhoomra,2,Pro Default,2,5,,Ra,3,0.25,1.0,1.0,
Jhoomra,2,Pro Default,2,6,Ki,,3,0.25,1.0,1.0,
Jhoomra,2,Pro Default,2,7,,TTa,3,0.25,1.0,1.0,
Jhoomra,2,Pro Default,2,8,Ge-B,TinMed,4,1.0,1.0,1.0,Dhin
Jhoomra,2,Pro Default,2,9,Ge-B,TinMed,5,1.0,1.0,1.0,Dhin
Jhoomra,2,Pro Default,2,10,Ge,Ta,6,0.5,1.0,1.0,Dha Ge
Jhoomra,2,Pro Default,2,11,Ge-B,,6,0.5,1.0,1.0,
Jhoomra,2,Pro Default,2,12,,Ti,7,0.25,1.0,1.0,TiRaKiTa
Jhoomra,2,Pro Default,2,13,,Ra,7,0.25,1.0,1.0,
Jhoomra,2,Pro Default,2,14,Ki,,7,0.25,1.0,1.0,
Jhoomra,2,Pro Default,2,15,,TTa,7,0.25,1.0,1.0,
Jhoomra,2,Pro Default,2,16,Ka,TinFull,8,1.0,1.0,1.0,Tin
Jhoomra,2,Pro Default,2,17,,,9,0.5,1.0,1.0,- Ta
Jhoomra,2,Pro Default,2,18,,Ta,9,0.5,1.0,1.0,
Jhoomra,2,Pro Default,2,19,,Ti,10,0.25,1.0,1.0,TiRaKiTa
Jhoomra,2,Pro Default,2,20,,Ra,10,0.25,1.0,1.0,
Jhoomra,2,Pro Default,2,21,Ki,,10,0.25,1.0,1.0,
Jhoomra,2,Pro Default,2,22,,TTa,10,0.25,1.0,1.0,
Jhoomra,2,Pro Default,2,23,Ge-B,TinMed,11,1.0,1.0,1.0,Dhin
Jhoomra,2,Pro Default,2,24,Ge-B,TinMed,12,1.0,1.0,1.0,Dhin
Jhoomra,2,Pro Default,2,25,Ge,Ta,13,0.5,1.0,1.0,Dha Ge
Jhoomra,2,Pro Default,2,26,Ge-B,,13,0.5,1.0,1.0,
Jhoomra,2,Pro Default,2,28,,Ti,14,0.25,1.0,1.0,TiRaKiTa
Jhoomra,2,Pro Default,2,29,,Ra,14,0.25,1.0,1.0,
Jhoomra,2,Pro Default,2,30,Ki,,14,0.25,1.0,1.0,
Jhoomra,2,Pro Default,2,31,,TTa,14,0.25,1.0,1.0,
Pancham Sawari,1,Basic,"1,2",1,Ge-B,TinFull,1,1.0,1.0,1.0,Dhin
Pancham Sawari,1,Basic,"1,2",2,,Na,2,1.0,1.0,1.0,Na
Pancham Sawari,1,Basic,"1,2",3,Ge,TinFull,3,0.5,1.0,1.0,Dhi Dhi
Pancham Sawari,1,Basic,"1,2",4,Ge-B,Tin,3,0.5,1.0,1.0,
Pancham Sawari,1,Basic,"1,2",5,Kat,,4,1.0,1.0,1.0,Kat
Pancham Sawari,1,Basic,"1,2",6,Ge,TinFull,5,0.5,1.0,1.0,Dhi Dhi
Pancham Sawari,1,Basic,"1,2",7,Ge-B,Tin,5,0.5,1.0,1.0,
Pancham Sawari,1,Basic,"1,2",8,,Na,6,0.5,1.0,1.0,Na Dhi
Pancham Sawari,1,Basic,"1,2",9,Ge,TinFull,6,0.5,1.0,1.0,
Pancham Sawari,1,Basic,"1,2",10,Ge-B,Tin,7,0.5,1.0,1.0,Dhi Na
Pancham Sawari,1,Basic,"1,2",11,,Na,7,0.5,1.0,1.0,
Pancham Sawari,1,Basic,"1,2",12,Ka,TinFull,8,0.75,1.0,1.0,Tin--KDa
Pancham Sawari,1,Basic,"1,2",13,,KDa,8,0.25,1.0,1.0,
Pancham Sawari,1,Basic,"1,2",14,Ka,Tin,9,0.5,1.0,1.0,Tin Na
Pancham Sawari,1,Basic,"1,2",15,,Na,9,0.5,1.0,1.0,
Pancham Sawari,1,Basic,"1,2",16,,Ti,10,0.25,1.0,1.0,TiRaKiTa
Pancham Sawari,1,Basic,"1,2",17,,Ra,10,0.25,1.0,1.0,
Pancham Sawari,1,Basic,"1,2",18,Ki,,10,0.25,1.0,1.0,
Pancham Sawari,1,Basic,"1,2",19,,TTa,10,0.25,1.0,1.0,
Pancham Sawari,1,Basic,"1,2",20,Ka,Tu,11,0.5,1.0,1.0,Tu Na
Pancham Sawari,1,Basic,"1,2",21,,Na,11,0.5,1.0,1.0,
Pancham Sawari,1,Basic,"1,2",22,Kat,,12,0.5,1.0,1.0,Kat Ta
Pancham Sawari,1,Basic,"1,2",23,,TinFull,12,0.5,1.0,1.0,
Pancham Sawari,1,Basic,"1,2",24,Ge,TinFull,13,0.5,1.0,1.0,Dhi Dhi
Pancham Sawari,1,Basic,"1,2",25,Ge-B,Tin,13,0.5,1.0,1.0,
Pancham Sawari,1,Basic,"1,2",26,,Na,14,0.5,1.0,1.0,Na Dhi
Pancham Sawari,1,Basic,"1,2",27,Ge,TinFull,14,0.5,1.0,1.0,
Pancham Sawari,1,Basic,"1,2",28,Ge-B,Tin,15,0.5,1.0,1.0,Dhi Na
Pancham Sawari,1,Basic,"1,2",29,,Na,15,0.5,1.0,1.0,
Pancham Sawari,1,Basic,3,1,Ge-B,TinFull,1,1.0,1.0,1.0,Dhin
Pancham Sawari,1,Basic,3,2,,Na,2,1.0,1.0,1.0,Na
Pancham Sawari,1,Basic,3,3,Ge,TinFull,3,0.5,1.0,1.0,Dhi Dhi
Pancham Sawari,1,Basic,3,4,Ge-B,Tin,3,0.5,1.0,1.0,
Pancham Sawari,1,Basic,3,5,Kat,,4,1.0,1.0,1.0,Kat
Pancham Sawari,1,Basic,3,6,Ge,TinFull,5,0.5,1.0,1.0,Dhi Dhi
Pancham Sawari,1,Basic,3,7,Ge-B,Tin,5,0.5,1.0,1.0,
Pancham Sawari,1,Basic,3,8,,Na,6,0.5,1.0,1.0,Na Dhi
Pancham Sawari,1,Basic,3,9,Ge,TinFull,6,0.5,1.0,1.0,
Pancham Sawari,1,Basic,3,10,Ge-B,Tin,7,0.5,1.0,1.0,Dhi Na
Pancham Sawari,1,Basic,3,11,,Na,7,0.5,1.0,1.0,
Pancham Sawari,1,Basic,3,12,Ka,TinFull,8,0.5,1.0,1.0,Tin--KDa
Pancham Sawari,1,Basic,3,13,,KDa,8,0.5,1.0,1.0,
Pancham Sawari,1,Basic,3,14,Ka,Tin,9,0.5,1.0,1.0,Tin Na
Pancham Sawari,1,Basic,3,15,,Na,9,0.5,1.0,1.0,
Pancham Sawari,1,Basic,3,16,,Ti,10,0.5,1.0,1.0,TiTa
Pancham Sawari,1,Basic,3,17,,TTa,10,0.5,1.0,1.0,
Pancham Sawari,1,Basic,3,18,Ka,Tu,11,0.5,1.0,1.0,Tu Na
Pancham Sawari,1,Basic,3,19,,Na,11,0.5,1.0,1.0,
Pancham Sawari,1,Basic,3,20,Kat,,12,0.5,1.0,1.0,Kat Ta
Pancham Sawari,1,Basic,3,21,,TinFull,12,0.5,1.0,1.0,
Pancham Sawari,1,Basic,3,22,Ge,TinFull,13,0.5,1.0,1.0,Dhi Dhi
Pancham Sawari,1,Basic,3,23,Ge-B,Tin,13,0.5,1.0,1.0,
Pancham Sawari,1,Basic,3,24,,Na,14,0.5,1.0,1.0,Na Dhi
Pancham Sawari,1,Basic,3,25,Ge,TinFull,14,0.5,1.0,1.0,
Pancham Sawari,1,Basic,3,26,Ge-B,Tin,15,0.5,1.0,1.0,Dhi Na
Pancham Sawari,1,Basic,3,27,,Na,15,0.5,1.0,1.0,
Pancham Sawari,2,Pro Default,"1,2",1,Ge-B,TinFull,1,1.0,1.0,1.0,Dhin
Pancham Sawari,2,Pro Default,"1,2",2,,Na,2,1.0,1.0,1.0,Na
Pancham Sawari,2,Pro Default,"1,2",3,Ge,TinFull,3,0.5,1.0,1.0,Dhi Dhi
Pancham Sawari,2,Pro Default,"1,2",4,Ge-B,Tin,3,0.5,1.0,1.0,
Pancham Sawari,2,Pro Default,"1,2",5,Kat,,4,1.0,1.0,1.0,Kat
Pancham Sawari,2,Pro Default,"1,2",6,Ge-F,TinFull,5,0.5,1.0,1.0,Dhi Dhi
Pancham Sawari,2,Pro Default,"1,2",7,Ge-LT6,Tin,5,0.5,1.0,1.0,
Pancham Sawari,2,Pro Default,"1,2",8,,Na,6,0.5,1.0,1.0,Na Dhi
Pancham Sawari,2,Pro Default,"1,2",9,Ge-F,TinFull,6,0.5,1.0,1.0,
Pancham Sawari,2,Pro Default,"1,2",10,Ge-LT6,Tin,7,0.5,1.0,1.0,Dhi Na
Pancham Sawari,2,Pro Default,"1,2",11,,Na,7,0.5,1.0,1.0,
Pancham Sawari,2,Pro Default,"1,2",12,Ka,TinFull,8,0.75,1.0,1.0,Tin--KDa
Pancham Sawari,2,Pro Default,"1,2",13,,KDa,8,0.25,1.0,1.0,
Pancham Sawari,2,Pro Default,"1,2",14,Ka,Tin,9,0.5,1.0,1.0,Tin Na
Pancham Sawari,2,Pro Default,"1,2",15,,Na,9,0.5,1.0,1.0,
Pancham Sawari,2,Pro Default,"1,2",16,,Ti,10,0.25,1.0,1.0,TiRaKiTa
Pancham Sawari,2,Pro Default,"1,2",17,,Ra,10,0.25,1.0,1.0,
Pancham Sawari,2,Pro Default,"1,2",18,Ki,,10,0.25,1.0,1.0,
Pancham Sawari,2,Pro Default,"1,2",19,,TTa,10,0.25,1.0,1.0,
Pancham Sawari,2,Pro Default,"1,2",20,Ka,Tu,11,0.5,1.0,1.0,Tu Na
Pancham Sawari,2,Pro Default,"1,2",21,,Na,11,0.5,1.0,1.0,
Pancham Sawari,2,Pro Default,"1,2",22,Kat,,12,0.5,1.0,1.0,Kat Ta
Pancham Sawari,2,Pro Default,"1,2",23,,TinFull,12,0.5,1.0,1.0,
Pancham Sawari,2,Pro Default,"1,2",24,Ge-F,TinFull,13,0.5,1.0,1.0,Dhi Dhi
Pancham Sawari,2,Pro Default,"1,2",25,Ge-LT6,Tin,13,0.5,1.0,1.0,
Pancham Sawari,2,Pro Default,"1,2",26,,Na,14,0.5,1.0,1.0,Na Dhi
Pancham Sawari,2,Pro Default,"1,2",27,Ge-F,TinFull,14,0.5,1.0,1.0,
Pancham Sawari,2,Pro Default,"1,2",28,Ge-LT6,Tin,15,0.5,1.0,1.0,Dhi Na
Pancham Sawari,2,Pro Default,"1,2",29,,Na,15,0.5,1.0,1.0,
Pancham Sawari,2,Pro Default,3,1,Ge-B,TinFull,1,1.0,1.0,1.0,Dhin
Pancham Sawari,2,Pro Default,3,2,,Na,2,1.0,1.0,1.0,Na
Pancham Sawari,2,Pro Default,3,3,Ge,TinFull,3,0.5,1.0,1.0,Dhi Dhi
Pancham Sawari,2,Pro Default,3,4,Ge-B,Tin,3,0.5,1.0,1.0,
Pancham Sawari,2,Pro Default,3,5,Kat,,4,1.0,1.0,1.0,Kat
Pancham Sawari,2,Pro Default,3,6,Ge-F,TinFull,5,0.5,1.0,1.0,Dhi Dhi
Pancham Sawari,2,Pro Default,3,7,Ge-B,Tin,5,0.5,1.0,1.0,
Pancham Sawari,2,Pro Default,3,8,,Na,6,0.5,1.0,1.0,Na Dhi
Pancham Sawari,2,Pro Default,3,9,Ge-F,TinFull,6,0.5,1.0,1.0,
Pancham Sawari,2,Pro Default,3,10,Ge-B,Tin,7,0.5,1.0,1.0,Dhi Na
Pancham Sawari,2,Pro Default,3,11,,Na,7,0.5,1.0,1.0,
Pancham Sawari,2,Pro Default,3,12,Ka,TinFull,8,0.5,1.0,1.0,Tin--KDa
Pancham Sawari,2,Pro Default,3,13,,KDa,8,0.5,1.0,1.0,
Pancham Sawari,2,Pro Default,3,14,Ka,Tin,9,0.5,1.0,1.0,Tin Na
Pancham Sawari,2,Pro Default,3,15,,Na,9,0.5,1.0,1.0,
Pancham Sawari,2,Pro Default,3,16,,Ti,10,0.5,1.0,1.0,TiTa
Pancham Sawari,2,Pro Default,3,17,,TTa,10,0.5,1.0,1.0,
Pancham Sawari,2,Pro Default,3,18,Ka,Tu,11,0.5,1.0,1.0,Tu Na
Pancham Sawari,2,Pro Default,3,19,,Na,11,0.5,1.0,1.0,
Pancham Sawari,2,Pro Default,3,20,Kat,,12,0.5,1.0,1.0,Kat Ta
Pancham Sawari,2,Pro Default,3,21,,TinFull,12,0.5,1.0,1.0,
Pancham Sawari,2,Pro Default,3,22,Ge-F,TinFull,13,0.5,1.0,1.0,Dhi Dhi
Pancham Sawari,2,Pro Default,3,23,Ge-B,Tin,13,0.5,1.0,1.0,
Pancham Sawari,2,Pro Default,3,24,,Na,14,0.5,1.0,1.0,Na Dhi
Pancham Sawari,2,Pro Default,3,25,Ge-F,TinFull,14,0.5,1.0,1.0,
Pancham Sawari,2,Pro Default,3,26,Ge-B,Tin,15,0.5,1.0,1.0,Dhi Na
Pancham Sawari,2,Pro Default,3,27,,Na,15,0.5,1.0,1.0,
Pancham Sawari,3,Variation #1,"1,2",1,Ge-B,TinFull,1,1.0,1.0,1.0,Dhin
Pancham Sawari,3,Variation #1,"1,2",2,,Na,2,1.0,1.0,1.0,Na
Pancham Sawari,3,Variation #1,"1,2",3,Ge,TinFull,3,0.5,1.0,1.0,Dhi Dhi
Pancham Sawari,3,Variation #1,"1,2",4,Ge-B,Tin,3,0.5,1.0,1.0,
Pancham Sawari,3,Variation #1,"1,2",5,Kat,,4,1.0,1.0,1.0,Kat
Pancham Sawari,3,Variation #1,"1,2",6,Ge-F,TinFull,5,0.5,1.0,1.0,Dhi Dhi
Pancham Sawari,3,Variation #1,"1,2",7,Ge-LT6,Tin,5,0.5,1.0,1.0,
Pancham Sawari,3,Variation #1,"1,2",8,,Na,6,0.5,1.0,1.0,Na Dhi
Pancham Sawari,3,Variation #1,"1,2",9,Ge-F,TinFull,6,0.5,1.0,1.0,
Pancham Sawari,3,Variation #1,"1,2",10,Ge-LT6,Tin,7,0.5,1.0,1.0,Dhi Na
Pancham Sawari,3,Variation #1,"1,2",11,,Na,7,0.5,1.0,1.0,
Pancham Sawari,3,Variation #1,"1,2",12,Ka,TinFull,8,0.75,1.0,1.0,Tin--KDa
Pancham Sawari,3,Variation #1,"1,2",13,,KDa,8,0.25,1.0,1.0,
Pancham Sawari,3,Variation #1,"1,2",14,Ka,Tin,9,0.5,1.0,1.0,Tin Na
Pancham Sawari,3,Variation #1,"1,2",15,,Na,9,0.5,1.0,1.0,
Pancham Sawari,3,Variation #1,"1,2",16,,Ti,10,0.25,1.0,1.0,TiRaKiTa
Pancham Sawari,3,Variation #1,"1,2",17,,Ra,10,0.25,1.0,1.0,
Pancham Sawari,3,Variation #1,"1,2",18,Ki,,10,0.25,1.0,1.0,
Pancham Sawari,3,Variation #1,"1,2",19,,TTa,10,0.25,1.0,1.0,
Pancham Sawari,3,Variation #1,"1,2",20,Ka,Tu,11,0.5,1.0,1.0,Tu Na
Pancham Sawari,3,Variation #1,"1,2",21,,Na,11,0.5,1.0,1.0,
Pancham Sawari,3,Variation #1,"1,2",22,Kat,,12,0.5,1.0,1.0,Kat Ta
Pancham Sawari,3,Variation #1,"1,2",23,,TinFull,12,0.5,1.0,1.0,
Pancham Sawari,3,Variation #1,"1,2",24,Ge-LT6,TinFull,13,0.75,1.0,1.0,Dhin--Dha
Pancham Sawari,3,Variation #1,"1,2",25,Ge,Ta,13,0.25,1.0,1.0,
Pancham Sawari,3,Variation #1,"1,2",26,,,14,0.25,1.0,1.0,-KDaDhin-
Pancham Sawari,3,Variation #1,"1,2",27,,KDa,14,0.25,1.0,1.0,
Pancham Sawari,3,Variation #1,"1,2",28,Ge-LT6,TinFull,14,0.5,1.0,1.0,
Pancham Sawari,3,Variation #1,"1,2",29,,,15,0.25,1.0,1.0,-Dha-KDa
Pancham Sawari,3,Variation #1,"1,2",30,Ge,Ta,15,0.5,1.0,1.0,
Pancham Sawari,3,Variation #1,"1,2",31,,KDa,15,0.25,1.0,1.0,
Pancham Sawari,3,Variation #1,3,1,Ge-B,TinFull,1,1.0,1.0,1.0,Dhin
Pancham Sawari,3,Variation #1,3,2,,Na,2,1.0,1.0,1.0,Na
Pancham Sawari,3,Variation #1,3,3,Ge,TinFull,3,0.5,1.0,1.0,Dhi Dhi
Pancham Sawari,3,Variation #1,3,4,Ge-B,Tin,3,0.5,1.0,1.0,
Pancham Sawari,3,Variation #1,3,5,Kat,,4,1.0,1.0,1.0,Kat
Pancham Sawari,3,Variation #1,3,6,Ge-F,TinFull,5,0.5,1.0,1.0,Dhi Dhi
Pancham Sawari,3,Variation #1,3,7,Ge-LT6,Tin,5,0.5,1.0,1.0,
Pancham Sawari,3,Variation #1,3,8,,Na,6,0.5,1.0,1.0,Na Dhi
Pancham Sawari,3,Variation #1,3,9,Ge-F,TinFull,6,0.5,1.0,1.0,
Pancham Sawari,3,Variation #1,3,10,Ge-LT6,Tin,7,0.5,1.0,1.0,Dhi Na
Pancham Sawari,3,Variation #1,3,11,,Na,7,0.5,1.0,1.0,
Pancham Sawari,3,Variation #1,3,12,Ka,TinFull,8,0.75,1.0,1.0,Tin--KDa
Pancham Sawari,3,Variation #1,3,13,,KDa,8,0.25,1.0,1.0,
Pancham Sawari,3,Variation #1,3,14,Ka,Tin,9,0.5,1.0,1.0,Tin Na
Pancham Sawari,3,Variation #1,3,15,,Na,9,0.5,1.0,1.0,
Pancham Sawari,3,Variation #1,3,16,,Ti,10,0.5,1.0,1.0,TiTa
Pancham Sawari,3,Variation #1,3,19,,TTa,10,0.5,1.0,1.0,
Pancham Sawari,3,Variation #1,3,20,Ka,Tu,11,0.5,1.0,1.0,Tu Na
Pancham Sawari,3,Variation #1,3,21,,Na,11,0.5,1.0,1.0,
Pancham Sawari,3,Variation #1,3,22,Kat,,12,0.5,1.0,1.0,Kat Ta
Pancham Sawari,3,Variation #1,3,23,,TinFull,12,0.5,1.0,1.0,
Pancham Sawari,3,Variation #1,3,24,Ge-LT6,TinFull,13,0.75,1.0,1.0,Dhin--Dha
Pancham Sawari,3,Variation #1,3,25,Ge,Ta,13,0.25,1.0,1.0,
Pancham Sawari,3,Variation #1,3,26,,,14,0.25,1.0,1.0,-KDaDhin-
Pancham Sawari,3,Variation #1,3,27,,KDa,14,0.25,1.0,1.0,
Pancham Sawari,3,Variation #1,3,28,Ge-LT6,TinFull,14,0.5,1.0,1.0,
Pancham Sawari,3,Variation #1,3,29,,,15,0.25,1.0,1.0,-Dha-KDa
Pancham Sawari,3,Variation #1,3,30,Ge,Ta,15,0.5,1.0,1.0,
Pancham Sawari,3,Variation #1,3,31,,KDa,15,0.25,1.0,1.0,
Pancham Sawari,4,Variation #2,"1,2",1,Ge-B,TinFull,1,1.0,1.0,1.0,Dhin
Pancham Sawari,4,Variation #2,"1,2",2,,Na,2,1.0,1.0,1.0,Na
Pancham Sawari,4,Variation #2,"1,2",3,Ge,TinFull,3,0.5,1.0,1.0,Dhi Dhi
Pancham Sawari,4,Variation #2,"1,2",4,Ge-B,Tin,3,0.5,1.0,1.0,
Pancham Sawari,4,Variation #2,"1,2",5,Kat,,4,1.0,1.0,1.0,Kat
Pancham Sawari,4,Variation #2,"1,2",6,Ge-F,TinFull,5,0.5,1.0,1.0,Dhi Dhi
Pancham Sawari,4,Variation #2,"1,2",7,Ge-LT6,Tin,5,0.5,1.0,1.0,
Pancham Sawari,4,Variation #2,"1,2",8,,Na,6,0.5,1.0,1.0,Na Dhi
Pancham Sawari,4,Variation #2,"1,2",9,Ge-F,TinFull,6,0.5,1.0,1.0,
Pancham Sawari,4,Variation #2,"1,2",10,Ge-LT6,Tin,7,0.5,1.0,1.0,Dhi Na
Pancham Sawari,4,Variation #2,"1,2",11,,Na,7,0.5,1.0,1.0,
Pancham Sawari,4,Variation #2,"1,2",12,Ka,TinFull,8,0.75,1.0,1.0,Tin--KDa
Pancham Sawari,4,Variation #2,"1,2",13,,KDa,8,0.25,1.0,1.0,
Pancham Sawari,4,Variation #2,"1,2",14,Ka,Tin,9,0.5,1.0,1.0,Tin Na
Pancham Sawari,4,Variation #2,"1,2",15,,Na,9,0.5,1.0,1.0,
Pancham Sawari,4,Variation #2,"1,2",16,,Ti,10,0.25,1.0,1.0,TiRaKiTa
Pancham Sawari,4,Variation #2,"1,2",17,,Ra,10,0.25,1.0,1.0,
Pancham Sawari,4,Variation #2,"1,2",18,Ki,,10,0.25,1.0,1.0,
Pancham Sawari,4,Variation #2,"1,2",19,,TTa,10,0.25,1.0,1.0,
Pancham Sawari,4,Variation #2,"1,2",20,Ka,Tu,11,0.5,1.0,1.0,Tu Na
Pancham Sawari,4,Variation #2,"1,2",21,,Na,11,0.5,1.0,1.0,
Pancham Sawari,4,Variation #2,"1,2",22,Kat,,12,0.5,1.0,1.0,Kat Ta
Pancham Sawari,4,Variation #2,"1,2",23,,TinFull,12,0.5,1.0,1.0,
Pancham Sawari,4,Variation #2,"1,2",24,Ge-LT6,TinFull,13,0.5,1.0,1.0,Dhin-Dha-
Pancham Sawari,4,Variation #2,"1,2",25,Ge,Ta,13,0.5,1.0,1.0,
Pancham Sawari,4,Variation #2,"1,2",26,,,14,0.25,1.0,1.0,-KDaDhin-
Pancham Sawari,4,Variation #2,"1,2",27,,KDa,14,0.25,1.0,1.0,
Pancham Sawari,4,Variation #2,"1,2",28,Ge-LT6,TinFull,14,0.5,1.0,1.0,
Pancham Sawari,4,Variation #2,"1,2",29,Ge,Ta,15,0.75,1.0,1.0,Dha--KDa
Pancham Sawari,4,Variation #2,"1,2",30,,KDa,15,0.25,1.0,1.0,
Pancham Sawari,4,Variation #2,3,1,Ge-B,TinFull,1,1.0,1.0,1.0,Dhin
Pancham Sawari,4,Variation #2,3,2,,Na,2,1.0,1.0,1.0,Na
Pancham Sawari,4,Variation #2,3,3,Ge,TinFull,3,0.5,1.0,1.0,Dhi Dhi
Pancham Sawari,4,Variation #2,3,4,Ge-B,Tin,3,0.5,1.0,1.0,
Pancham Sawari,4,Variation #2,3,5,Kat,,4,1.0,1.0,1.0,Kat
Pancham Sawari,4,Variation #2,3,6,Ge-F,TinFull,5,0.5,1.0,1.0,Dhi Dhi
Pancham Sawari,4,Variation #2,3,7,Ge-LT6,Tin,5,0.5,1.0,1.0,
Pancham Sawari,4,Variation #2,3,8,,Na,6,0.5,1.0,1.0,Na Dhi
Pancham Sawari,4,Variation #2,3,9,Ge-F,TinFull,6,0.5,1.0,1.0,
Pancham Sawari,4,Variation #2,3,10,Ge-LT6,Tin,7,0.5,1.0,1.0,Dhi Na
Pancham Sawari,4,Variation #2,3,11,,Na,7,0.5,1.0,1.0,
Pancham Sawari,4,Variation #2,3,12,Ka,TinFull,8,0.75,1.0,1.0,Tin--KDa
Pancham Sawari,4,Variation #2,3,13,,KDa,8,0.25,1.0,1.0,
Pancham Sawari,4,Variation #2,3,14,Ka,Tin,9,0.5,1.0,1.0,Tin Na
Pancham Sawari,4,Variation #2,3,15,,Na,9,0.5,1.0,1.0,
Pancham Sawari,4,Variation #2,3,16,,Ti,10,0.5,1.0,1.0,TiTa
Pancham Sawari,4,Variation #2,3,19,,TTa,10,0.5,1.0,1.0,
Pancham Sawari,4,Variation #2,3,20,Ka,Tu,11,0.5,1.0,1.0,Tu Na
Pancham Sawari,4,Variation #2,3,21,,Na,11,0.5,1.0,1.0,
Pancham Sawari,4,Variation #2,3,22,Kat,,12,0.5,1.0,1.0,Kat Ta
Pancham Sawari,4,Variation #2,3,23,,TinFull,12,0.5,1.0,1.0,
Pancham Sawari,4,Variation #2,3,24,Ge-LT6,TinFull,13,0.5,1.0,1.0,Dhin-Dha-
Pancham Sawari,4,Variation #2,3,25,Ge,Ta,13,0.5,1.0,1.0,
Pancham Sawari,4,Variation #2,3,26,,,14,0.25,1.0,1.0,-KDaDhin-
Pancham Sawari,4,Variation #2,3,27,,KDa,14,0.25,1.0,1.0,
Pancham Sawari,4,Variation #2,3,28,Ge-LT6,TinFull,14,0.5,1.0,1.0,
Pancham Sawari,4,Variation #2,3,29,Ge,Ta,15,0.75,1.0,1.0,Dha--KDa
Pancham Sawari,4,Variation #2,3,30,,KDa,15,0.25,1.0,1.0,
Pancham Sawari,5,Variation #3,"1,2",1,Ge-B,TinFull,1,1.0,1.0,1.0,Dhin
Pancham Sawari,5,Variation #3,"1,2",2,,Ti,2,0.25,1.0,1.0,TiRaKiTa
Pancham Sawari,5,Variation #3,"1,2",3,,Ra,2,0.25,1.0,1.0,
Pancham Sawari,5,Variation #3,"1,2",4,Ki,,2,0.25,1.0,1.0,
Pancham Sawari,5,Variation #3,"1,2",5,,TTa,2,0.25,1.0,1.0,
Pancham Sawari,5,Variation #3,"1,2",6,Ge-B,TinFull,3,1.0,1.0,1.0,Dhin
Pancham Sawari,5,Variation #3,"1,2",7,,Na,4,1.0,1.0,1.0,Na
Pancham Sawari,5,Variation #3,"1,2",8,Ka,Tu,5,1.0,1.0,1.0,Tu
Pancham Sawari,5,Variation #3,"1,2",9,,Na,6,0.5,1.0,1.0,Na
Pancham Sawari,5,Variation #3,"1,2",10,,Na,6,0.5,1.0,1.0,
Pancham Sawari,5,Variation #3,"1,2",11,Kat,,7,1.0,1.0,1.0,Kat
Pancham Sawari,5,Variation #3,"1,2",12,,TinFull,8,1.0,1.0,1.0,Ta
Pancham Sawari,5,Variation #3,"1,2",13,,Ti,9,0.25,1.0,1.0,TiRaKiTa
Pancham Sawari,5,Variation #3,"1,2",14,,Ra,9,0.25,1.0,1.0,
Pancham Sawari,5,Variation #3,"1,2",15,Ki,,9,0.25,1.0,1.0,
Pancham Sawari,5,Variation #3,"1,2",16,,TTa,9,0.25,1.0,1.0,
Pancham Sawari,5,Variation #3,"1,2",17,Ge-LT6,TinFull,10,1.0,1.0,1.0,Dhin
Pancham Sawari,5,Variation #3,"1,2",18,,,11,0.5,1.0,1.0,-Dha
Pancham Sawari,5,Variation #3,"1,2",19,Ge,Ta,11,0.5,1.0,1.0,
Pancham Sawari,5,Variation #3,"1,2",20,,,12,0.5,1.0,1.0,-Ge
Pancham Sawari,5,Variation #3,"1,2",21,Ge-F,,12,0.5,1.0,1.0,
Pancham Sawari,5,Variation #3,"1,2",22,Ge-LT6,TinFull,13,1.0,1.0,1.0,Dhin
Pancham Sawari,5,Variation #3,"1,2",23,,,14,0.5,1.0,1.0,-Dha
Pancham Sawari,5,Variation #3,"1,2",24,Ge,Ta,14,0.5,1.0,1.0,
Pancham Sawari,5,Variation #3,"1,2",25,,,15,0.5,1.0,1.0,-Ge
Pancham Sawari,5,Variation #3,"1,2",26,Ge-F,,15,0.5,1.0,1.0,
Pancham Sawari,5,Variation #3,3,1,Ge-B,TinFull,1,1.0,1.0,1.0,Dhin
Pancham Sawari,5,Variation #3,3,2,,Ti,2,0.5,1.0,1.0,TiTa
Pancham Sawari,5,Variation #3,3,3,,TTa,2,0.5,1.0,1.0,
Pancham Sawari,5,Variation #3,3,4,Ge-B,TinFull,3,1.0,1.0,1.0,Dhin
Pancham Sawari,5,Variation #3,3,5,,Na,4,1.0,1.0,1.0,Na
Pancham Sawari,5,Variation #3,3,6,Ka,Tu,5,1.0,1.0,1.0,Tu
Pancham Sawari,5,Variation #3,3,7,,Na,6,1.0,1.0,1.0,Na
Pancham Sawari,5,Variation #3,3,8,Kat,,7,1.0,1.0,1.0,Kat
Pancham Sawari,5,Variation #3,3,9,,TinFull,8,1.0,1.0,1.0,Ta
Pancham Sawari,5,Variation #3,3,10,,Ti,9,0.5,1.0,0.75,TiTa
Pancham Sawari,5,Variation #3,3,11,,TTa,9,0.5,1.0,0.75,
Pancham Sawari,5,Variation #3,3,12,Ge-B,Tin,10,1.0,1.0,1.0,Dhin
Pancham Sawari,5,Variation #3,3,13,,,11,0.5,1.0,1.0,-Dha
Pancham Sawari,5,Variation #3,3,14,Ge,Ta,11,0.5,1.0,1.0,
Pancham Sawari,5,Variation #3,3,15,,,12,0.5,1.0,1.0,-Ge
Pancham Sawari,5,Variation #3,3,16,Ge-F,,12,0.5,1.0,1.0,
Pancham Sawari,5,Variation #3,3,17,Ge-LT6,TinFull,13,1.0,1.0,1.0,Dhin
Pancham Sawari,5,Variation #3,3,18,,,14,0.5,1.0,1.0,-Dha
Pancham Sawari,5,Variation #3,3,19,Ge,Ta,14,0.5,1.0,1.0,
Pancham Sawari,5,Variation #3,3,20,,,15,0.5,1.0,1.0,-Ge
Pancham Sawari,5,Variation #3,3,21,Ge-F,,15,0.5,1.0,1.0,
Pancham Sawari,6,Punjabi,1,1,Ge-S,TinFull,1,1.0,1.0,1.0,Dhin
Pancham Sawari,6,Punjabi,1,2,,TiL,2,0.5,1.0,0.5,- Ta
Pancham Sawari,6,Punjabi,1,3,,Ta,2,0.5,1.0,1.0,
Pancham Sawari,6,Punjabi,1,4,,,3,0.5,1.0,1.0,- Ka
Pancham Sawari,6,Punjabi,1,5,Ka,,3,0.5,1.0,1.0,
Pancham Sawari,6,Punjabi,1,6,Ge-S,TinFull,4,1.0,1.0,1.0,Dhin
Pancham Sawari,6,Punjabi,1,7,Ge-S,TinFull,5,1.0,1.0,1.0,Dhin
Pancham Sawari,6,Punjabi,1,8,Ge,Ta,6,1.0,1.0,1.0,Dha
Pancham Sawari,6,Punjabi,1,9,Ge,Ta,7,1.0,1.0,1.0,Dha
Pancham Sawari,6,Punjabi,1,10,Ka,Tin,8,1.0,1.0,1.0,Ti
Pancham Sawari,6,Punjabi,1,11,,TTa,9,1.0,1.0,1.0,TTa
Pancham Sawari,6,Punjabi,1,12,Ge-S,TinFull,10,1.0,1.0,1.0,Dhin
Pancham Sawari,6,Punjabi,1,13,Ge-S,TinFull,11,1.0,1.0,1.0,Dhin
Pancham Sawari,6,Punjabi,1,14,Ge,Ta,12,1.0,1.0,1.0,Dha
Pancham Sawari,6,Punjabi,1,15,Ge,Ta,13,0.5,1.0,1.0,DhaGe
Pancham Sawari,6,Punjabi,1,16,Ge-B,,13,0.5,0.5,1.0,
Pancham Sawari,6,Punjabi,1,17,,Na,14,0.5,1.0,1.0,Na Dha
Pancham Sawari,6,Punjabi,1,18,Ge,Ta,14,0.5,1.0,1.0,
Pancham Sawari,6,Punjabi,1,19,,Ti,15,0.25,1.0,1.0,TiRaKiTa
Pancham Sawari,6,Punjabi,1,20,,Ra,15,0.25,1.0,1.0,
Pancham Sawari,6,Punjabi,1,21,Ki,,15,0.25,1.0,1.0,
Pancham Sawari,6,Punjabi,1,22,,TTa,15,0.25,1.0,1.0,
Pancham Sawari,6,Punjabi,2,1,Ge-S,TinFull,1,1.0,1.0,1.0,Dhin
Pancham Sawari,6,Punjabi,2,2,,TiL,2,0.5,1.0,0.5,- Ta
Pancham Sawari,6,Punjabi,2,3,,Ta,2,0.5,1.0,1.0,
Pancham Sawari,6,Punjabi,2,4,,,3,0.5,1.0,1.0,- Ka
Pancham Sawari,6,Punjabi,2,5,Ka,,3,0.5,1.0,1.0,
Pancham Sawari,6,Punjabi,2,6,Ge-B,TinFull,4,1.0,1.0,1.0,Dhin
Pancham Sawari,6,Punjabi,2,7,Ge-LT6,TinMed,5,1.0,1.0,1.0,Dhin
Pancham Sawari,6,Punjabi,2,8,Ge,Ta,6,1.0,1.0,1.0,Dha
Pancham Sawari,6,Punjabi,2,9,Ge,Ta,7,1.0,1.0,1.0,Dha
Pancham Sawari,6,Punjabi,2,10,Ka,Tin,8,1.0,1.0,1.0,Ti
Pancham Sawari,6,Punjabi,2,11,,TTa,9,1.0,1.0,1.0,TTa
Pancham Sawari,6,Punjabi,2,12,Ge-B,TinFull,10,1.0,1.0,1.0,Dhin
Pancham Sawari,6,Punjabi,2,13,Ge-LT6,TinMed,11,1.0,1.0,1.0,Dhin
Pancham Sawari,6,Punjabi,2,14,Ge,Ta,12,1.0,1.0,1.0,Dha
Pancham Sawari,6,Punjabi,2,15,Ge,Ta,13,0.5,1.0,1.0,DhaGe
Pancham Sawari,6,Punjabi,2,16,Ge-B,,13,0.5,0.5,1.0,
Pancham Sawari,6,Punjabi,2,17,,Na,14,0.5,1.0,1.0,Na Dha
Pancham Sawari,6,Punjabi,2,18,Ge,Ta,14,0.5,1.0,1.0,
Pancham Sawari,6,Punjabi,2,19,,Ti,15,0.25,1.0,1.0,TiRaKiTa
Pancham Sawari,6,Punjabi,2,20,,Ra,15,0.25,1.0,1.0,
Pancham Sawari,6,Punjabi,2,21,Ki,,15,0.25,1.0,1.0,
Pancham Sawari,6,Punjabi,2,22,,TTa,15,0.25,1.0,1.0,
Pancham Sawari,6,Punjabi,3,1,Ge-B,TinFull,1,1.0,1.0,1.0,Dhin
Pancham Sawari,6,Punjabi,3,2,,,2,0.5,1.0,0.5,- Ta
Pancham Sawari,6,Punjabi,3,3,,Ta,2,0.5,1.0,1.0,
Pancham Sawari,6,Punjabi,3,4,,,3,0.5,1.0,1.0,- Ka
Pancham Sawari,6,Punjabi,3,5,Ka,,3,0.5,1.0,1.0,
Pancham Sawari,6,Punjabi,3,6,Ge-B,TinFull,4,1.0,1.0,1.0,Dhin
Pancham Sawari,6,Punjabi,3,7,Ge-LT6,TinMed,5,1.0,1.0,1.0,Dhin
Pancham Sawari,6,Punjabi,3,8,Ge,Ta,6,1.0,1.0,1.0,Dha
Pancham Sawari,6,Punjabi,3,9,Ge,Ta,7,1.0,1.0,1.0,Dha
Pancham Sawari,6,Punjabi,3,10,Ka,Tin,8,1.0,1.0,1.0,Ti
Pancham Sawari,6,Punjabi,3,11,,TTa,9,1.0,1.0,1.0,TTa
Pancham Sawari,6,Punjabi,3,12,Ge-B,TinFull,10,1.0,1.0,1.0,Dhin
Pancham Sawari,6,Punjabi,3,13,Ge-LT6,TinMed,11,1.0,1.0,1.0,Dhin
Pancham Sawari,6,Punjabi,3,14,Ge,Ta,12,1.0,1.0,1.0,Dha
Pancham Sawari,6,Punjabi,3,15,Ge,Ta,13,0.5,1.0,1.0,DhaGe
Pancham Sawari,6,Punjabi,3,16,Ge-B,,13,0.5,0.5,1.0,
Pancham Sawari,6,Punjabi,3,17,,Na,14,0.5,1.0,1.0,Na Dha
Pancham Sawari,6,Punjabi,3,18,Ge,Ta,14,0.5,1.0,1.0,
Pancham Sawari,6,Punjabi,3,19,,Ti,15,0.5,1.0,1.0,TiTa
Pancham Sawari,6,Punjabi,3,20,,TTa,15,0.5,1.0,1.0,
Gajamukha,1,Basic,1,1,Ge-B,TinFull,1,1.0,1.0,1.0,Dhin
Gajamukha,1,Basic,1,2,,,2,1.0,1.0,1.0,-
Gajamukha,1,Basic,1,3,,Ti,3,0.25,1.0,1.0,TiRaKiTa
Gajamukha,1,Basic,1,4,,Ra,3,0.25,1.0,1.0,
Gajamukha,1,Basic,1,5,Ki,,3,0.25,1.0,1.0,
Gajamukha,1,Basic,1,6,,TTa,3,0.25,1.0,1.0,
Gajamukha,1,Basic,1,7,Ge-B,TinMed,4,1.0,1.0,1.0,Dhin
Gajamukha,1,Basic,1,8,,Na,5,1.0,1.0,1.0,Na
Gajamukha,1,Basic,1,9,Ka,Tu,6,1.0,1.0,1.0,Tu
Gajamukha,1,Basic,1,10,,Na,7,0.5,1.0,1.0,Na
Gajamukha,1,Basic,1,11,,Na,7,0.5,1.0,1.0,
Gajamukha,1,Basic,1,12,Kat,,8,1.0,1.0,1.0,Kat
Gajamukha,1,Basic,1,13,,,9,1.0,1.0,1.0,-
Gajamukha,1,Basic,1,14,,TinFull,10,1.0,1.0,1.0,Ta
Gajamukha,1,Basic,1,15,,Ti,11,0.25,1.0,1.0,TiRaKiTa
Gajamukha,1,Basic,1,16,,Ra,11,0.25,1.0,1.0,
Gajamukha,1,Basic,1,17,Ki,,11,0.25,1.0,1.0,
Gajamukha,1,Basic,1,18,,TTa,11,0.25,1.0,1.0,
Gajamukha,1,Basic,1,19,Ge-B,TinMed,12,1.0,1.0,1.0,Dhin
Gajamukha,1,Basic,1,20,,Na,13,1.0,1.0,1.0,Na
Gajamukha,1,Basic,1,21,Ge-B,TinMed,14,1.0,1.0,1.0,Dhin
Gajamukha,1,Basic,1,22,Ge-B,TinMed,15,1.0,1.0,1.0,Dhin
Gajamukha,1,Basic,1,23,,Na,16,0.5,1.0,1.0,Na
Gajamukha,1,Basic,1,24,,Na,16,0.5,1.0,1.0,
Gajamukha,1,Basic,"2,3",1,Ge-B,Tin,1,1.0,1.0,1.0,Dhin
Gajamukha,1,Basic,"2,3",2,,,2,1.0,1.0,1.0,-
Gajamukha,1,Basic,"2,3",3,,Tra,3,0.5,1.0,1.0,TraKa
Gajamukha,1,Basic,"2,3",4,Ka,,3,0.5,1.0,1.0,
Gajamukha,1,Basic,"2,3",5,Ge-B,TinMed,4,1.0,1.0,1.0,Dhin
Gajamukha,1,Basic,"2,3",6,,Na,5,1.0,1.0,1.0,Na
Gajamukha,1,Basic,"2,3",7,Ka,Tu,6,1.0,1.0,1.0,Tu
Gajamukha,1,Basic,"2,3",8,,Na,7,1.0,1.0,1.0,Na
Gajamukha,1,Basic,"2,3",9,Kat,,8,1.0,1.0,1.0,Kat
Gajamukha,1,Basic,"2,3",10,,,9,1.0,1.0,1.0,-
Gajamukha,1,Basic,"2,3",11,,TinFull,10,1.0,1.0,1.0,Ta
Gajamukha,1,Basic,"2,3",12,,Tra,11,0.5,1.0,1.0,TraKa
Gajamukha,1,Basic,"2,3",13,Ka,,11,0.5,1.0,1.0,
Gajamukha,1,Basic,"2,3",14,Ge-B,TinMed,12,1.0,1.0,1.0,Dhin
Gajamukha,1,Basic,"2,3",15,,Na,13,1.0,1.0,1.0,Na
Gajamukha,1,Basic,"2,3",16,Ge-B,TinMed,14,1.0,1.0,1.0,Dhin
Gajamukha,1,Basic,"2,3",17,Ge-B,TinMed,15,1.0,1.0,1.0,Dhin
Gajamukha,1,Basic,"2,3",18,,Na,16,1.0,1.0,1.0,Na
Gajamukha,2,Pro Default,1,1,Ge-B,TinFull,1,1.0,1.0,1.0,Dhin
Gajamukha,2,Pro Default,1,2,Ge-T60,TiL,2,1.0,1.0,0.5,-
Gajamukha,2,Pro Default,1,3,,Ti,3,0.25,1.0,1.0,TiRaKiTa
Gajamukha,2,Pro Default,1,4,,Ra,3,0.25,1.0,1.0,
Gajamukha,2,Pro Default,1,5,Ki,,3,0.25,1.0,1.0,
Gajamukha,2,Pro Default,1,6,,TTa,3,0.25,1.0,1.0,
Gajamukha,2,Pro Default,1,7,Ge-LT6,TinMed,4,1.0,1.0,1.0,Dhin
Gajamukha,2,Pro Default,1,8,,Na,5,1.0,1.0,1.0,Na
Gajamukha,2,Pro Default,1,9,Ka,Tu,6,1.0,1.0,1.0,Tu
Gajamukha,2,Pro Default,1,10,,Na,7,0.5,1.0,1.0,Na
Gajamukha,2,Pro Default,1,11,,Na,7,0.5,1.0,1.0,
Gajamukha,2,Pro Default,1,12,Kat,,8,1.0,1.0,1.0,Kat
Gajamukha,2,Pro Default,1,13,,,9,1.0,1.0,1.0,-
Gajamukha,2,Pro Default,1,14,,TinFull,10,1.0,1.0,1.0,Ta
Gajamukha,2,Pro Default,1,15,,Ti,11,0.25,1.0,1.0,TiRaKiTa
Gajamukha,2,Pro Default,1,16,,Ra,11,0.25,1.0,1.0,
Gajamukha,2,Pro Default,1,17,Ki,,11,0.25,1.0,1.0,
Gajamukha,2,Pro Default,1,18,,TTa,11,0.25,1.0,1.0,
Gajamukha,2,Pro Default,1,19,Ge-B,TinMed,12,1.0,1.0,1.0,Dhin
Gajamukha,2,Pro Default,1,20,,Na,13,1.0,1.0,1.0,Na
Gajamukha,2,Pro Default,1,21,Ge-F,TinMed,14,1.0,1.0,1.0,Dhin
Gajamukha,2,Pro Default,1,22,Ge-B,TinMed,15,1.0,1.0,1.0,Dhin
Gajamukha,2,Pro Default,1,23,,Na,16,0.5,1.0,1.0,Na
Gajamukha,2,Pro Default,1,24,,Na,16,0.5,1.0,1.0,
Gajamukha,2,Pro Default,"2,3",1,Ge-B,Tin,1,1.0,1.0,1.0,Dhin
Gajamukha,2,Pro Default,"2,3",2,Ge-T60,TiL,2,1.0,1.0,0.5,-
Gajamukha,2,Pro Default,"2,3",3,,Tra,3,0.5,1.0,1.0,TraKa
Gajamukha,2,Pro Default,"2,3",4,Ka,,3,0.5,1.0,1.0,
Gajamukha,2,Pro Default,"2,3",5,Ge-LT6,Tin,4,1.0,1.0,1.0,Dhin
Gajamukha,2,Pro Default,"2,3",6,,Na,5,1.0,1.0,1.0,Na
Gajamukha,2,Pro Default,"2,3",7,Ka,Tu,6,1.0,1.0,1.0,Tu
Gajamukha,2,Pro Default,"2,3",8,,Na,7,1.0,1.0,1.0,Na
Gajamukha,2,Pro Default,"2,3",9,Kat,,8,1.0,1.0,1.0,Kat
Gajamukha,2,Pro Default,"2,3",10,,,9,1.0,1.0,1.0,-
Gajamukha,2,Pro Default,"2,3",11,,TinFull,10,1.0,1.0,1.0,Ta
Gajamukha,2,Pro Default,"2,3",12,,Tra,11,0.5,1.0,1.0,TraKa
Gajamukha,2,Pro Default,"2,3",13,Ka,,11,0.5,1.0,1.0,
Gajamukha,2,Pro Default,"2,3",14,Ge-B,TinMed,12,1.0,1.0,1.0,Dhin
Gajamukha,2,Pro Default,"2,3",15,,Na,13,1.0,1.0,1.0,Na
Gajamukha,2,Pro Default,"2,3",16,Ge-F,TinMed,14,1.0,1.0,1.0,Dhin
Gajamukha,2,Pro Default,"2,3",17,Ge-B,TinMed,15,1.0,1.0,1.0,Dhin
Gajamukha,2,Pro Default,"2,3",18,,Na,16,0.5,1.0,1.0,Na
Gajamukha,2,Pro Default,"2,3",19,,TiL,16,0.5,1.0,0.5,
Addha/Sitarkhani/Punjabi,1,Basic,"1,2",1,Ge-Sam,Ta,1,1.0,1.0,1.0,Dha
Addha/Sitarkhani/Punjabi,1,Basic,"1,2",2,,,2,0.5,1.0,1.0,- Dhin
Addha/Sitarkhani/Punjabi,1,Basic,"1,2",3,Ge-B,TinMed,2,0.5,1.0,1.0,
Addha/Sitarkhani/Punjabi,1,Basic,"1,2",4,,,3,0.5,1.0,1.0,-
Addha/Sitarkhani/Punjabi,1,Basic,"1,2",5,,TiL,3,0.5,1.0,0.5,
Addha/Sitarkhani/Punjabi,1,Basic,"1,2",6,Ge,Ta,4,0.5,1.0,1.0,Dha
Addha/Sitarkhani/Punjabi,1,Basic,"1,2",7,,TiL,4,0.5,1.0,0.5,
Addha/Sitarkhani/Punjabi,1,Basic,"1,2",8,Ge,Ta,5,1.0,1.0,1.0,Dha
Addha/Sitarkhani/Punjabi,1,Basic,"1,2",9,,,6,0.5,1.0,1.0,- Dhin
Addha/Sitarkhani/Punjabi,1,Basic,"1,2",10,Ge-B,TinMed,6,0.5,1.0,1.0,-
Addha/Sitarkhani/Punjabi,1,Basic,"1,2",11,,,7,0.5,1.0,1.0,
Addha/Sitarkhani/Punjabi,1,Basic,"1,2",12,,TiL,7,0.5,1.0,0.5,
Addha/Sitarkhani/Punjabi,1,Basic,"1,2",13,Ge,Ta,8,0.5,1.0,1.0,Dha
Addha/Sitarkhani/Punjabi,1,Basic,"1,2",14,,TiL,8,0.5,1.0,0.5,
Addha/Sitarkhani/Punjabi,1,Basic,"1,2",15,Ge,Ta,9,1.0,1.0,1.0,Dha
Addha/Sitarkhani/Punjabi,1,Basic,"1,2",16,,,10,0.5,1.0,1.0,- Tin
Addha/Sitarkhani/Punjabi,1,Basic,"1,2",17,Ka,TinMed,10,0.5,1.0,1.0,
Addha/Sitarkhani/Punjabi,1,Basic,"1,2",18,,,11,0.5,1.0,1.0,-
Addha/Sitarkhani/Punjabi,1,Basic,"1,2",19,,TiL,11,0.5,1.0,0.5,
Addha/Sitarkhani/Punjabi,1,Basic,"1,2",20,,Ta,12,0.5,1.0,1.0,Ta
Addha/Sitarkhani/Punjabi,1,Basic,"1,2",21,,TiL,12,0.5,1.0,0.5,
Addha/Sitarkhani/Punjabi,1,Basic,"1,2",22,,Ta,13,1.0,1.0,1.0,Ta
Addha/Sitarkhani/Punjabi,1,Basic,"1,2",23,,,14,0.5,1.0,1.0,- Dhin
Addha/Sitarkhani/Punjabi,1,Basic,"1,2",24,Ge-B,TinMed,14,0.5,1.0,1.0,
Addha/Sitarkhani/Punjabi,1,Basic,"1,2",25,,,15,0.5,1.0,1.0,-
Addha/Sitarkhani/Punjabi,1,Basic,"1,2",26,,TiL,15,0.5,1.0,0.5,
Addha/Sitarkhani/Punjabi,1,Basic,"1,2",27,Ge,Ta,16,0.5,1.0,1.0,Dha
Addha/Sitarkhani/Punjabi,1,Basic,"1,2",28,,TiL,16,0.5,1.0,0.5,
Addha/Sitarkhani/Punjabi,1,Basic,3,1,Ge,Ta,1,1.0,1.0,1.0,Dha
Addha/Sitarkhani/Punjabi,1,Basic,3,2,,,2,0.5,1.0,1.0,- Dhin
Addha/Sitarkhani/Punjabi,1,Basic,3,3,Ge-B,Tin,2,0.5,1.0,1.0,
Addha/Sitarkhani/Punjabi,1,Basic,3,4,,,3,0.5,1.0,1.0,-
Addha/Sitarkhani/Punjabi,1,Basic,3,5,,TiL,3,0.5,1.0,0.5,
Addha/Sitarkhani/Punjabi,1,Basic,3,6,Ge,Ta,4,1.0,1.0,1.0,Dha
Addha/Sitarkhani/Punjabi,1,Basic,3,7,Ge,Ta,5,1.0,1.0,1.0,Dha
Addha/Sitarkhani/Punjabi,1,Basic,3,8,,,6,0.5,1.0,1.0,- Dhin
Addha/Sitarkhani/Punjabi,1,Basic,3,9,Ge-B,Tin,6,0.5,1.0,1.0,
Addha/Sitarkhani/Punjabi,1,Basic,3,10,,,7,0.5,1.0,1.0,-
Addha/Sitarkhani/Punjabi,1,Basic,3,11,,TiL,7,0.5,1.0,0.5,
Addha/Sitarkhani/Punjabi,1,Basic,3,12,Ge,Ta,8,1.0,1.0,1.0,Dha
Addha/Sitarkhani/Punjabi,1,Basic,3,13,Ge,Ta,9,1.0,1.0,1.0,Dha
Addha/Sitarkhani/Punjabi,1,Basic,3,14,,,10,0.5,1.0,1.0,- Tin
Addha/Sitarkhani/Punjabi,1,Basic,3,15,Ka,Tin,10,0.5,1.0,1.0,
Addha/Sitarkhani/Punjabi,1,Basic,3,16,,,11,0.5,1.0,1.0,-
Addha/Sitarkhani/Punjabi,1,Basic,3,17,,TiL,11,0.5,1.0,0.5,
Addha/Sitarkhani/Punjabi,1,Basic,3,18,,Ta,12,1.0,1.0,1.0,Ta
Addha/Sitarkhani/Punjabi,1,Basic,3,19,,Ta,13,1.0,1.0,1.0,Ta
Addha/Sitarkhani/Punjabi,1,Basic,3,20,,,14,0.5,1.0,1.0,- Dhin
Addha/Sitarkhani/Punjabi,1,Basic,3,21,Ge-B,Tin,14,0.5,1.0,1.0,
Addha/Sitarkhani/Punjabi,1,Basic,3,22,,,15,0.5,1.0,1.0,-
Addha/Sitarkhani/Punjabi,1,Basic,3,23,,TiL,15,0.5,1.0,0.5,
Addha/Sitarkhani/Punjabi,1,Basic,3,24,Ge,Ta,16,1.0,1.0,1.0,Dha
Addha/Sitarkhani/Punjabi,2,Pro Default,1,1,Ge-Sam,Ta,1,1.0,1.0,1.0,Dha
Addha/Sitarkhani/Punjabi,2,Pro Default,1,2,,TiL,2,0.5,1.0,0.5,- Dhin
Addha/Sitarkhani/Punjabi,2,Pro Default,1,3,Ge-LT6,TinMed,2,0.5,1.0,1.0,
Addha/Sitarkhani/Punjabi,2,Pro Default,1,4,,,3,0.5,1.0,1.0,-
Addha/Sitarkhani/Punjabi,2,Pro Default,1,5,,TiL,3,0.5,1.0,0.5,
Addha/Sitarkhani/Punjabi,2,Pro Default,1,6,Ge,Ta,4,0.5,1.0,1.0,Dha
Addha/Sitarkhani/Punjabi,2,Pro Default,1,7,,TiL,4,0.5,1.0,0.5,
Addha/Sitarkhani/Punjabi,2,Pro Default,1,8,Ge,Ta,5,1.0,1.0,1.0,Dha
Addha/Sitarkhani/Punjabi,2,Pro Default,1,9,,TiL,6,0.5,1.0,0.5,- Dhin
Addha/Sitarkhani/Punjabi,2,Pro Default,1,10,Ge-LT6,TinMed,6,0.5,1.0,1.0,
Addha/Sitarkhani/Punjabi,2,Pro Default,1,11,,,7,0.5,1.0,1.0,-
Addha/Sitarkhani/Punjabi,2,Pro Default,1,12,,TiL,7,0.5,1.0,0.5,
Addha/Sitarkhani/Punjabi,2,Pro Default,1,13,Ge,Ta,8,0.5,1.0,1.0,Dha
Addha/Sitarkhani/Punjabi,2,Pro Default,1,14,,TiL,8,0.5,1.0,0.5,
Addha/Sitarkhani/Punjabi,2,Pro Default,1,15,Ge,Ta,9,1.0,1.0,1.0,Dha
Addha/Sitarkhani/Punjabi,2,Pro Default,1,16,,TiL,10,0.5,1.0,0.5,- Tin
Addha/Sitarkhani/Punjabi,2,Pro Default,1,17,Ka,TinMed,10,0.5,1.0,1.0,
Addha/Sitarkhani/Punjabi,2,Pro Default,1,18,,,11,0.5,1.0,1.0,-
Addha/Sitarkhani/Punjabi,2,Pro Default,1,19,,TiL,11,0.5,1.0,0.5,
Addha/Sitarkhani/Punjabi,2,Pro Default,1,20,,Ta,12,0.5,1.0,1.0,Ta
Addha/Sitarkhani/Punjabi,2,Pro Default,1,21,,TiL,12,0.5,1.0,0.5,
Addha/Sitarkhani/Punjabi,2,Pro Default,1,22,,Ta,13,0.5,1.0,1.0,Ta
Addha/Sitarkhani/Punjabi,2,Pro Default,1,23,,Ti,13,0.25,1.0,0.5,
Addha/Sitarkhani/Punjabi,2,Pro Default,1,24,,Ra,13,0.25,1.0,0.5,
Addha/Sitarkhani/Punjabi,2,Pro Default,1,25,Ki,,14,0.25,1.0,0.5,- Dhin
Addha/Sitarkhani/Punjabi,2,Pro Default,1,26,,TTa,14,0.25,1.0,0.5,
Addha/Sitarkhani/Punjabi,2,Pro Default,1,27,Ge-LT6,TinMed,14,0.5,1.0,1.0,
Addha/Sitarkhani/Punjabi,2,Pro Default,1,28,,,15,0.5,1.0,1.0,-
Addha/Sitarkhani/Punjabi,2,Pro Default,1,29,,TiL,15,0.5,1.0,0.5,
Addha/Sitarkhani/Punjabi,2,Pro Default,1,30,Ge,Ta,16,0.5,1.0,1.0,Dha
Addha/Sitarkhani/Punjabi,2,Pro Default,1,31,,TiL,16,0.5,1.0,0.5,
Addha/Sitarkhani/Punjabi,2,Pro Default,2,1,Ge-Sam,Ta,1,1.0,1.0,1.0,Dha
Addha/Sitarkhani/Punjabi,2,Pro Default,2,2,,TiL,2,0.5,1.0,0.5,- Dhin
Addha/Sitarkhani/Punjabi,2,Pro Default,2,3,Ge-LT6,TinMed,2,0.5,1.0,1.0,
Addha/Sitarkhani/Punjabi,2,Pro Default,2,4,,,3,0.5,1.0,1.0,-
Addha/Sitarkhani/Punjabi,2,Pro Default,2,5,,TiL,3,0.5,1.0,0.5,
Addha/Sitarkhani/Punjabi,2,Pro Default,2,6,Ge,Ta,4,0.5,1.0,1.0,Dha
Addha/Sitarkhani/Punjabi,2,Pro Default,2,7,,TiL,4,0.5,1.0,0.5,
Addha/Sitarkhani/Punjabi,2,Pro Default,2,8,Ge-B,Ta,5,0.5,1.0,1.0,Dha
Addha/Sitarkhani/Punjabi,2,Pro Default,2,9,Ge,,5,0.5,0.25,1.0,
Addha/Sitarkhani/Punjabi,2,Pro Default,2,10,,KDa,6,0.5,1.0,0.5,-Dhin
Addha/Sitarkhani/Punjabi,2,Pro Default,2,11,Ge-LT6,TinMed,6,0.5,1.0,1.0,
Addha/Sitarkhani/Punjabi,2,Pro Default,2,12,,,7,0.5,1.0,1.0,-
Addha/Sitarkhani/Punjabi,2,Pro Default,2,13,,TiL,7,0.5,1.0,0.5,
Addha/Sitarkhani/Punjabi,2,Pro Default,2,14,Ge,Ta,8,0.5,1.0,1.0,Dha
Addha/Sitarkhani/Punjabi,2,Pro Default,2,15,,TiL,8,0.5,1.0,0.5,
Addha/Sitarkhani/Punjabi,2,Pro Default,2,16,Ge,Ta,9,1.0,1.0,1.0,Dha
Addha/Sitarkhani/Punjabi,2,Pro Default,2,17,,TiL,10,0.5,1.0,0.5,- Tin
Addha/Sitarkhani/Punjabi,2,Pro Default,2,18,Ka,TinMed,10,0.5,1.0,1.0,
Addha/Sitarkhani/Punjabi,2,Pro Default,2,19,,,11,0.5,1.0,1.0,-
Addha/Sitarkhani/Punjabi,2,Pro Default,2,20,,TiL,11,0.5,1.0,0.5,
Addha/Sitarkhani/Punjabi,2,Pro Default,2,21,,Ta,12,0.5,1.0,1.0,Ta
Addha/Sitarkhani/Punjabi,2,Pro Default,2,22,,TiL,12,0.5,1.0,0.5,
Addha/Sitarkhani/Punjabi,2,Pro Default,2,23,,Ta,13,0.5,1.0,1.0,Ta
Addha/Sitarkhani/Punjabi,2,Pro Default,2,24,,Ta,13,0.5,1.0,0.5,
Addha/Sitarkhani/Punjabi,2,Pro Default,2,25,,TiL,14,0.5,1.0,0.5,- Dhin
Addha/Sitarkhani/Punjabi,2,Pro Default,2,26,Ge-LT6,TinMed,14,0.5,1.0,1.0,
Addha/Sitarkhani/Punjabi,2,Pro Default,2,27,,,15,0.5,1.0,1.0,-
Addha/Sitarkhani/Punjabi,2,Pro Default,2,28,,TiL,15,0.5,1.0,0.5,
Addha/Sitarkhani/Punjabi,2,Pro Default,2,29,Ge,Ta,16,0.5,1.0,1.0,Dha
Addha/Sitarkhani/Punjabi,2,Pro Default,2,30,,TiL,16,0.5,1.0,0.5,
Addha/Sitarkhani/Punjabi,2,Pro Default,3,1,Ge,Ta,1,1.0,1.0,1.0,Dha
Addha/Sitarkhani/Punjabi,2,Pro Default,3,2,,,2,0.5,1.0,1.0,- Dhin
Addha/Sitarkhani/Punjabi,2,Pro Default,3,3,Ge-LT6,Tin,2,0.5,1.0,1.0,
Addha/Sitarkhani/Punjabi,2,Pro Default,3,4,,,3,0.5,1.0,1.0,-
Addha/Sitarkhani/Punjabi,2,Pro Default,3,5,,TiL,3,0.5,1.0,0.5,
Addha/Sitarkhani/Punjabi,2,Pro Default,3,6,Ge,Ta,4,0.5,1.0,1.0,Dha
Addha/Sitarkhani/Punjabi,2,Pro Default,3,7,,TiL,4,0.5,1.0,0.5,
Addha/Sitarkhani/Punjabi,2,Pro Default,3,8,Ge,Ta,5,1.0,1.0,1.0,Dha
Addha/Sitarkhani/Punjabi,2,Pro Default,3,9,,KDa,6,0.5,1.0,0.5,- Dhin
Addha/Sitarkhani/Punjabi,2,Pro Default,3,10,Ge-LT6,Tin,6,0.5,1.0,1.0,
Addha/Sitarkhani/Punjabi,2,Pro Default,3,11,,,7,0.5,1.0,1.0,-
Addha/Sitarkhani/Punjabi,2,Pro Default,3,12,,TiL,7,0.5,1.0,0.5,
Addha/Sitarkhani/Punjabi,2,Pro Default,3,13,Ge,Ta,8,0.5,1.0,1.0,Dha
Addha/Sitarkhani/Punjabi,2,Pro Default,3,14,,TiL,8,0.5,1.0,0.5,
Addha/Sitarkhani/Punjabi,2,Pro Default,3,15,Ge,Ta,9,1.0,1.0,1.0,Dha
Addha/Sitarkhani/Punjabi,2,Pro Default,3,16,,,10,0.5,1.0,1.0,- Tin
Addha/Sitarkhani/Punjabi,2,Pro Default,3,17,Ka,Tin,10,0.5,1.0,1.0,
Addha/Sitarkhani/Punjabi,2,Pro Default,3,18,,,11,0.5,1.0,1.0,-
Addha/Sitarkhani/Punjabi,2,Pro Default,3,19,,TiL,11,0.5,1.0,0.5,
Addha/Sitarkhani/Punjabi,2,Pro Default,3,20,,Ta,12,0.5,1.0,1.0,Ta
Addha/Sitarkhani/Punjabi,2,Pro Default,3,21,,TiL,12,0.5,1.0,0.5,
Addha/Sitarkhani/Punjabi,2,Pro Default,3,22,,Ta,13,1.0,1.0,1.0,Ta
Addha/Sitarkhani/Punjabi,2,Pro Default,3,23,,TiL,14,0.5,1.0,0.5,- Dhin
Addha/Sitarkhani/Punjabi,2,Pro Default,3,24,Ge-LT6,Tin,14,0.5,1.0,1.0,
Addha/Sitarkhani/Punjabi,2,Pro Default,3,25,,,15,0.5,1.0,1.0,-
Addha/Sitarkhani/Punjabi,2,Pro Default,3,26,,TiL,15,0.5,1.0,0.5,
Addha/Sitarkhani/Punjabi,2,Pro Default,3,27,Ge,Ta,16,0.5,1.0,1.0,Dha
Addha/Sitarkhani/Punjabi,2,Pro Default,3,28,,TiL,16,0.5,1.0,0.5,
Addha/Sitarkhani/Punjabi,3,Variation #1,1,1,Ge-Sam,Ta,1,1.0,1.0,1.0,Dha
Addha/Sitarkhani/Punjabi,3,Variation #1,1,2,,KDa,2,0.5,1.0,0.5,- Dhin
Addha/Sitarkhani/Punjabi,3,Variation #1,1,3,Ge-LT6,TinMed,2,0.5,1.0,1.0,
Addha/Sitarkhani/Punjabi,3,Variation #1,1,4,,,3,0.5,1.0,1.0,-
Addha/Sitarkhani/Punjabi,3,Variation #1,1,5,,KDa,3,0.5,1.0,0.5,
Addha/Sitarkhani/Punjabi,3,Variation #1,1,6,Ge,Ta,4,0.5,1.0,1.0,DhaTi
Addha/Sitarkhani/Punjabi,3,Variation #1,1,7,,Ti,4,0.5,1.0,1.0,
Addha/Sitarkhani/Punjabi,3,Variation #1,1,8,Ge,Ta,5,1.0,1.0,1.0,Dha
Addha/Sitarkhani/Punjabi,3,Variation #1,1,9,,KDa,6,0.5,1.0,0.5,- Dhin
Addha/Sitarkhani/Punjabi,3,Variation #1,1,10,Ge-LT6,TinMed,6,0.5,1.0,1.0,
Addha/Sitarkhani/Punjabi,3,Variation #1,1,11,,,7,0.5,1.0,1.0,-
Addha/Sitarkhani/Punjabi,3,Variation #1,1,12,,KDa,7,0.5,1.0,0.5,
Addha/Sitarkhani/Punjabi,3,Variation #1,1,13,Ge,Ta,8,0.5,1.0,1.0,DhaTi
Addha/Sitarkhani/Punjabi,3,Variation #1,1,14,,Ti,8,0.5,1.0,1.0,
Addha/Sitarkhani/Punjabi,3,Variation #1,1,15,Ge,Ta,9,1.0,1.0,1.0,Dha
Addha/Sitarkhani/Punjabi,3,Variation #1,1,16,,KDa,10,0.5,1.0,0.5,- Tin
Addha/Sitarkhani/Punjabi,3,Variation #1,1,17,Ka,TinMed,10,0.5,1.0,1.0,
Addha/Sitarkhani/Punjabi,3,Variation #1,1,18,,,11,0.5,1.0,1.0,-
Addha/Sitarkhani/Punjabi,3,Variation #1,1,19,,KDa,11,0.5,1.0,0.5,
Addha/Sitarkhani/Punjabi,3,Variation #1,1,20,,Ta,12,0.5,1.0,1.0,TaTi
Addha/Sitarkhani/Punjabi,3,Variation #1,1,21,,Ti,12,0.5,1.0,1.0,
Addha/Sitarkhani/Punjabi,3,Variation #1,1,22,,Ta,13,0.5,1.0,1.0,Ta
Addha/Sitarkhani/Punjabi,3,Variation #1,1,23,,Ti,13,0.25,1.0,0.5,
Addha/Sitarkhani/Punjabi,3,Variation #1,1,24,,Ra,13,0.25,1.0,0.5,
Addha/Sitarkhani/Punjabi,3,Variation #1,1,25,Ki,,14,0.25,1.0,0.5,- Dhin
Addha/Sitarkhani/Punjabi,3,Variation #1,1,26,,TTa,14,0.25,1.0,0.5,
Addha/Sitarkhani/Punjabi,3,Variation #1,1,27,Ge-LT6,TinMed,14,0.5,1.0,1.0,
Addha/Sitarkhani/Punjabi,3,Variation #1,1,28,,,15,0.5,1.0,1.0,-
Addha/Sitarkhani/Punjabi,3,Variation #1,1,29,,TiL,15,0.5,1.0,0.5,
Addha/Sitarkhani/Punjabi,3,Variation #1,1,30,Ge,Ta,16,0.5,1.0,1.0,Dha
Addha/Sitarkhani/Punjabi,3,Variation #1,1,31,,Tat,16,0.5,1.0,1.0,
Addha/Sitarkhani/Punjabi,3,Variation #1,2,1,Ge-Sam,Ta,1,1.0,1.0,1.0,Dha
Addha/Sitarkhani/Punjabi,3,Variation #1,2,2,,KDa,2,0.5,1.0,0.5,- Dhin
Addha/Sitarkhani/Punjabi,3,Variation #1,2,3,Ge-LT6,TinMed,2,0.5,1.0,1.0,
Addha/Sitarkhani/Punjabi,3,Variation #1,2,4,,,3,0.5,1.0,1.0,-
Addha/Sitarkhani/Punjabi,3,Variation #1,2,5,,KDa,3,0.5,1.0,0.5,
Addha/Sitarkhani/Punjabi,3,Variation #1,2,6,Ge,Ta,4,0.5,1.0,0.75,DhaNa
Addha/Sitarkhani/Punjabi,3,Variation #1,2,7,,Ta,4,0.5,1.0,0.25,
Addha/Sitarkhani/Punjabi,3,Variation #1,2,8,Ge,Ta,5,1.0,1.0,1.0,Dha
Addha/Sitarkhani/Punjabi,3,Variation #1,2,9,,KDa,6,0.5,1.0,0.5,- Dhin
Addha/Sitarkhani/Punjabi,3,Variation #1,2,10,Ge-LT6,TinMed,6,0.5,1.0,1.0,
Addha/Sitarkhani/Punjabi,3,Variation #1,2,11,,,7,0.5,1.0,1.0,-
Addha/Sitarkhani/Punjabi,3,Variation #1,2,12,,KDa,7,0.5,1.0,0.5,
Addha/Sitarkhani/Punjabi,3,Variation #1,2,13,Ge,Ta,8,0.5,1.0,0.75,DhaNa
Addha/Sitarkhani/Punjabi,3,Variation #1,2,14,,Ta,8,0.5,1.0,0.25,
Addha/Sitarkhani/Punjabi,3,Variation #1,2,15,Ge,Ta,9,1.0,1.0,1.0,Dha
Addha/Sitarkhani/Punjabi,3,Variation #1,2,16,,KDa,10,0.5,1.0,0.5,- Tin
Addha/Sitarkhani/Punjabi,3,Variation #1,2,17,Ka,TinMed,10,0.5,1.0,1.0,
Addha/Sitarkhani/Punjabi,3,Variation #1,2,18,,,11,0.5,1.0,1.0,-
Addha/Sitarkhani/Punjabi,3,Variation #1,2,19,,KDa,11,0.5,1.0,0.5,
Addha/Sitarkhani/Punjabi,3,Variation #1,2,20,,Ta,12,0.5,1.0,0.75,TaTa
Addha/Sitarkhani/Punjabi,3,Variation #1,2,21,,Ta,12,0.5,1.0,0.25,
Addha/Sitarkhani/Punjabi,3,Variation #1,2,22,,Ta,13,1.0,1.0,1.0,Ta
Addha/Sitarkhani/Punjabi,3,Variation #1,2,23,,TiL,14,0.5,1.0,0.5,- Dhin
Addha/Sitarkhani/Punjabi,3,Variation #1,2,24,Ge-LT6,TinMed,14,0.5,1.0,1.0,
Addha/Sitarkhani/Punjabi,3,Variation #1,2,25,,,15,0.5,1.0,1.0,-
Addha/Sitarkhani/Punjabi,3,Variation #1,2,26,,KDa,15,0.5,1.0,0.5,
Addha/Sitarkhani/Punjabi,3,Variation #1,2,27,Ge,Ta,16,0.5,1.0,0.75,DhaNa
Addha/Sitarkhani/Punjabi,3,Variation #1,2,28,,Tat,16,0.5,1.0,1.0,
Addha/Sitarkhani/Punjabi,3,Variation #1,3,1,Ge,Ta,1,1.0,1.0,1.0,Dha
Addha/Sitarkhani/Punjabi,3,Variation #1,3,2,,,2,0.5,1.0,1.0,- Dhin
Addha/Sitarkhani/Punjabi,3,Variation #1,3,3,Ge-LT6,Tin,2,0.5,1.0,1.0,
Addha/Sitarkhani/Punjabi,3,Variation #1,3,4,,,3,0.5,1.0,1.0,-
Addha/Sitarkhani/Punjabi,3,Variation #1,3,5,,TiL,3,0.5,1.0,0.5,
Addha/Sitarkhani/Punjabi,3,Variation #1,3,6,Ge,Ta,4,0.5,1.0,0.75,DhaNa
Addha/Sitarkhani/Punjabi,3,Variation #1,3,7,,Ta,4,0.5,1.0,0.25,
Addha/Sitarkhani/Punjabi,3,Variation #1,3,8,Ge,Ta,5,1.0,1.0,1.0,Dha
Addha/Sitarkhani/Punjabi,3,Variation #1,3,9,,,6,0.5,1.0,1.0,- Dhin
Addha/Sitarkhani/Punjabi,3,Variation #1,3,10,Ge-LT6,Tin,6,0.5,1.0,1.0,
Addha/Sitarkhani/Punjabi,3,Variation #1,3,11,,,7,0.5,1.0,1.0,-
Addha/Sitarkhani/Punjabi,3,Variation #1,3,12,,TiL,7,0.5,1.0,0.5,
Addha/Sitarkhani/Punjabi,3,Variation #1,3,13,Ge,Ta,8,0.5,1.0,0.75,DhaNa
Addha/Sitarkhani/Punjabi,3,Variation #1,3,14,,Ta,8,0.5,1.0,0.25,
Addha/Sitarkhani/Punjabi,3,Variation #1,3,15,Ge,Ta,9,1.0,1.0,1.0,Dha
Addha/Sitarkhani/Punjabi,3,Variation #1,3,16,,,10,0.5,1.0,1.0,- Tin
Addha/Sitarkhani/Punjabi,3,Variation #1,3,17,Ka,Tin,10,0.5,1.0,1.0,
Addha/Sitarkhani/Punjabi,3,Variation #1,3,18,,,11,0.5,1.0,1.0,-
Addha/Sitarkhani/Punjabi,3,Variation #1,3,19,,TiL,11,0.5,1.0,0.5,
Addha/Sitarkhani/Punjabi,3,Variation #1,3,20,,Ta,12,0.5,1.0,0.75,TaTa
Addha/Sitarkhani/Punjabi,3,Variation #1,3,21,,Ta,12,0.5,1.0,0.25,
Addha/Sitarkhani/Punjabi,3,Variation #1,3,22,,Ta,13,1.0,1.0,1.0,Ta
Addha/Sitarkhani/Punjabi,3,Variation #1,3,23,,,14,0.5,1.0,1.0,- Dhin
Addha/Sitarkhani/Punjabi,3,Variation #1,3,24,Ge-LT6,Tin,14,0.5,1.0,1.0,
Addha/Sitarkhani/Punjabi,3,Variation #1,3,25,,,15,0.5,1.0,1.0,-
Addha/Sitarkhani/Punjabi,3,Variation #1,3,26,,TiL,15,0.5,1.0,0.5,
Addha/Sitarkhani/Punjabi,3,Variation #1,3,27,Ge,Ta,16,0.5,1.0,0.75,DhaNa
Addha/Sitarkhani/Punjabi,3,Variation #1,3,28,,Ta,16,0.5,1.0,0.5,
Addha/Sitarkhani/Punjabi,4,Variation #2,1,1,Ge-Sam,Ta,1,0.5,1.0,1.0,DhaDhin
Addha/Sitarkhani/Punjabi,4,Variation #2,1,2,Ge-B,Tin,1,0.5,0.5,1.0,
Addha/Sitarkhani/Punjabi,4,Variation #2,1,3,,TiL,2,0.5,1.0,1.0,- Dhin
Addha/Sitarkhani/Punjabi,4,Variation #2,1,4,Ge-LT6,TinMed,2,0.5,1.0,1.0,
Addha/Sitarkhani/Punjabi,4,Variation #2,1,5,,,3,0.5,1.0,1.0,-
Addha/Sitarkhani/Punjabi,4,Variation #2,1,6,,TiL,3,0.5,1.0,1.0,
Addha/Sitarkhani/Punjabi,4,Variation #2,1,7,Ge,Ta,4,0.5,1.0,1.0,Dha
Addha/Sitarkhani/Punjabi,4,Variation #2,1,8,,TiL,4,0.5,1.0,1.0,
Addha/Sitarkhani/Punjabi,4,Variation #2,1,9,Ge,Ta,5,0.5,1.0,1.0,DhaDhin
Addha/Sitarkhani/Punjabi,4,Variation #2,1,10,Ge-B,Tin,5,0.5,0.5,1.0,
Addha/Sitarkhani/Punjabi,4,Variation #2,1,11,,TiL,6,0.5,1.0,1.0,- Dhin
Addha/Sitarkhani/Punjabi,4,Variation #2,1,12,Ge-LT6,TinMed,6,0.5,1.0,1.0,
Addha/Sitarkhani/Punjabi,4,Variation #2,1,13,,,7,0.5,1.0,1.0,-
Addha/Sitarkhani/Punjabi,4,Variation #2,1,14,,TiL,7,0.5,1.0,1.0,
Addha/Sitarkhani/Punjabi,4,Variation #2,1,15,Ge,Ta,8,0.5,1.0,1.0,Dha
Addha/Sitarkhani/Punjabi,4,Variation #2,1,16,,TiL,8,0.5,1.0,1.0,
Addha/Sitarkhani/Punjabi,4,Variation #2,1,17,Ge,Ta,9,0.5,1.0,1.0,DhaTin
Addha/Sitarkhani/Punjabi,4,Variation #2,1,18,,Tin,9,0.5,1.0,1.0,
Addha/Sitarkhani/Punjabi,4,Variation #2,1,19,,TiL,10,0.5,1.0,1.0,- Tin
Addha/Sitarkhani/Punjabi,4,Variation #2,1,20,Ka,TinMed,10,0.5,1.0,1.0,
Addha/Sitarkhani/Punjabi,4,Variation #2,1,21,,,11,0.5,1.0,1.0,-
Addha/Sitarkhani/Punjabi,4,Variation #2,1,22,,TiL,11,0.5,1.0,1.0,
Addha/Sitarkhani/Punjabi,4,Variation #2,1,23,,Ta,12,0.5,1.0,1.0,Ta
Addha/Sitarkhani/Punjabi,4,Variation #2,1,24,,TiL,12,0.5,1.0,1.0,
Addha/Sitarkhani/Punjabi,4,Variation #2,1,25,,Ta,13,0.5,1.0,1.0,Ta
Addha/Sitarkhani/Punjabi,4,Variation #2,1,26,,Ti,13,0.25,1.0,0.5,
Addha/Sitarkhani/Punjabi,4,Variation #2,1,27,,Ra,13,0.25,1.0,0.5,
Addha/Sitarkhani/Punjabi,4,Variation #2,1,28,Ki,,14,0.25,1.0,0.5,- Dhin
Addha/Sitarkhani/Punjabi,4,Variation #2,1,29,,TTa,14,0.25,1.0,0.5,
Addha/Sitarkhani/Punjabi,4,Variation #2,1,30,Ge-LT6,TinMed,14,0.5,1.0,1.0,
Addha/Sitarkhani/Punjabi,4,Variation #2,1,31,,,15,0.5,1.0,1.0,-
Addha/Sitarkhani/Punjabi,4,Variation #2,1,32,,TiL,15,0.5,1.0,1.0,
Addha/Sitarkhani/Punjabi,4,Variation #2,1,33,Ge,Ta,16,0.5,1.0,1.0,Dha
Addha/Sitarkhani/Punjabi,4,Variation #2,1,34,,Tat,16,0.5,1.0,1.0,
Addha/Sitarkhani/Punjabi,4,Variation #2,2,1,Ge-Sam,Ta,1,0.5,1.0,1.0,DhaTi
Addha/Sitarkhani/Punjabi,4,Variation #2,2,2,,Ti,1,0.5,1.0,1.0,
Addha/Sitarkhani/Punjabi,4,Variation #2,2,3,,TiL,2,0.5,1.0,1.0,-Dhin
Addha/Sitarkhani/Punjabi,4,Variation #2,2,4,Ge-B,TinMed,2,0.5,1.0,1.0,
Addha/Sitarkhani/Punjabi,4,Variation #2,2,5,,TiL,3,0.5,1.0,1.0,NaDhin
Addha/Sitarkhani/Punjabi,4,Variation #2,2,6,Ge-F,Tin,3,0.5,1.0,1.0,
Addha/Sitarkhani/Punjabi,4,Variation #2,2,7,,Na,4,0.5,1.0,0.5,Na
Addha/Sitarkhani/Punjabi,4,Variation #2,2,8,,TiL,4,0.5,1.0,1.0,
Addha/Sitarkhani/Punjabi,4,Variation #2,2,9,Ge,Ta,5,0.5,1.0,1.0,DhaTi
Addha/Sitarkhani/Punjabi,4,Variation #2,2,10,,Ti,5,0.5,1.0,1.0,
Addha/Sitarkhani/Punjabi,4,Variation #2,2,11,,TiL,6,0.5,1.0,1.0,-Dhin
Addha/Sitarkhani/Punjabi,4,Variation #2,2,12,Ge-B,TinMed,6,0.5,1.0,1.0,
Addha/Sitarkhani/Punjabi,4,Variation #2,2,13,,TiL,7,0.5,1.0,1.0,NaDhin
Addha/Sitarkhani/Punjabi,4,Variation #2,2,14,Ge-F,Tin,7,0.5,1.0,1.0,
Addha/Sitarkhani/Punjabi,4,Variation #2,2,15,,Ta,8,0.5,1.0,0.5,Na
Addha/Sitarkhani/Punjabi,4,Variation #2,2,16,,TiL,8,0.5,1.0,1.0,
Addha/Sitarkhani/Punjabi,4,Variation #2,2,17,Ge,Ta,9,0.5,1.0,1.0,DhaTi
Addha/Sitarkhani/Punjabi,4,Variation #2,2,18,,Ti,9,0.5,1.0,1.0,
Addha/Sitarkhani/Punjabi,4,Variation #2,2,19,,TiL,10,0.5,1.0,1.0,-Tin
Addha/Sitarkhani/Punjabi,4,Variation #2,2,20,Ka,TinMed,10,0.5,1.0,1.0,
Addha/Sitarkhani/Punjabi,4,Variation #2,2,21,,TiL,11,0.5,1.0,1.0,NaTin
Addha/Sitarkhani/Punjabi,4,Variation #2,2,22,Ka,Tin,11,0.5,1.0,1.0,
Addha/Sitarkhani/Punjabi,4,Variation #2,2,23,,Na,12,0.5,1.0,0.5,Na
Addha/Sitarkhani/Punjabi,4,Variation #2,2,24,,TiL,12,0.5,1.0,1.0,
Addha/Sitarkhani/Punjabi,4,Variation #2,2,25,,Ta,13,0.5,1.0,1.0,TaTi
Addha/Sitarkhani/Punjabi,4,Variation #2,2,26,,Ti,13,0.5,1.0,1.0,
Addha/Sitarkhani/Punjabi,4,Variation #2,2,27,,TiL,14,0.5,1.0,1.0,-Dhin
Addha/Sitarkhani/Punjabi,4,Variation #2,2,28,Ge-B,TinMed,14,0.5,1.0,1.0,
Addha/Sitarkhani/Punjabi,4,Variation #2,2,29,,TiL,15,0.5,1.0,1.0,NaDhin
Addha/Sitarkhani/Punjabi,4,Variation #2,2,30,Ge-F,Tin,15,0.5,1.0,1.0,
Addha/Sitarkhani/Punjabi,4,Variation #2,2,31,,Na,16,0.5,1.0,0.5,Na
Addha/Sitarkhani/Punjabi,4,Variation #2,2,32,,TiL,16,0.5,1.0,1.0,
Addha/Sitarkhani/Punjabi,4,Variation #2,3,1,Ge,Ta,1,1.0,1.0,1.0,Dha
Addha/Sitarkhani/Punjabi,4,Variation #2,3,2,,TiL,2,0.5,1.0,1.0,- Dhin
Addha/Sitarkhani/Punjabi,4,Variation #2,3,3,Ge-LT6,Tin,2,0.5,1.0,1.0,
Addha/Sitarkhani/Punjabi,4,Variation #2,3,4,,,3,0.5,1.0,1.0,-
Addha/Sitarkhani/Punjabi,4,Variation #2,3,5,,TiL,3,0.5,1.0,0.5,
Addha/Sitarkhani/Punjabi,4,Variation #2,3,6,Ge,Ta,4,0.5,1.0,1.0,Dha
Addha/Sitarkhani/Punjabi,4,Variation #2,3,7,,TiL,4,0.5,1.0,0.5,
Addha/Sitarkhani/Punjabi,4,Variation #2,3,8,Ge,Ta,5,1.0,1.0,1.0,Dha
Addha/Sitarkhani/Punjabi,4,Variation #2,3,9,,TiL,6,0.5,1.0,1.0,- Dhin
Addha/Sitarkhani/Punjabi,4,Variation #2,3,10,Ge-LT6,Tin,6,0.5,1.0,1.0,
Addha/Sitarkhani/Punjabi,4,Variation #2,3,11,,,7,0.5,1.0,1.0,-
Addha/Sitarkhani/Punjabi,4,Variation #2,3,12,,TiL,7,0.5,1.0,0.5,
Addha/Sitarkhani/Punjabi,4,Variation #2,3,13,Ge,Ta,8,0.5,1.0,1.0,Dha
Addha/Sitarkhani/Punjabi,4,Variation #2,3,14,,TiL,8,0.5,1.0,0.5,
Addha/Sitarkhani/Punjabi,4,Variation #2,3,15,Ge,Ta,9,1.0,1.0,1.0,Dha
Addha/Sitarkhani/Punjabi,4,Variation #2,3,16,,TiL,10,0.5,1.0,1.0,- Tin
Addha/Sitarkhani/Punjabi,4,Variation #2,3,17,Ka,Tin,10,0.5,1.0,1.0,
Addha/Sitarkhani/Punjabi,4,Variation #2,3,18,,,11,0.5,1.0,1.0,-
Addha/Sitarkhani/Punjabi,4,Variation #2,3,19,,TiL,11,0.5,1.0,0.5,
Addha/Sitarkhani/Punjabi,4,Variation #2,3,20,,Ta,12,0.5,1.0,1.0,Ta
Addha/Sitarkhani/Punjabi,4,Variation #2,3,21,,TiL,12,0.5,1.0,0.5,
Addha/Sitarkhani/Punjabi,4,Variation #2,3,22,,Ta,13,1.0,1.0,1.0,Ta
Addha/Sitarkhani/Punjabi,4,Variation #2,3,23,,TiL,14,0.5,1.0,1.0,- Dhin
Addha/Sitarkhani/Punjabi,4,Variation #2,3,24,Ge-LT6,Tin,14,0.5,1.0,1.0,
Addha/Sitarkhani/Punjabi,4,Variation #2,3,25,,,15,0.5,1.0,1.0,-
Addha/Sitarkhani/Punjabi,4,Variation #2,3,26,,TiL,15,0.5,1.0,0.5,
Addha/Sitarkhani/Punjabi,4,Variation #2,3,27,Ge,Ta,16,0.5,1.0,1.0,Dha
Addha/Sitarkhani/Punjabi,4,Variation #2,3,28,,TiL,16,0.5,1.0,0.5,
Addha/Sitarkhani/Punjabi,5,Ikwai,1,1,,Ta,1,1.0,1.0,1.0,Ta
Addha/Sitarkhani/Punjabi,5,Ikwai,1,2,Ge-B,TinFull,2,1.0,1.0,1.0,Dhin
Addha/Sitarkhani/Punjabi,5,Ikwai,1,3,,,3,0.5,1.0,1.0,- KDa
Addha/Sitarkhani/Punjabi,5,Ikwai,1,4,,KDa,3,0.5,1.0,1.0,
Addha/Sitarkhani/Punjabi,5,Ikwai,1,5,Ge-B,Tin,4,0.5,1.0,1.0,Dhin
Addha/Sitarkhani/Punjabi,5,Ikwai,1,6,,TiL,4,0.5,1.0,1.0,
Addha/Sitarkhani/Punjabi,5,Ikwai,1,7,,Ta,5,0.5,1.0,1.0,Ta
Addha/Sitarkhani/Punjabi,5,Ikwai,1,8,Ka,,5,0.5,0.25,1.0,
Addha/Sitarkhani/Punjabi,5,Ikwai,1,9,Ge-B,TinFull,6,1.0,1.0,1.0,Dhin
Addha/Sitarkhani/Punjabi,5,Ikwai,1,10,,,7,0.5,1.0,1.0,- KDa
Addha/Sitarkhani/Punjabi,5,Ikwai,1,11,,KDa,7,0.5,1.0,1.0,
Addha/Sitarkhani/Punjabi,5,Ikwai,1,12,Ge-B,Tin,8,0.5,1.0,1.0,Dhin
Addha/Sitarkhani/Punjabi,5,Ikwai,1,13,,TiL,8,0.5,1.0,1.0,
Addha/Sitarkhani/Punjabi,5,Ikwai,1,14,Ge,Ta,9,0.5,1.0,1.0,Dha Dha
Addha/Sitarkhani/Punjabi,5,Ikwai,1,15,Ge-B,Ta,9,0.5,1.0,1.0,
Addha/Sitarkhani/Punjabi,5,Ikwai,1,16,Ka,TinFull,10,1.0,1.0,1.0,Tin
Addha/Sitarkhani/Punjabi,5,Ikwai,1,17,,,11,0.5,1.0,1.0,- KDa
Addha/Sitarkhani/Punjabi,5,Ikwai,1,18,,KDa,11,0.5,1.0,1.0,
Addha/Sitarkhani/Punjabi,5,Ikwai,1,19,Ka,Tin,12,0.5,1.0,1.0,Tin
Addha/Sitarkhani/Punjabi,5,Ikwai,1,20,,TiL,12,0.5,1.0,1.0,
Addha/Sitarkhani/Punjabi,5,Ikwai,1,21,,Ta,13,0.5,1.0,1.0,Ta
Addha/Sitarkhani/Punjabi,5,Ikwai,1,22,Ka,,13,0.5,0.5,1.0,
Addha/Sitarkhani/Punjabi,5,Ikwai,1,23,Ge-B,TinFull,14,1.0,1.0,1.0,Dhin
Addha/Sitarkhani/Punjabi,5,Ikwai,1,24,,,15,0.5,1.0,1.0,- KDa
Addha/Sitarkhani/Punjabi,5,Ikwai,1,25,,KDa,15,0.5,1.0,1.0,
Addha/Sitarkhani/Punjabi,5,Ikwai,1,26,Ge-B,Tin,16,0.5,1.0,1.0,Dhin
Addha/Sitarkhani/Punjabi,5,Ikwai,1,27,,TiL,16,0.5,1.0,1.0,
Addha/Sitarkhani/Punjabi,5,Ikwai,2,1,,Ta,1,1.0,1.0,1.0,Ta
Addha/Sitarkhani/Punjabi,5,Ikwai,2,2,Ge-B,TinFull,2,1.0,1.0,1.0,Dhin
Addha/Sitarkhani/Punjabi,5,Ikwai,2,3,,,3,0.5,1.0,1.0,- KDa
Addha/Sitarkhani/Punjabi,5,Ikwai,2,4,,KDa,3,0.5,1.0,1.0,
Addha/Sitarkhani/Punjabi,5,Ikwai,2,5,Ge-B,Tin,4,1.0,1.0,1.0,Dhin
Addha/Sitarkhani/Punjabi,5,Ikwai,2,6,,Ta,5,1.0,1.0,1.0,Ta
Addha/Sitarkhani/Punjabi,5,Ikwai,2,7,Ge-B,TinFull,6,1.0,1.0,1.0,Dhin
Addha/Sitarkhani/Punjabi,5,Ikwai,2,8,,,7,0.5,1.0,1.0,- KDa
Addha/Sitarkhani/Punjabi,5,Ikwai,2,9,,KDa,7,0.5,1.0,1.0,
Addha/Sitarkhani/Punjabi,5,Ikwai,2,10,Ge-B,Tin,8,1.0,1.0,1.0,Dhin
Addha/Sitarkhani/Punjabi,5,Ikwai,2,11,Ge,Ta,9,1.0,1.0,1.0,Dha
Addha/Sitarkhani/Punjabi,5,Ikwai,2,12,Ka,TinFull,10,1.0,1.0,1.0,Tin
Addha/Sitarkhani/Punjabi,5,Ikwai,2,13,,,11,0.5,1.0,1.0,- KDa
Addha/Sitarkhani/Punjabi,5,Ikwai,2,14,,KDa,11,0.5,1.0,1.0,
Addha/Sitarkhani/Punjabi,5,Ikwai,2,15,Ka,Tin,12,1.0,1.0,1.0,Tin
Addha/Sitarkhani/Punjabi,5,Ikwai,2,16,,TaKa,13,1.0,1.0,1.0,Ta
Addha/Sitarkhani/Punjabi,5,Ikwai,2,17,Ge-B,TinFull,14,1.0,1.0,1.0,Dhin
Addha/Sitarkhani/Punjabi,5,Ikwai,2,18,,,15,0.5,1.0,1.0,- KDa
Addha/Sitarkhani/Punjabi,5,Ikwai,2,19,,KDa,15,0.5,1.0,1.0,
Addha/Sitarkhani/Punjabi,5,Ikwai,2,20,Ge-B,Tin,16,1.0,1.0,1.0,Dhin
Addha/Sitarkhani/Punjabi,5,Ikwai,3,1,,Ta,1,1.0,1.0,1.0,Ta
Addha/Sitarkhani/Punjabi,5,Ikwai,3,2,Ge-B,TinFull,2,1.0,1.0,1.0,Dhin
Addha/Sitarkhani/Punjabi,5,Ikwai,3,3,,,3,0.5,1.0,1.0,- KDa
Addha/Sitarkhani/Punjabi,5,Ikwai,3,4,,KDa,3,0.5,1.0,0.5,
Addha/Sitarkhani/Punjabi,5,Ikwai,3,5,Ge-B,Tin,4,1.0,1.0,1.0,Dhin
Addha/Sitarkhani/Punjabi,5,Ikwai,3,6,,Ta,5,1.0,1.0,1.0,Ta
Addha/Sitarkhani/Punjabi,5,Ikwai,3,7,Ge-B,TinFull,6,1.0,1.0,1.0,Dhin
Addha/Sitarkhani/Punjabi,5,Ikwai,3,8,,,7,0.5,1.0,1.0,- KDa
Addha/Sitarkhani/Punjabi,5,Ikwai,3,9,,KDa,7,0.5,1.0,0.5,
Addha/Sitarkhani/Punjabi,5,Ikwai,3,10,Ge-B,Tin,8,1.0,1.0,1.0,Dhin
Addha/Sitarkhani/Punjabi,5,Ikwai,3,11,Ge,Ta,9,1.0,1.0,1.0,Dha
Addha/Sitarkhani/Punjabi,5,Ikwai,3,12,Ka,TinFull,10,1.0,1.0,1.0,Tin
Addha/Sitarkhani/Punjabi,5,Ikwai,3,13,,,11,0.5,1.0,1.0,- KDa
Addha/Sitarkhani/Punjabi,5,Ikwai,3,14,,KDa,11,0.5,1.0,0.5,
Addha/Sitarkhani/Punjabi,5,Ikwai,3,15,Ka,Tin,12,1.0,1.0,1.0,Tin
Addha/Sitarkhani/Punjabi,5,Ikwai,3,16,,Ta,13,1.0,1.0,1.0,Ta
Addha/Sitarkhani/Punjabi,5,Ikwai,3,17,Ge-B,TinFull,14,1.0,1.0,1.0,Dhin
Addha/Sitarkhani/Punjabi,5,Ikwai,3,18,,,15,0.5,1.0,1.0,- KDa
Addha/Sitarkhani/Punjabi,5,Ikwai,3,19,,KDa,15,0.5,1.0,0.5,
Addha/Sitarkhani/Punjabi,5,Ikwai,3,20,Ge-B,Tin,16,1.0,1.0,1.0,Dhin
Addha/Sitarkhani/Punjabi,6,Punjabi Gandharva,1,1,Ge,Ta,1,1.0,1.0,1.0,Dha
Addha/Sitarkhani/Punjabi,6,Punjabi Gandharva,1,2,Ge-B,TinFull,2,1.0,1.0,1.0,Dhin
Addha/Sitarkhani/Punjabi,6,Punjabi Gandharva,1,3,,,3,0.5,1.0,1.0,- KDa
Addha/Sitarkhani/Punjabi,6,Punjabi Gandharva,1,4,,KDa,3,0.5,1.0,1.0,
Addha/Sitarkhani/Punjabi,6,Punjabi Gandharva,1,5,Ge-B,Tin,4,0.5,1.0,1.0,Dhin
Addha/Sitarkhani/Punjabi,6,Punjabi Gandharva,1,6,,TiL,4,0.5,1.0,1.0,
Addha/Sitarkhani/Punjabi,6,Punjabi Gandharva,1,7,Ge-B,Ta,5,0.5,1.0,1.0,Dha
Addha/Sitarkhani/Punjabi,6,Punjabi Gandharva,1,8,Ge,,5,0.5,0.5,1.0,
Addha/Sitarkhani/Punjabi,6,Punjabi Gandharva,1,9,Ge-B,TinFull,6,1.0,1.0,1.0,Dhin
Addha/Sitarkhani/Punjabi,6,Punjabi Gandharva,1,10,,,7,0.5,1.0,1.0,- KDa
Addha/Sitarkhani/Punjabi,6,Punjabi Gandharva,1,11,,KDa,7,0.5,1.0,1.0,
Addha/Sitarkhani/Punjabi,6,Punjabi Gandharva,1,12,Ge-B,Tin,8,0.5,1.0,1.0,Dhin
Addha/Sitarkhani/Punjabi,6,Punjabi Gandharva,1,13,,TiL,8,0.5,1.0,1.0,
Addha/Sitarkhani/Punjabi,6,Punjabi Gandharva,1,14,Ge,Ta,9,0.5,1.0,1.0,Dha Dha
Addha/Sitarkhani/Punjabi,6,Punjabi Gandharva,1,15,Ge-B,Ta,9,0.5,1.0,1.0,
Addha/Sitarkhani/Punjabi,6,Punjabi Gandharva,1,16,Ka,TinFull,10,1.0,1.0,1.0,Tin
Addha/Sitarkhani/Punjabi,6,Punjabi Gandharva,1,17,,,11,0.5,1.0,1.0,- KDa
Addha/Sitarkhani/Punjabi,6,Punjabi Gandharva,1,18,,KDa,11,0.5,1.0,1.0,
Addha/Sitarkhani/Punjabi,6,Punjabi Gandharva,1,19,Ka,Tin,12,0.5,1.0,1.0,Tin
Addha/Sitarkhani/Punjabi,6,Punjabi Gandharva,1,20,,TiL,12,0.5,1.0,1.0,
Addha/Sitarkhani/Punjabi,6,Punjabi Gandharva,1,21,,Ta,13,0.5,1.0,1.0,Ta
Addha/Sitarkhani/Punjabi,6,Punjabi Gandharva,1,22,Ka,,13,0.5,0.5,1.0,
Addha/Sitarkhani/Punjabi,6,Punjabi Gandharva,1,23,Ge-B,TinFull,14,1.0,1.0,1.0,Dhin
Addha/Sitarkhani/Punjabi,6,Punjabi Gandharva,1,24,,,15,0.5,1.0,1.0,- KDa
Addha/Sitarkhani/Punjabi,6,Punjabi Gandharva,1,25,,KDa,15,0.5,1.0,1.0,
Addha/Sitarkhani/Punjabi,6,Punjabi Gandharva,1,26,Ge-B,Tin,16,0.5,1.0,1.0,Dhin
Addha/Sitarkhani/Punjabi,6,Punjabi Gandharva,1,27,,TiL,16,0.5,1.0,1.0,
Addha/Sitarkhani/Punjabi,6,Punjabi Gandharva,2,1,Ge,Ta,1,1.0,1.0,1.0,Dha
Addha/Sitarkhani/Punjabi,6,Punjabi Gandharva,2,2,Ge-B,TinFull,2,1.0,1.0,1.0,Dhin
Addha/Sitarkhani/Punjabi,6,Punjabi Gandharva,2,3,,,3,0.5,1.0,1.0,- KDa
Addha/Sitarkhani/Punjabi,6,Punjabi Gandharva,2,4,,KDa,3,0.5,1.0,1.0,
Addha/Sitarkhani/Punjabi,6,Punjabi Gandharva,2,5,Ge-B,Tin,4,1.0,1.0,1.0,Dhin
Addha/Sitarkhani/Punjabi,6,Punjabi Gandharva,2,6,Ge,Ta,5,1.0,1.0,1.0,Dha
Addha/Sitarkhani/Punjabi,6,Punjabi Gandharva,2,7,Ge-B,TinFull,6,1.0,1.0,1.0,Dhin
Addha/Sitarkhani/Punjabi,6,Punjabi Gandharva,2,8,,,7,0.5,1.0,1.0,- KDa
Addha/Sitarkhani/Punjabi,6,Punjabi Gandharva,2,9,,KDa,7,0.5,1.0,1.0,
Addha/Sitarkhani/Punjabi,6,Punjabi Gandharva,2,10,Ge-B,Tin,8,1.0,1.0,1.0,Dhin
Addha/Sitarkhani/Punjabi,6,Punjabi Gandharva,2,11,Ge,Ta,9,1.0,1.0,1.0,Dha
Addha/Sitarkhani/Punjabi,6,Punjabi Gandharva,2,12,Ka,TinFull,10,1.0,1.0,1.0,Tin
Addha/Sitarkhani/Punjabi,6,Punjabi Gandharva,2,13,,,11,0.5,1.0,1.0,- KDa
Addha/Sitarkhani/Punjabi,6,Punjabi Gandharva,2,14,,KDa,11,0.5,1.0,1.0,
Addha/Sitarkhani/Punjabi,6,Punjabi Gandharva,2,15,Ka,Tin,12,1.0,1.0,1.0,Tin
Addha/Sitarkhani/Punjabi,6,Punjabi Gandharva,2,16,,TaKa,13,1.0,1.0,1.0,Ta
Addha/Sitarkhani/Punjabi,6,Punjabi Gandharva,2,17,Ge-B,TinFull,14,1.0,1.0,1.0,Dhin
Addha/Sitarkhani/Punjabi,6,Punjabi Gandharva,2,18,,,15,0.5,1.0,1.0,- KDa
Addha/Sitarkhani/Punjabi,6,Punjabi Gandharva,2,19,,KDa,15,0.5,1.0,1.0,
Addha/Sitarkhani/Punjabi,6,Punjabi Gandharva,2,20,Ge-B,Tin,16,1.0,1.0,1.0,Dhin
Addha/Sitarkhani/Punjabi,6,Punjabi Gandharva,3,1,Ge,Ta,1,1.0,1.0,1.0,Dha
Addha/Sitarkhani/Punjabi,6,Punjabi Gandharva,3,2,Ge-B,TinFull,2,1.0,1.0,1.0,Dhin
Addha/Sitarkhani/Punjabi,6,Punjabi Gandharva,3,3,,,3,0.5,1.0,1.0,- KDa
Addha/Sitarkhani/Punjabi,6,Punjabi Gandharva,3,4,,KDa,3,0.5,1.0,0.5,
Addha/Sitarkhani/Punjabi,6,Punjabi Gandharva,3,5,Ge-B,Tin,4,1.0,1.0,1.0,Dhin
Addha/Sitarkhani/Punjabi,6,Punjabi Gandharva,3,6,Ge,Ta,5,1.0,1.0,1.0,Dha
Addha/Sitarkhani/Punjabi,6,Punjabi Gandharva,3,7,Ge-B,TinFull,6,1.0,1.0,1.0,Dhin
Addha/Sitarkhani/Punjabi,6,Punjabi Gandharva,3,8,,,7,0.5,1.0,1.0,- KDa
Addha/Sitarkhani/Punjabi,6,Punjabi Gandharva,3,9,,KDa,7,0.5,1.0,0.5,
Addha/Sitarkhani/Punjabi,6,Punjabi Gandharva,3,10,Ge-B,Tin,8,1.0,1.0,1.0,Dhin
Addha/Sitarkhani/Punjabi,6,Punjabi Gandharva,3,11,Ge,Ta,9,1.0,1.0,1.0,Dha
Addha/Sitarkhani/Punjabi,6,Punjabi Gandharva,3,12,Ka,TinFull,10,1.0,1.0,1.0,Tin
Addha/Sitarkhani/Punjabi,6,Punjabi Gandharva,3,13,,,11,0.5,1.0,1.0,- KDa
Addha/Sitarkhani/Punjabi,6,Punjabi Gandharva,3,14,,KDa,11,0.5,1.0,0.5,
Addha/Sitarkhani/Punjabi,6,Punjabi Gandharva,3,15,Ka,Tin,12,1.0,1.0,1.0,Tin
Addha/Sitarkhani/Punjabi,6,Punjabi Gandharva,3,16,,Ta,13,1.0,1.0,1.0,Ta
Addha/Sitarkhani/Punjabi,6,Punjabi Gandharva,3,17,Ge-B,TinFull,14,1.0,1.0,1.0,Dhin
Addha/Sitarkhani/Punjabi,6,Punjabi Gandharva,3,18,,,15,0.5,1.0,1.0,- KDa
Addha/Sitarkhani/Punjabi,6,Punjabi Gandharva,3,19,,KDa,15,0.5,1.0,0.5,
Addha/Sitarkhani/Punjabi,6,Punjabi Gandharva,3,20,Ge-B,Tin,16,1.0,1.0,1.0,Dhin
Addha/Sitarkhani/Punjabi,7,Punjabi Tappa,"1,2",1,Ge-Sam,Ta,1,0.75,1.0,1.0,Dha--KDa
Addha/Sitarkhani/Punjabi,7,Punjabi Tappa,"1,2",2,,KDa,1,0.25,1.0,1.0,
Addha/Sitarkhani/Punjabi,7,Punjabi Tappa,"1,2",3,Ge,Ta,2,0.5,1.0,1.0,Dha Dhin
Addha/Sitarkhani/Punjabi,7,Punjabi Tappa,"1,2",4,Ge-LT6,Tin,2,0.5,1.0,1.0,
Addha/Sitarkhani/Punjabi,7,Punjabi Tappa,"1,2",5,,,3,0.25,1.0,1.0,-KDaDhin-
Addha/Sitarkhani/Punjabi,7,Punjabi Tappa,"1,2",6,,KDa,3,0.25,1.0,1.0,
Addha/Sitarkhani/Punjabi,7,Punjabi Tappa,"1,2",7,Ge-B,Tin,3,0.5,1.0,1.0,
Addha/Sitarkhani/Punjabi,7,Punjabi Tappa,"1,2",8,Ge,Ta,4,0.5,1.0,1.0,Dha Tat
Addha/Sitarkhani/Punjabi,7,Punjabi Tappa,"1,2",9,,Tat,4,0.5,1.0,1.0,
Addha/Sitarkhani/Punjabi,7,Punjabi Tappa,"1,2",10,Ge,Ta,5,0.75,1.0,1.0,Dha--KDa
Addha/Sitarkhani/Punjabi,7,Punjabi Tappa,"1,2",11,,KDa,5,0.25,1.0,1.0,
Addha/Sitarkhani/Punjabi,7,Punjabi Tappa,"1,2",12,Ge,Ta,6,0.5,1.0,1.0,Dha Dhin
Addha/Sitarkhani/Punjabi,7,Punjabi Tappa,"1,2",13,Ge-LT6,Tin,6,0.5,1.0,1.0,
Addha/Sitarkhani/Punjabi,7,Punjabi Tappa,"1,2",14,,,7,0.25,1.0,1.0,-KDaDhin-
Addha/Sitarkhani/Punjabi,7,Punjabi Tappa,"1,2",15,,KDa,7,0.25,1.0,1.0,
Addha/Sitarkhani/Punjabi,7,Punjabi Tappa,"1,2",16,Ge-B,Tin,7,0.5,1.0,1.0,
Addha/Sitarkhani/Punjabi,7,Punjabi Tappa,"1,2",17,Ge,Ta,8,0.5,1.0,1.0,Dha Tat
Addha/Sitarkhani/Punjabi,7,Punjabi Tappa,"1,2",18,,Tat,8,0.5,1.0,1.0,
Addha/Sitarkhani/Punjabi,7,Punjabi Tappa,"1,2",19,Ge,Ta,9,0.75,1.0,1.0,Ta--KDa
Addha/Sitarkhani/Punjabi,7,Punjabi Tappa,"1,2",20,,KDa,9,0.25,1.0,1.0,
Addha/Sitarkhani/Punjabi,7,Punjabi Tappa,"1,2",21,Ge,Ta,10,0.5,1.0,1.0,Dha Dhin
Addha/Sitarkhani/Punjabi,7,Punjabi Tappa,"1,2",22,Ka,Tin,10,0.5,1.0,1.0,
Addha/Sitarkhani/Punjabi,7,Punjabi Tappa,"1,2",23,,,11,0.25,1.0,1.0,-KDaTin-
Addha/Sitarkhani/Punjabi,7,Punjabi Tappa,"1,2",24,,KDa,11,0.25,1.0,1.0,
Addha/Sitarkhani/Punjabi,7,Punjabi Tappa,"1,2",25,Ka,Tin,11,0.5,1.0,1.0,
Addha/Sitarkhani/Punjabi,7,Punjabi Tappa,"1,2",26,,Ta,12,0.5,1.0,1.0,Ta Tat
Addha/Sitarkhani/Punjabi,7,Punjabi Tappa,"1,2",27,,Tat,12,0.5,1.0,1.0,
Addha/Sitarkhani/Punjabi,7,Punjabi Tappa,"1,2",28,,Ta,13,0.75,1.0,1.0,Ta--KDa
Addha/Sitarkhani/Punjabi,7,Punjabi Tappa,"1,2",29,,KDa,13,0.25,1.0,1.0,
Addha/Sitarkhani/Punjabi,7,Punjabi Tappa,"1,2",30,,Ta,14,0.5,1.0,1.0,Ta Dhin
Addha/Sitarkhani/Punjabi,7,Punjabi Tappa,"1,2",31,Ge-LT6,Tin,14,0.5,1.0,1.0,
Addha/Sitarkhani/Punjabi,7,Punjabi Tappa,"1,2",32,,,15,0.25,1.0,1.0,-KDaDhin-
Addha/Sitarkhani/Punjabi,7,Punjabi Tappa,"1,2",33,,KDa,15,0.25,1.0,1.0,
Addha/Sitarkhani/Punjabi,7,Punjabi Tappa,"1,2",34,Ge-B,Tin,15,0.5,1.0,1.0,
Addha/Sitarkhani/Punjabi,7,Punjabi Tappa,"1,2",35,Ge,Ta,16,0.5,1.0,1.0,Dha Tat
Addha/Sitarkhani/Punjabi,7,Punjabi Tappa,"1,2",36,,Tat,16,0.5,1.0,1.0,
Addha/Sitarkhani/Punjabi,8,Punjabi Thumri,"1,2",1,Ge-Sam,Ta,1,1.0,1.0,1.0,Dha
Addha/Sitarkhani/Punjabi,8,Punjabi Thumri,"1,2",2,Ge-B,,2,0.5,0.5,1.0,Ga Dhin
Addha/Sitarkhani/Punjabi,8,Punjabi Thumri,"1,2",3,Ge-LT6,Tin,2,0.5,1.0,1.0,
Addha/Sitarkhani/Punjabi,8,Punjabi Thumri,"1,2",4,,,3,0.5,1.0,1.0,- Ga
Addha/Sitarkhani/Punjabi,8,Punjabi Thumri,"1,2",5,Ge-B,,3,0.5,0.5,1.0,
Addha/Sitarkhani/Punjabi,8,Punjabi Thumri,"1,2",6,Ge,Ta,4,0.5,1.0,1.0,Dha
Addha/Sitarkhani/Punjabi,8,Punjabi Thumri,"1,2",7,,TiL,4,0.5,1.0,0.5,
Addha/Sitarkhani/Punjabi,8,Punjabi Thumri,"1,2",8,Ge,Ta,5,0.5,1.0,1.0,Dha GiDa
Addha/Sitarkhani/Punjabi,8,Punjabi Thumri,"1,2",9,Ge-B,,5,0.25,0.5,1.0,
Addha/Sitarkhani/Punjabi,8,Punjabi Thumri,"1,2",10,,TiL,5,0.25,1.0,1.0,
Addha/Sitarkhani/Punjabi,8,Punjabi Thumri,"1,2",11,,Na,6,0.25,1.0,1.0,NaGa Tin
Addha/Sitarkhani/Punjabi,8,Punjabi Thumri,"1,2",12,Ge-B,,6,0.25,1.0,0.5,
Addha/Sitarkhani/Punjabi,8,Punjabi Thumri,"1,2",13,Ka,Tin,6,0.5,1.0,1.0,
Addha/Sitarkhani/Punjabi,8,Punjabi Thumri,"1,2",14,,,7,0.5,1.0,1.0,- Ka
Addha/Sitarkhani/Punjabi,8,Punjabi Thumri,"1,2",15,Ka,,7,0.5,1.0,0.5,
Addha/Sitarkhani/Punjabi,8,Punjabi Thumri,"1,2",16,,Ta,8,0.5,1.0,1.0,Ta
Addha/Sitarkhani/Punjabi,8,Punjabi Thumri,"1,2",17,,TiL,8,0.5,1.0,0.5,
Addha/Sitarkhani/Punjabi,8,Punjabi Thumri,"1,2",18,,Ta,9,1.0,1.0,1.0,Ta
Addha/Sitarkhani/Punjabi,8,Punjabi Thumri,"1,2",19,Ka,,10,0.5,0.5,1.0,Ka Tin
Addha/Sitarkhani/Punjabi,8,Punjabi Thumri,"1,2",20,Ka,Tin,10,0.5,1.0,1.0,
Addha/Sitarkhani/Punjabi,8,Punjabi Thumri,"1,2",21,,,11,0.5,1.0,1.0,- Ka
Addha/Sitarkhani/Punjabi,8,Punjabi Thumri,"1,2",22,Ka,,11,0.5,0.5,1.0,
Addha/Sitarkhani/Punjabi,8,Punjabi Thumri,"1,2",23,Ge,Ta,12,0.5,1.0,1.0,Dha
Addha/Sitarkhani/Punjabi,8,Punjabi Thumri,"1,2",24,,TiL,12,0.5,1.0,0.5,
Addha/Sitarkhani/Punjabi,8,Punjabi Thumri,"1,2",25,Ge,Ta,13,0.5,1.0,1.0,Dha GiDa
Addha/Sitarkhani/Punjabi,8,Punjabi Thumri,"1,2",26,Ge-B,,13,0.25,0.5,1.0,
Addha/Sitarkhani/Punjabi,8,Punjabi Thumri,"1,2",27,,TiL,13,0.25,1.0,1.0,
Addha/Sitarkhani/Punjabi,8,Punjabi Thumri,"1,2",28,,Na,14,0.25,1.0,1.0,NaGa Dhin
Addha/Sitarkhani/Punjabi,8,Punjabi Thumri,"1,2",29,Ge-B,,14,0.25,1.0,0.5,
Addha/Sitarkhani/Punjabi,8,Punjabi Thumri,"1,2",30,Ge-LT6,Tin,14,0.5,1.0,1.0,
Addha/Sitarkhani/Punjabi,8,Punjabi Thumri,"1,2",31,,,15,0.5,1.0,1.0,- Ga
Addha/Sitarkhani/Punjabi,8,Punjabi Thumri,"1,2",32,Ge-B,,15,0.5,0.5,1.0,
Addha/Sitarkhani/Punjabi,8,Punjabi Thumri,"1,2",33,Ge,Ta,16,0.5,1.0,1.0,Dha
Addha/Sitarkhani/Punjabi,8,Punjabi Thumri,"1,2",34,,TiL,16,0.5,1.0,0.5,
Chachar,1,Basic,1,1,Ge,Ta,1,1.0,1.0,1.0,Dha
Chachar,1,Basic,1,2,,,2,1.0,1.0,1.0,-
Chachar,1,Basic,1,3,Ge-B,Tin,3,1.0,1.0,1.0,Dhin
Chachar,1,Basic,1,4,,,4,1.0,1.0,1.0,-
Chachar,1,Basic,1,5,Ge,Ta,5,0.75,1.0,1.0,Dha
Chachar,1,Basic,1,6,,TiL,5,0.25,1.0,1.0,
Chachar,1,Basic,1,7,Ge-B,Ta,6,0.5,1.0,1.0,Dha Dha
Chachar,1,Basic,1,8,Ge,Ta,6,0.5,1.0,1.0,
Chachar,1,Basic,1,9,Ka,Tin,7,1.0,1.0,1.0,Tin
Chachar,1,Basic,1,10,,,8,1.0,1.0,1.0,-
Chachar,1,Basic,1,11,,Ta,9,1.0,1.0,1.0,Ta
Chachar,1,Basic,1,12,,,10,1.0,1.0,1.0,-
Chachar,1,Basic,1,13,Ka,Tin,11,1.0,1.0,1.0,Tin
Chachar,1,Basic,1,14,,,12,1.0,1.0,1.0,-
Chachar,1,Basic,1,15,Ge,Ta,13,0.75,1.0,1.0,Dha
Chachar,1,Basic,1,16,,TiL,13,0.25,1.0,1.0,
Chachar,1,Basic,1,17,Ge-B,Ta,14,0.5,1.0,1.0,Dha Dha
Chachar,1,Basic,1,18,Ge,Ta,14,0.5,1.0,1.0,
Chachar,1,Basic,1,19,Ge-B,Tin,15,1.0,1.0,1.0,Dhin
Chachar,1,Basic,1,20,,,16,0.5,1.0,1.0,-
Chachar,1,Basic,1,21,,TiTaL,16,0.5,1.0,1.0,
Chachar,1,Basic,2,1,Ge,Ta,1,1.0,1.0,1.0,Dha
Chachar,1,Basic,2,2,,,2,1.0,1.0,1.0,-
Chachar,1,Basic,2,3,Ge-LT6,Tin,3,1.0,1.0,1.0,Dhin
Chachar,1,Basic,2,4,,,4,1.0,1.0,1.0,-
Chachar,1,Basic,2,5,Ge-F,Ta,5,1.0,1.0,1.0,Dha
Chachar,1,Basic,2,6,Ge,Ta,6,1.0,1.0,1.0,Dha
Chachar,1,Basic,2,7,Ka,Tin,7,1.0,1.0,1.0,Tin
Chachar,1,Basic,2,8,,TiL,8,1.0,1.0,0.5,-
Chachar,1,Basic,2,9,,Ta,9,1.0,1.0,1.0,Ta
Chachar,1,Basic,2,10,,,10,1.0,1.0,1.0,-
Chachar,1,Basic,2,11,Ka,Tin,11,1.0,1.0,1.0,Tin
Chachar,1,Basic,2,12,,,12,1.0,1.0,1.0,-
Chachar,1,Basic,2,13,Ge-F,Ta,13,1.0,1.0,1.0,Dha
Chachar,1,Basic,2,14,Ge,Ta,14,1.0,1.0,1.0,Dha
Chachar,1,Basic,2,15,Ge-LT6,Tin,15,1.0,1.0,1.0,Dhin
Chachar,1,Basic,2,16,,TiL,16,1.0,1.0,0.5,-
Chachar,1,Basic,3,1,Ge,Ta,1,1.0,1.0,1.0,Dha
Chachar,1,Basic,3,2,,,2,1.0,1.0,1.0,-
Chachar,1,Basic,3,3,Ge-B,Tin,3,1.0,1.0,1.0,Dhin
Chachar,1,Basic,3,4,,,4,1.0,1.0,1.0,-
Chachar,1,Basic,3,5,Ge-B,Ta,5,1.0,1.0,1.0,Dha
Chachar,1,Basic,3,6,Ge,Ta,6,1.0,1.0,1.0,Dha
Chachar,1,Basic,3,7,Ka,Tin,7,1.0,1.0,1.0,Tin
Chachar,1,Basic,3,8,,,8,1.0,1.0,1.0,-
Chachar,1,Basic,3,9,,Ta,9,1.0,1.0,1.0,Ta
Chachar,1,Basic,3,10,,,10,1.0,1.0,1.0,-
Chachar,1,Basic,3,11,Ka,Tin,11,1.0,1.0,1.0,Tin
Chachar,1,Basic,3,12,,,12,1.0,1.0,1.0,-
Chachar,1,Basic,3,13,Ge-B,Ta,13,1.0,1.0,1.0,Dha
Chachar,1,Basic,3,14,Ge,Ta,14,1.0,1.0,1.0,Dha
Chachar,1,Basic,3,15,Ge-B,Tin,15,1.0,1.0,1.0,Dhin
Chachar,1,Basic,3,16,,TiL,16,1.0,1.0,0.5,-
Chachar,2,Pro Default,1,1,Ge,Ta,1,1.0,1.0,1.0,Dha
Chachar,2,Pro Default,1,2,,,2,0.5,1.0,1.0,-
Chachar,2,Pro Default,1,3,,KDa,2,0.5,1.0,0.5,
Chachar,2,Pro Default,1,4,Ge-B,Tin,3,1.0,1.0,1.0,Dhin
Chachar,2,Pro Default,1,5,,TiL,4,1.0,1.0,0.25,-
Chachar,2,Pro Default,1,6,Ge,Ta,5,0.75,1.0,1.0,Dha
Chachar,2,Pro Default,1,7,,TiL,5,0.25,1.0,1.0,
Chachar,2,Pro Default,1,8,Ge-B,Ta,6,0.5,1.0,1.0,Dha Dha
Chachar,2,Pro Default,1,9,Ge,Ta,6,0.5,1.0,1.0,
Chachar,2,Pro Default,1,10,Ka,Tin,7,1.0,1.0,1.0,Tin
Chachar,2,Pro Default,1,11,,TiL,8,1.0,1.0,0.25,-
Chachar,2,Pro Default,1,12,,Ta,9,1.0,1.0,1.0,Ta
Chachar,2,Pro Default,1,13,,,10,0.5,1.0,1.0,-
Chachar,2,Pro Default,1,14,,KDa,10,0.5,1.0,0.5,
Chachar,2,Pro Default,1,15,Ka,Tin,11,1.0,1.0,1.0,Tin
Chachar,2,Pro Default,1,16,,TiL,12,1.0,1.0,0.25,-
Chachar,2,Pro Default,1,17,Ge,Ta,13,0.75,1.0,1.0,Dha
Chachar,2,Pro Default,1,18,,TiL,13,0.25,1.0,1.0,
Chachar,2,Pro Default,1,19,Ge-B,Ta,14,0.5,1.0,1.0,Dha Dha
Chachar,2,Pro Default,1,20,Ge,Ta,14,0.5,1.0,1.0,
Chachar,2,Pro Default,1,21,Ge-B,Tin,15,1.0,1.0,1.0,Dhin
Chachar,2,Pro Default,1,22,,Ti,16,0.25,1.0,1.0,TiRaKiTa
Chachar,2,Pro Default,1,23,,Ra,16,0.25,1.0,1.0,
Chachar,2,Pro Default,1,24,Ki,,16,0.25,1.0,1.0,
Chachar,2,Pro Default,1,25,,TTa,16,0.25,1.0,1.0,
Chachar,2,Pro Default,2,1,Ge,Ta,1,1.0,1.0,1.0,Dha
Chachar,2,Pro Default,2,2,,,2,0.5,1.0,1.0,-
Chachar,2,Pro Default,2,3,,KDa,2,0.5,1.0,0.25,
Chachar,2,Pro Default,2,4,Ge-LT6,Tin,3,1.0,1.0,1.0,Dhin
Chachar,2,Pro Default,2,5,,,4,1.0,1.0,1.0,-
Chachar,2,Pro Default,2,6,Ge-F,Ta,5,1.0,1.0,1.0,Dha
Chachar,2,Pro Default,2,7,Ge,Ta,6,1.0,1.0,1.0,Dha
Chachar,2,Pro Default,2,8,Ka,Tin,7,1.0,1.0,1.0,Tin
Chachar,4,Pro Default,2,9,,TiL,8,1.0,1.0,0.5,-
Chachar,2,Pro Default,2,10,,Ta,9,1.0,1.0,1.0,Ta
Chachar,2,Pro Default,2,11,,,10,0.5,1.0,1.0,-
Chachar,2,Pro Default,2,12,,KDa,10,0.5,1.0,0.25,
Chachar,2,Pro Default,2,13,Ka,Tin,11,1.0,1.0,1.0,Tin
Chachar,2,Pro Default,2,14,,,12,1.0,1.0,1.0,-
Chachar,2,Pro Default,2,15,Ge-F,Ta,13,1.0,1.0,1.0,Dha
Chachar,2,Pro Default,2,16,Ge,Ta,14,1.0,1.0,1.0,Dha
Chachar,2,Pro Default,2,17,Ge-B,Ti,15,0.5,1.0,1.0,Dhin
Chachar,2,Pro Default,2,18,,Na,15,0.5,1.0,0.5,
Chachar,2,Pro Default,2,19,,Ti,16,0.5,1.0,0.5,-
Chachar,2,Pro Default,2,20,,TTa,16,0.5,1.0,0.5,
Chachar,2,Pro Default,3,1,Ge,Ta,1,1.0,1.0,1.0,Dha
Chachar,2,Pro Default,3,2,,,2,1.0,1.0,1.0,-
Chachar,2,Pro Default,3,3,Ge-LT6,Tin,3,1.0,1.0,1.0,Dhin
Chachar,2,Pro Default,3,4,,,4,1.0,1.0,1.0,-
Chachar,2,Pro Default,3,5,Ge-F,Ta,5,1.0,1.0,1.0,Dha
Chachar,2,Pro Default,3,6,Ge,Ta,6,1.0,1.0,1.0,Dha
Chachar,2,Pro Default,3,7,Ka,Tin,7,1.0,1.0,1.0,Tin
Chachar,4,Pro Default,3,8,,TiL,8,1.0,1.0,0.5,-
Chachar,2,Pro Default,3,9,,Ta,9,1.0,1.0,1.0,Ta
Chachar,2,Pro Default,3,10,,,10,1.0,1.0,1.0,-
Chachar,2,Pro Default,3,11,Ka,Tin,11,1.0,1.0,1.0,Tin
Chachar,2,Pro Default,3,12,,,12,1.0,1.0,1.0,-
Chachar,2,Pro Default,3,13,Ge-F,Ta,13,1.0,1.0,1.0,Dha
Chachar,2,Pro Default,3,14,Ge,Ta,14,1.0,1.0,1.0,Dha
Chachar,2,Pro Default,3,15,Ge-LT6,Tin,15,1.0,1.0,1.0,Dhin
Chachar,2,Pro Default,3,16,,TiL,16,1.0,1.0,1.0,-
Chachar,3,Variation #1,"1,2,3",1,Ge-F,Ta,1,1.0,1.0,1.0,Dha
Chachar,3,Variation #1,"1,2,3",2,,,2,1.0,1.0,1.0,-
Chachar,3,Variation #1,"1,2,3",3,Ge-LT6,Tin,3,1.0,1.0,1.0,Dhin
Chachar,3,Variation #1,"1,2,3",4,,,4,1.0,1.0,1.0,-
Chachar,3,Variation #1,"1,2,3",5,Ge,Ta,5,1.0,1.0,1.0,Dha
Chachar,3,Variation #1,"1,2,3",6,,,6,1.0,1.0,1.0,-
Chachar,3,Variation #1,"1,2,3",7,Ka,Tin,7,1.0,1.0,1.0,Tin
Chachar,3,Variation #1,"1,2,3",8,,TiL,8,1.0,1.0,0.5,-
Chachar,3,Variation #1,"1,2,3",9,,Ta,9,1.0,1.0,1.0,Ta
Chachar,3,Variation #1,"1,2,3",10,,,10,1.0,1.0,1.0,-
Chachar,3,Variation #1,"1,2,3",11,Ka,Tin,11,1.0,1.0,1.0,Tin
Chachar,3,Variation #1,"1,2,3",12,,,12,1.0,1.0,1.0,-
Chachar,3,Variation #1,"1,2,3",13,Ge-F,Ta,13,1.0,1.0,1.0,Dha
Chachar,3,Variation #1,"1,2,3",14,Ge-B,,14,1.0,0.5,1.0,Ge
Chachar,3,Variation #1,"1,2,3",15,Ge,Tin,15,1.0,1.0,1.0,Dhin
Chachar,3,Variation #1,"1,2,3",16,,TiL,16,1.0,1.0,0.5,-
Chachar,4,Variation #2,"1,2,3",1,Ge,Ta,1,1.0,1.0,1.0,Dha
Chachar,4,Variation #2,"1,2,3",2,,,2,1.0,1.0,1.0,-
Chachar,4,Variation #2,"1,2,3",3,Ge-LT6,Tin,3,1.0,1.0,1.0,Dhin
Chachar,4,Variation #2,"1,2,3",4,,,4,1.0,1.0,1.0,-
Chachar,4,Variation #2,"1,2,3",5,Ge-F,Ta,5,1.0,1.0,1.0,Dha
Chachar,4,Variation #2,"1,2,3",6,Ge-B,,6,1.0,0.5,1.0,Ge
Chachar,4,Variation #2,"1,2,3",7,Ka,Tin,7,1.0,1.0,1.0,Tin
Chachar,4,Variation #2,"1,2,3",8,,TiL,8,1.0,1.0,0.5,-
Chachar,4,Variation #2,"1,2,3",9,,Ta,9,1.0,1.0,1.0,Ta
Chachar,4,Variation #2,"1,2,3",10,,,10,1.0,1.0,1.0,-
Chachar,4,Variation #2,"1,2,3",11,Ka,Tin,11,1.0,1.0,1.0,Tin
Chachar,4,Variation #2,"1,2,3",12,,,12,1.0,1.0,1.0,-
Chachar,4,Variation #2,"1,2,3",13,Ge-F,Ta,13,1.0,1.0,1.0,Dha
Chachar,4,Variation #2,"1,2,3",14,Ge-B,,14,1.0,0.5,1.0,Ge
Chachar,4,Variation #2,"1,2,3",15,Ge,Tin,15,1.0,1.0,1.0,Dhin
Chachar,4,Variation #2,"1,2,3",16,,TiL,16,1.0,1.0,0.5,-
Teentaal,0,Basic No Fillers,"0,1",1,Ge,Ta,1,1.0,1.25,1.25,Dha
Teentaal,0,Basic No Fillers,"0,1",2,Ge-B,TinMed,2,1.0,1.0,1.0,Dhin
Teentaal,0,Basic No Fillers,"0,1",3,Ge-B,TinMed,3,1.0,1.0,1.0,Dhin
Teentaal,0,Basic No Fillers,"0,1",4,Ge,Ta,4,1.0,1.0,1.0,Dha
Teentaal,0,Basic No Fillers,"0,1",5,Ge,Ta,5,1.0,1.0,1.0,Dha
Teentaal,0,Basic No Fillers,"0,1",6,Ge-B,TinMed,6,1.0,1.0,1.0,Dhin
Teentaal,0,Basic No Fillers,"0,1",7,Ge-B,TinMed,7,1.0,1.0,1.0,Dhin
Teentaal,0,Basic No Fillers,"0,1",8,Ge,Ta,8,1.0,1.0,1.0,Dha
Teentaal,0,Basic No Fillers,"0,1",9,Ge,Ta,9,1.0,1.0,1.0,Dha
Teentaal,0,Basic No Fillers,"0,1",10,Ka,TinFull,10,1.0,1.0,1.0,Tin
Teentaal,0,Basic No Fillers,"0,1",11,Ka,TinFull,11,1.0,1.0,1.0,Tin
Teentaal,0,Basic No Fillers,"0,1",12,,Ta,12,1.0,1.0,1.0,Ta
Teentaal,0,Basic No Fillers,"0,1",13,,Ta,13,1.0,1.0,1.0,Ta
Teentaal,0,Basic No Fillers,"0,1",14,Ge-B,TinMed,14,1.0,1.0,1.0,Dhin
Teentaal,0,Basic No Fillers,"0,1",15,Ge-B,TinMed,15,1.0,1.0,1.0,Dhin
Teentaal,0,Basic No Fillers,"0,1",16,Ge,Ta,16,1.0,1.25,1.25,Dha
Teentaal,0,Basic No Fillers,2,1,Ge,Ta,1,1.0,1.25,1.25,Dha
Teentaal,0,Basic No Fillers,2,2,Ge-B,Tin,2,1.0,1.0,1.0,Dhin
Teentaal,0,Basic No Fillers,2,3,Ge,Tin,3,1.0,1.0,1.0,Dhin
Teentaal,0,Basic No Fillers,2,4,Ge-B,Ta,4,1.0,1.0,0.75,Dha
Teentaal,0,Basic No Fillers,2,5,Ge,Ta,5,1.0,1.0,1.0,Dha
Teentaal,0,Basic No Fillers,2,6,Ge-B,Tin,6,1.0,1.0,1.0,Dhin
Teentaal,0,Basic No Fillers,2,7,Ge,Tin,7,1.0,1.0,1.0,Dhin
Teentaal,0,Basic No Fillers,2,8,Ge-B,Ta,8,1.0,1.0,0.75,Dha
Teentaal,0,Basic No Fillers,2,9,Ge,Ta,9,1.0,1.0,1.0,Dha
Teentaal,0,Basic No Fillers,2,10,Ka,Tin,10,1.0,1.0,1.0,Tin
Teentaal,0,Basic No Fillers,2,11,Ka,Tin,11,1.0,1.0,1.0,Tin
Teentaal,0,Basic No Fillers,2,12,,Ta,12,1.0,1.0,0.75,Ta
Teentaal,0,Basic No Fillers,2,13,,Ta,13,1.0,1.0,1.0,Ta
Teentaal,0,Basic No Fillers,2,14,Ge-B,Tin,14,1.0,1.0,1.0,Dhin
Teentaal,0,Basic No Fillers,2,15,Ge,Tin,15,1.0,1.0,1.0,Dhin
Teentaal,0,Basic No Fillers,2,16,Ge-B,Ta,16,1.0,1.0,1.0,Dha
Teentaal,0,Basic No Fillers,3,1,Ge,Ta,1,1.0,1.0,1.0,Dha
Teentaal,0,Basic No Fillers,3,2,Ge-B,Tin,2,1.0,1.0,1.0,Dhin
Teentaal,0,Basic No Fillers,3,3,Ge,Tin,3,1.0,1.0,0.5,Dhin
Teentaal,0,Basic No Fillers,3,4,Ge-B,Ta,4,1.0,1.0,0.75,Dha
Teentaal,0,Basic No Fillers,3,5,Ge,Ta,5,1.0,1.0,1.0,Dha
Teentaal,0,Basic No Fillers,3,6,Ge-B,Tin,6,1.0,1.0,1.0,Dhin
Teentaal,0,Basic No Fillers,3,7,Ge,Tin,7,1.0,1.0,0.5,Dhin
Teentaal,0,Basic No Fillers,3,8,Ge-B,Ta,8,1.0,1.0,0.75,Dha
Teentaal,0,Basic No Fillers,3,9,Ge,Ta,9,1.0,1.0,1.0,Dha
Teentaal,0,Basic No Fillers,3,10,Ka,Tin,10,1.0,1.0,1.0,Tin
Teentaal,0,Basic No Fillers,3,11,Ka,Tin,11,1.0,1.0,0.5,Tin
Teentaal,0,Basic No Fillers,3,12,,Ta,12,1.0,1.0,0.75,Ta
Teentaal,0,Basic No Fillers,3,13,,Ta,13,1.0,1.0,1.0,Ta
Teentaal,0,Basic No Fillers,3,14,Ge-B,Tin,14,1.0,1.0,1.0,Dhin
Teentaal,0,Basic No Fillers,3,15,Ge,Tin,15,1.0,1.0,0.5,Dhin
Teentaal,0,Basic No Fillers,3,16,Ge-B,Ta,16,1.0,1.0,1.0,Dha
Teentaal,0,Basic No Fillers,4,1,Ge,Ta,1,1.0,1.0,1.0,Dha
Teentaal,0,Basic No Fillers,4,2,Ge-B,Tin,2,1.0,1.0,0.5,Dhin
Teentaal,0,Basic No Fillers,4,3,Ge,Tin,3,1.0,1.0,0.5,Dhin
Teentaal,0,Basic No Fillers,4,4,Ge-B,Ta,4,1.0,1.0,0.75,Dha
Teentaal,0,Basic No Fillers,4,5,Ge,Ta,5,1.0,1.0,1.0,Dha
Teentaal,0,Basic No Fillers,4,6,Ge-B,Tin,6,1.0,1.0,0.5,Dhin
Teentaal,0,Basic No Fillers,4,7,Ge,Tin,7,1.0,1.0,0.5,Dhin
Teentaal,0,Basic No Fillers,4,8,Ge-B,Ta,8,1.0,1.0,0.75,Dha
Teentaal,0,Basic No Fillers,4,9,Ge,Ta,9,1.0,1.0,1.0,Dha
Teentaal,0,Basic No Fillers,4,10,Ka,Tin,10,1.0,1.0,0.75,Tin
Teentaal,0,Basic No Fillers,4,11,Ka,Tin,11,1.0,1.0,0.5,Tin
Teentaal,0,Basic No Fillers,4,12,,Ta,12,1.0,1.0,0.75,Ta
Teentaal,0,Basic No Fillers,4,13,,Ta,13,1.0,1.0,1.0,Ta
Teentaal,0,Basic No Fillers,4,14,Ge-B,Tin,14,1.0,1.0,0.5,Dhin
Teentaal,0,Basic No Fillers,4,15,Ge,Tin,15,1.0,1.0,0.5,Dhin
Teentaal,0,Basic No Fillers,4,16,Ge-B,Ta,16,1.0,1.0,1.0,Dha
Teentaal,1,Basic,"0,1",1,Ge-Sam,Ta,1,1.0,1.25,1.25,Dha
Teentaal,1,Basic,"0,1",2,Ge-S,TinMed,2,1.0,1.0,1.0,Dhin
Teentaal,1,Basic,"0,1",3,Ge-S,TinMed,3,1.0,1.0,1.0,Dhin
Teentaal,1,Basic,"0,1",4,Ge,Ta,4,0.75,1.0,1.0,Dha
Teentaal,1,Basic,"0,1",5,,TiL,4,0.25,1.0,1.0,
Teentaal,1,Basic,"0,1",6,Ge,Ta,5,1.0,1.0,1.0,Dha
Teentaal,1,Basic,"0,1",7,Ge-S,TinMed,6,1.0,1.0,1.0,Dhin
Teentaal,1,Basic,"0,1",8,Ge-S,TinMed,7,1.0,1.0,1.0,Dhin
Teentaal,1,Basic,"0,1",9,Ge,Ta,8,0.75,1.0,1.0,Dha
Teentaal,1,Basic,"0,1",10,,TiL,8,0.25,1.0,1.0,
Teentaal,1,Basic,"0,1",11,Ge,Ta,9,1.0,1.0,1.0,Dha
Teentaal,1,Basic,"0,1",12,Ka,TinFull,10,1.0,1.0,1.0,Tin
Teentaal,1,Basic,"0,1",13,Ka,TinFull,11,1.0,1.0,1.0,Tin
Teentaal,1,Basic,"0,1",14,,Ta,12,0.75,1.0,1.0,Ta
Teentaal,1,Basic,"0,1",15,,TiL,12,0.25,1.0,1.0,
Teentaal,1,Basic,"0,1",16,,Ta,13,1.0,1.0,1.0,Ta
Teentaal,1,Basic,"0,1",17,Ge-S,TinMed,14,1.0,1.0,1.0,Dhin
Teentaal,1,Basic,"0,1",18,Ge-S,TinMed,15,1.0,1.0,1.0,Dhin
Teentaal,1,Basic,"0,1",19,Ge,Ta,16,0.75,1.25,1.25,Dha
Teentaal,1,Basic,"0,1",20,,TiL,16,0.25,1.0,1.0,
Teentaal,1,Basic,2,1,Ge-Sam,Ta,1,1.0,1.25,1.25,Dha
Teentaal,1,Basic,2,2,Ge-LT6,Tin,2,1.0,1.0,1.0,Dhin
Teentaal,1,Basic,2,3,Ge,Tin,3,1.0,1.0,1.0,Dhin
Teentaal,1,Basic,2,4,Ge-B,Ta,4,0.5,1.0,0.75,Dha
Teentaal,1,Basic,2,5,,TiL,4,0.5,1.0,0.5,
Teentaal,1,Basic,2,6,Ge,Ta,5,1.0,1.0,1.0,Dha
Teentaal,1,Basic,2,7,Ge-LT6,Tin,6,1.0,1.0,1.0,Dhin
Teentaal,1,Basic,2,8,Ge,Tin,7,1.0,1.0,1.0,Dhin
Teentaal,1,Basic,2,9,Ge-B,Ta,8,0.5,1.0,0.75,Dha
Teentaal,1,Basic,2,10,,TiL,8,0.5,1.0,0.5,
Teentaal,1,Basic,2,11,Ge,Ta,9,1.0,1.0,1.0,Dha
Teentaal,1,Basic,2,12,Ka,Tin,10,1.0,1.0,1.0,Tin
Teentaal,1,Basic,2,13,Ka,Tin,11,1.0,1.0,1.0,Tin
Teentaal,1,Basic,2,14,,Ta,12,0.5,1.0,0.75,Ta
Teentaal,1,Basic,2,15,,TiL,12,0.5,1.0,0.5,
Teentaal,1,Basic,2,16,,Ta,13,1.0,1.0,1.0,Ta
Teentaal,1,Basic,2,17,Ge-LT6,Tin,14,1.0,1.0,1.0,Dhin
Teentaal,1,Basic,2,18,Ge,Tin,15,1.0,1.0,1.0,Dhin
Teentaal,1,Basic,2,19,Ge-B,Ta,16,0.5,1.0,1.0,Dha
Teentaal,1,Basic,2,20,,TiL,16,0.5,1.0,0.5,
Teentaal,1,Basic,3,1,Ge,Ta,1,1.0,1.0,1.0,Dha
Teentaal,1,Basic,3,2,Ge-B,Tin,2,1.0,1.0,1.0,Dhin
Teentaal,1,Basic,3,3,Ge,Tin,3,1.0,1.0,0.5,Dhin
Teentaal,1,Basic,3,4,Ge-B,Ta,4,0.5,1.0,0.75,Dha
Teentaal,1,Basic,3,5,,TiL,4,0.5,1.0,0.5,
Teentaal,1,Basic,3,6,Ge,Ta,5,1.0,1.0,1.0,Dha
Teentaal,1,Basic,3,7,Ge-B,Tin,6,1.0,1.0,1.0,Dhin
Teentaal,1,Basic,3,8,Ge,Tin,7,1.0,1.0,0.5,Dhin
Teentaal,1,Basic,3,9,Ge-B,Ta,8,0.5,1.0,0.75,Dha
Teentaal,1,Basic,3,10,,TiL,8,0.5,1.0,0.5,
Teentaal,1,Basic,3,11,Ge,Ta,9,1.0,1.0,1.0,Dha
Teentaal,1,Basic,3,12,Ka,Tin,10,1.0,1.0,1.0,Tin
Teentaal,1,Basic,3,13,Ka,Tin,11,1.0,1.0,0.5,Tin
Teentaal,1,Basic,3,14,,Ta,12,0.5,1.0,0.75,Ta
Teentaal,1,Basic,3,15,,TiL,12,0.5,1.0,0.5,
Teentaal,1,Basic,3,16,,Ta,13,1.0,1.0,1.0,Ta
Teentaal,1,Basic,3,17,Ge-B,Tin,14,1.0,1.0,1.0,Dhin
Teentaal,1,Basic,3,18,Ge,Tin,15,1.0,1.0,0.5,Dhin
Teentaal,1,Basic,3,19,Ge-B,Ta,16,0.5,1.0,1.0,Dha
Teentaal,1,Basic,3,20,,TiL,16,0.5,1.0,0.5,
Teentaal,1,Basic,4,1,Ge,Ta,1,1.0,1.0,1.0,Dha
Teentaal,1,Basic,4,2,Ge-B,Tin,2,1.0,1.0,0.5,Dhin
Teentaal,1,Basic,4,3,Ge,Tin,3,1.0,1.0,0.5,Dhin
Teentaal,1,Basic,4,4,Ge-B,Ta,4,1.0,1.0,0.66,Dha
Teentaal,1,Basic,4,5,Ge,Ta,5,1.0,1.0,1.0,Dha
Teentaal,1,Basic,4,6,Ge-B,Tin,6,1.0,1.0,0.5,Dhin
Teentaal,1,Basic,4,7,Ge,Tin,7,1.0,1.0,0.5,Dhin
Teentaal,1,Basic,4,8,Ge-B,Ta,8,1.0,1.0,0.66,Dha
Teentaal,1,Basic,4,9,Ge,Ta,9,1.0,1.0,1.0,Dha
Teentaal,1,Basic,4,10,Ka,Tin,10,1.0,1.0,0.75,Tin
Teentaal,1,Basic,4,11,Ka,Tin,11,1.0,1.0,0.5,Tin
Teentaal,1,Basic,4,12,,Ta,12,1.0,1.0,0.66,Ta
Teentaal,1,Basic,4,13,,Ta,13,1.0,1.0,1.0,Ta
Teentaal,1,Basic,4,14,Ge-B,Tin,14,1.0,1.0,0.5,Dhin
Teentaal,1,Basic,4,15,Ge,Tin,15,1.0,1.0,0.5,Dhin
Teentaal,1,Basic,4,16,Ge-B,Ta,16,1.0,1.0,0.75,Dha
Teentaal,2,Pro Default,0,1,Ge-Sam,Ta,1,0.5,1.25,1.25,Dha
Teentaal,2,Pro Default,0,2,,TiL,1,0.25,1.0,1.0,
Teentaal,2,Pro Default,0,3,,TiTaL,1,0.25,1.0,1.0,
Teentaal,2,Pro Default,0,4,Ge-S,TinMed,2,0.75,1.0,1.0,Dhin
Teentaal,2,Pro Default,0,5,,TiTaL,2,0.25,1.0,1.0,
Teentaal,2,Pro Default,0,6,Ge-B,TinMed,3,0.375,1.0,1.0,Dhin
Teentaal,2,Pro Default,0,7,,KDa,3,0.125,1.0,0.75,
Teentaal,2,Pro Default,0,8,Ge,TinMed,3,0.25,1.0,1.0,
Teentaal,2,Pro Default,0,9,Ge-LT6,Tin,3,0.25,0.75,1.0,
Teentaal,2,Pro Default,0,10,Ge,Ta,4,0.5,1.0,1.0,Dha
Teentaal,2,Pro Default,0,11,,TiTaL,4,0.5,1.0,1.0,
Teentaal,2,Pro Default,0,12,Ge,Ta,5,0.5,1.0,1.0,Dha
Teentaal,2,Pro Default,0,13,,TiL,5,0.25,1.0,1.0,
Teentaal,2,Pro Default,0,14,,TiTaL,5,0.25,1.0,1.0,
Teentaal,2,Pro Default,0,15,Ge-S,TinMed,6,0.75,1.0,1.0,Dhin
Teentaal,2,Pro Default,0,16,,TiTaL,6,0.25,1.0,1.0,
Teentaal,2,Pro Default,0,17,Ge-B,TinMed,7,0.375,1.0,1.0,Dhin
Teentaal,2,Pro Default,0,18,,KDa,7,0.125,1.0,0.75,
Teentaal,2,Pro Default,0,19,Ge,TinMed,7,0.25,1.0,1.0,
Teentaal,2,Pro Default,0,20,Ge-LT6,Tin,7,0.25,0.75,1.0,
Teentaal,2,Pro Default,0,21,Ge,Ta,8,0.5,1.0,1.0,Dha
Teentaal,2,Pro Default,0,22,,TiTaL,8,0.5,1.0,1.0,
Teentaal,2,Pro Default,0,23,Ge,Ta,9,0.375,1.0,1.0,Dha
Teentaal,2,Pro Default,0,24,,KDa,9,0.125,1.0,0.75,
Teentaal,2,Pro Default,0,25,Ge-B,Ta,9,0.25,1.0,1.0,
Teentaal,2,Pro Default,0,26,Ge,Ta,9,0.125,1.0,1.0,
Teentaal,2,Pro Default,0,27,Ge-B,,9,0.125,0.5,1.0,
Teentaal,2,Pro Default,0,28,Ka,TinFull,10,0.5,1.0,1.0,Tin
Teentaal,2,Pro Default,0,29,,TiL,10,0.25,1.0,1.0,
Teentaal,2,Pro Default,0,30,,TiTaL,10,0.25,1.0,1.0,
Teentaal,2,Pro Default,0,31,Ka,TinFull,11,0.375,1.0,1.0,Tin
Teentaal,2,Pro Default,0,32,,KDa,11,0.125,1.0,0.75,
Teentaal,2,Pro Default,0,33,Ka,TinFull,11,0.25,1.0,1.0,
Teentaal,2,Pro Default,0,34,Ka,Tin,11,0.25,1.0,1.0,
Teentaal,2,Pro Default,0,35,,Ta,12,0.5,1.0,1.0,Ta
Teentaal,2,Pro Default,0,36,,TiTaL,12,0.5,1.0,1.0,
Teentaal,2,Pro Default,0,37,,Ta,13,0.5,1.0,1.25,Ta-TiRaKiTa
Teentaal,2,Pro Default,0,38,,Ti,13,0.125,1.0,1.0,
Teentaal,2,Pro Default,0,39,,Ra,13,0.125,1.0,1.0,
Teentaal,2,Pro Default,0,40,Ki,,13,0.125,1.0,1.0,
Teentaal,2,Pro Default,0,41,,TTa,13,0.125,1.0,1.0,
Teentaal,2,Pro Default,0,42,Ge-S,TinMed,14,0.75,1.0,1.0,Dhin
Teentaal,2,Pro Default,0,43,,TiTaL,14,0.25,1.0,1.0,
Teentaal,2,Pro Default,0,44,Ge-B,TinMed,15,0.375,1.0,1.0,Dhin
Teentaal,2,Pro Default,0,45,,KDa,15,0.125,1.0,0.75,
Teentaal,2,Pro Default,0,46,Ge,TinMed,15,0.25,1.0,1.0,
Teentaal,2,Pro Default,0,47,Ge-LT6,Tin,15,0.25,0.75,1.0,
Teentaal,2,Pro Default,0,48,Ge,Ta,16,0.5,1.25,1.25,Dha
Teentaal,2,Pro Default,0,49,Ge-B,Ta,16,0.25,1.0,1.0,
Teentaal,2,Pro Default,0,50,Ge,Ta,16,0.125,1.0,1.0,
Teentaal,2,Pro Default,0,51,,Tat,16,0.125,1.0,1.0,
Teentaal,2,Pro Default,1,1,Ge-Sam,Ta,1,0.75,1.25,1.25,Dha
Teentaal,2,Pro Default,1,2,,TiL,1,0.25,1.0,1.0,
Teentaal,2,Pro Default,1,3,Ge-S,TinMed,2,0.5,1.0,1.0,Dhin
Teentaal,2,Pro Default,1,4,,TiTaL,2,0.5,1.0,0.5,
Teentaal,2,Pro Default,1,5,Ge-B,TinMed,3,0.375,1.0,1.0,Dhin
Teentaal,2,Pro Default,1,6,,KDa,3,0.125,1.0,0.75,
Teentaal,2,Pro Default,1,7,Ge,Tin,3,0.25,1.0,1.0,
Teentaal,2,Pro Default,1,8,Ge-LT6,Tin,3,0.25,0.75,1.0,
Teentaal,2,Pro Default,1,9,Ge,Ta,4,0.5,1.0,1.0,Dha
Teentaal,2,Pro Default,1,10,,TiTaL,4,0.5,1.0,1.0,
Teentaal,2,Pro Default,1,11,Ge,Ta,5,0.75,1.0,1.0,Dha
Teentaal,2,Pro Default,1,12,,TiL,5,0.25,1.0,1.0,
Teentaal,2,Pro Default,1,13,Ge-S,TinMed,6,0.5,1.0,1.0,Dhin
Teentaal,2,Pro Default,1,14,,TiTaL,6,0.5,1.0,0.5,
Teentaal,2,Pro Default,1,15,Ge-B,TinMed,7,0.375,1.0,1.0,Dhin
Teentaal,2,Pro Default,1,16,,KDa,7,0.125,1.0,0.75,
Teentaal,2,Pro Default,1,17,Ge,Tin,7,0.25,1.0,1.0,
Teentaal,2,Pro Default,1,18,Ge-LT6,Tin,7,0.25,0.75,1.0,
Teentaal,2,Pro Default,1,19,Ge,Ta,8,0.5,1.0,1.0,Dha
Teentaal,2,Pro Default,1,20,,TiTaL,8,0.5,1.0,1.0,
Teentaal,2,Pro Default,1,21,Ge,Ta,9,0.375,1.0,1.0,Dha
Teentaal,2,Pro Default,1,22,,KDa,9,0.125,1.0,0.75,
Teentaal,2,Pro Default,1,23,Ge,Ta,9,0.25,1.0,1.0,
Teentaal,2,Pro Default,1,24,Ge-B,Ta,9,0.25,1.0,1.0,
Teentaal,2,Pro Default,1,25,Ka,TinFull,10,0.5,1.0,1.0,Tin
Teentaal,2,Pro Default,1,26,,TiTaL,10,0.5,1.0,0.5,
Teentaal,2,Pro Default,1,27,Ka,TinFull,11,0.375,1.0,1.0,Tin
Teentaal,2,Pro Default,1,28,,KDa,11,0.125,1.0,0.75,
Teentaal,2,Pro Default,1,29,Ka,Tin,11,0.25,1.0,1.0,
Teentaal,2,Pro Default,1,30,Ka,Tin,11,0.25,1.0,1.0,
Teentaal,2,Pro Default,1,31,,Ta,12,0.25,1.0,0.75,Ta
Teentaal,2,Pro Default,1,32,Ka,,12,0.25,0.5,1.0,
Teentaal,2,Pro Default,1,33,,TiTaL,12,0.5,1.0,1.0,
Teentaal,2,Pro Default,1,34,,Ta,13,0.5,1.0,1.25,Ta
Teentaal,2,Pro Default,1,35,,Ti,13,0.125,1.0,0.75,TiRaKiTa
Teentaal,2,Pro Default,1,36,,Ra,13,0.125,1.0,0.5,
Teentaal,2,Pro Default,1,37,Ki,,13,0.125,0.75,1.0,
Teentaal,2,Pro Default,1,38,,TTa,13,0.125,1.0,0.5,
Teentaal,2,Pro Default,1,39,Ge-S,TinMed,14,0.5,1.0,1.0,Dhin
Teentaal,2,Pro Default,1,40,,TiTaL,14,0.5,1.0,0.5,
Teentaal,2,Pro Default,1,41,Ge-B,TinMed,15,0.375,1.0,1.0,Dhin
Teentaal,2,Pro Default,1,42,,KDa,15,0.125,1.0,0.75,
Teentaal,2,Pro Default,1,43,Ge,Tin,15,0.25,1.0,1.0,
Teentaal,2,Pro Default,1,44,Ge-LT6,Tin,15,0.25,0.75,1.0,
Teentaal,2,Pro Default,1,45,Ge,Ta,16,0.5,1.25,1.25,Dha
Teentaal,2,Pro Default,1,46,Ge,Ta,16,0.25,1.0,1.0,
Teentaal,2,Pro Default,1,47,,Tat,16,0.25,1.0,1.0,
Teentaal,2,Pro Default,55,1,Ge-Sam,Ta,1,0.75,1.25,1.25,Dha
Teentaal,2,Pro Default,55,2,,TiL,1,0.25,1.0,1.0,
Teentaal,2,Pro Default,55,3,Ge-S,TinMed,2,0.5,1.0,1.0,Dhin
Teentaal,2,Pro Default,55,4,,TiL,2,0.5,1.0,1.0,
Teentaal,2,Pro Default,55,5,Ge-B,TinMed,3,0.5,1.0,1.0,Dhin
Teentaal,2,Pro Default,55,6,Ge-LT6,Tin,3,0.5,0.75,1.0,
Teentaal,2,Pro Default,55,7,Ge,Ta,4,0.5,1.0,1.0,Dha
Teentaal,2,Pro Default,55,8,,TiTaL,4,0.5,1.0,1.0,
Teentaal,2,Pro Default,55,9,Ge,Ta,5,0.75,1.0,1.0,Dha
Teentaal,2,Pro Default,55,10,,TiL,5,0.25,1.0,1.0,
Teentaal,2,Pro Default,55,11,Ge-S,TinMed,6,0.5,1.0,1.0,Dhin
Teentaal,2,Pro Default,55,12,,TiL,6,0.5,1.0,1.0,
Teentaal,2,Pro Default,55,13,Ge-B,TinMed,7,0.5,1.0,1.0,Dhin
Teentaal,2,Pro Default,55,14,Ge-LT6,Tin,7,0.5,0.75,1.0,
Teentaal,2,Pro Default,55,15,Ge,Ta,8,0.5,1.0,1.0,Dha
Teentaal,2,Pro Default,55,16,,TiTaL,8,0.5,1.0,1.0,
Teentaal,2,Pro Default,55,17,Ge,Ta,9,0.375,1.0,1.0,Dha
Teentaal,2,Pro Default,55,18,,KDa,9,0.125,1.0,0.75,
Teentaal,2,Pro Default,55,19,Ge-LT6,Ta,9,0.5,1.0,1.0,
Teentaal,2,Pro Default,55,20,Ka,TinFull,10,0.5,1.0,1.0,Tin
Teentaal,2,Pro Default,55,21,,TiL,10,0.5,1.0,1.0,
Teentaal,2,Pro Default,55,22,Ka,TinFull,11,0.5,1.0,1.0,Tin
Teentaal,2,Pro Default,55,23,Ka,Tin,11,0.5,1.0,1.0,
Teentaal,2,Pro Default,55,24,,Ta,12,0.25,1.0,0.75,Ta-TiTa
Teentaal,2,Pro Default,55,25,Ka,,12,0.25,0.5,1.0,
Teentaal,2,Pro Default,55,26,,TiTaL,12,0.5,1.0,1.0,
Teentaal,2,Pro Default,55,27,,Ta,13,0.5,1.0,1.25,Ta
Teentaal,2,Pro Default,55,28,,TiTaL,13,0.5,1.0,1.0,
Teentaal,2,Pro Default,55,29,Ge-S,TinMed,14,0.5,1.0,1.0,Dhin
Teentaal,2,Pro Default,55,30,,TiL,14,0.5,1.0,1.0,
Teentaal,2,Pro Default,55,31,Ge-B,TinMed,15,0.5,1.0,1.0,Dhin
Teentaal,2,Pro Default,55,32,Ge-LT6,Tin,15,0.5,0.75,1.0,
Teentaal,2,Pro Default,55,33,Ge,Ta,16,0.5,1.25,1.25,Dha
Teentaal,2,Pro Default,55,34,Ge,Ta,16,0.25,1.0,1.0,
Teentaal,2,Pro Default,55,35,,Tat,16,0.25,1.0,1.0,
Teentaal,2,Pro Default,2,1,Ge-Sam,Ta,1,1.0,1.25,1.25,Dha
Teentaal,2,Pro Default,2,2,Ge-LT6,Tin,2,0.5,1.0,1.0,Dhin
Teentaal,2,Pro Default,2,3,,TiL,2,0.5,1.0,0.5,
Teentaal,2,Pro Default,2,4,Ge,Tin,3,1.0,1.0,1.0,Dhin
Teentaal,2,Pro Default,2,5,Ge-B,Ta,4,0.5,1.0,0.75,Dha
Teentaal,2,Pro Default,2,6,,TiL,4,0.5,1.0,0.5,
Teentaal,2,Pro Default,2,7,Ge,Ta,5,1.0,1.0,1.0,Dha
Teentaal,2,Pro Default,2,8,Ge-LT6,Tin,6,0.5,1.0,1.0,Dhin
Teentaal,2,Pro Default,2,9,,TiL,6,0.5,1.0,0.5,
Teentaal,2,Pro Default,2,10,Ge,Tin,7,1.0,1.0,1.0,Dhin
Teentaal,2,Pro Default,2,11,Ge-B,Ta,8,0.5,1.0,0.75,Dha
Teentaal,2,Pro Default,2,12,,TiL,8,0.5,1.0,0.5,
Teentaal,2,Pro Default,2,13,Ge,Ta,9,1.0,1.0,1.0,Dha
Teentaal,2,Pro Default,2,14,Ka,TinMed,10,0.5,1.0,1.0,Tin
Teentaal,2,Pro Default,2,15,,TiL,10,0.5,1.0,0.25,
Teentaal,2,Pro Default,2,16,Ka,Tin,11,1.0,1.0,1.0,Tin
Teentaal,2,Pro Default,2,17,,Ta,12,1.0,1.0,0.75,Ta
Teentaal,2,Pro Default,2,18,,Ti,13,0.5,1.0,1.0,TiTa
Teentaal,2,Pro Default,2,19,,TTaL,13,0.5,0.5,1.0,
Teentaal,2,Pro Default,2,20,Ge-LT6,Tin,14,1.0,1.0,1.0,Dhin
Teentaal,2,Pro Default,2,21,Ge,Tin,15,1.0,1.0,1.0,Dhin
Teentaal,2,Pro Default,2,22,Ge-B,Ta,16,0.5,1.0,1.0,Dha
Teentaal,2,Pro Default,2,23,,TiL,16,0.5,1.0,0.5,
Teentaal,2,Pro Default,3,1,Ge,Ta,1,1.0,1.0,1.0,Dha
Teentaal,2,Pro Default,3,2,Ge-B,Tin,2,1.0,0.5,0.5,Dhin
Teentaal,2,Pro Default,3,3,Ge,Tin,3,1.0,1.0,0.5,Dhin
Teentaal,2,Pro Default,3,4,Ge-B,Ta,4,0.5,1.0,0.75,Dha
Teentaal,2,Pro Default,3,5,,TiL,4,0.5,1.0,0.5,
Teentaal,2,Pro Default,3,6,Ge,Ta,5,1.0,1.0,1.0,Dha
Teentaal,2,Pro Default,3,7,Ge-B,Tin,6,1.0,0.5,0.5,Dhin
Teentaal,2,Pro Default,3,8,Ge,Tin,7,1.0,1.0,0.5,Dhin
Teentaal,2,Pro Default,3,9,Ge-B,Ta,8,0.5,1.0,0.75,Dha
Teentaal,2,Pro Default,3,10,,TiL,8,0.5,1.0,0.5,
Teentaal,2,Pro Default,3,11,Ge,Ta,9,1.0,1.0,1.0,Dha
Teentaal,2,Pro Default,3,12,Ka,Tin,10,1.0,1.0,1.0,Tin
Teentaal,2,Pro Default,3,13,Ka,Tin,11,1.0,1.0,0.5,Tin
Teentaal,2,Pro Default,3,14,,Ta,12,1.0,1.0,0.75,Ta
Teentaal,2,Pro Default,3,15,,Ti,13,0.5,1.0,1.0,TiTa
Teentaal,2,Pro Default,3,16,,TTaL,13,0.5,1.0,0.5,
Teentaal,2,Pro Default,3,17,Ge-B,Tin,14,1.0,0.5,1.0,Dhin
Teentaal,2,Pro Default,3,18,Ge,Tin,15,1.0,1.0,0.5,Dhin
Teentaal,2,Pro Default,3,19,Ge-B,Ta,16,0.5,1.0,1.0,Dha
Teentaal,2,Pro Default,3,20,,TiL,16,0.5,1.0,0.5,
Teentaal,2,Pro Default,4,1,Ge,Ta,1,1.0,1.0,1.0,Dha
Teentaal,2,Pro Default,4,2,Ge-B,Tin,2,1.0,0.5,0.5,Dhin
Teentaal,2,Pro Default,4,3,Ge,Tin,3,1.0,1.0,0.5,Dhin
Teentaal,2,Pro Default,4,4,Ge-B,Ta,4,1.0,1.0,0.66,Dha
Teentaal,2,Pro Default,4,5,Ge,Ta,5,1.0,1.0,1.0,Dha
Teentaal,2,Pro Default,4,6,Ge-B,Tin,6,1.0,0.5,0.5,Dhin
Teentaal,2,Pro Default,4,7,Ge,Tin,7,1.0,1.0,0.5,Dhin
Teentaal,2,Pro Default,4,8,Ge-B,Ta,8,1.0,1.0,0.66,Dha
Teentaal,2,Pro Default,4,9,Ge,Ta,9,1.0,1.0,1.0,Dha
Teentaal,2,Pro Default,4,10,Ka,Tin,10,1.0,1.0,0.75,Tin
Teentaal,2,Pro Default,4,11,Ka,Tin,11,1.0,1.0,0.5,Tin
Teentaal,2,Pro Default,4,12,,Ta,12,1.0,1.0,0.66,Ta
Teentaal,2,Pro Default,4,13,,Ta,13,1.0,1.0,1.0,Ta
Teentaal,2,Pro Default,4,14,Ge-B,Tin,14,1.0,1.0,0.5,Dhin
Teentaal,2,Pro Default,4,15,Ge,Tin,15,1.0,1.0,0.5,Dhin
Teentaal,2,Pro Default,4,16,Ge-B,Ta,16,1.0,1.0,0.75,Dha
Teentaal,3,Variation #1,"0,1",1,Ge-Sam,Ta,1,0.75,1.25,1.25,Dha
Teentaal,3,Variation #1,"0,1",2,,TiL,1,0.25,1.0,1.0,
Teentaal,3,Variation #1,"0,1",3,Ge-S,TinMed,2,0.75,1.0,1.0,Dhin
Teentaal,3,Variation #1,"0,1",4,,TiL,2,0.25,1.0,1.0,
Teentaal,3,Variation #1,"0,1",5,Ge-B,TinMed,3,0.375,1.0,1.0,DhinDhin
Teentaal,3,Variation #1,"0,1",6,,KDa,3,0.125,1.0,0.75,
Teentaal,3,Variation #1,"0,1",7,Ge,TinMed,3,0.25,1.0,1.0,
Teentaal,3,Variation #1,"0,1",8,Ge-LT6,Tin,3,0.25,0.75,1.0,
Teentaal,3,Variation #1,"0,1",9,Ge,Ta,4,0.25,1.0,1.0,DhaDhaTiTa
Teentaal,3,Variation #1,"0,1",10,Ge-B,Ta,4,0.25,1.0,1.0,
Teentaal,3,Variation #1,"0,1",11,,Ti,4,0.25,1.0,1.0,
Teentaal,3,Variation #1,"0,1",12,,TTa,4,0.25,1.0,1.0,
Teentaal,3,Variation #1,"0,1",13,Ge,Ta,5,0.75,1.0,1.0,Dha
Teentaal,3,Variation #1,"0,1",14,,TiL,5,0.25,1.0,1.0,
Teentaal,3,Variation #1,"0,1",15,Ge-S,TinMed,6,0.75,1.0,1.0,Dhin
Teentaal,3,Variation #1,"0,1",16,,TiL,6,0.25,1.0,1.0,
Teentaal,3,Variation #1,"0,1",17,Ge-B,TinMed,7,0.375,1.0,1.0,DhinDhin
Teentaal,3,Variation #1,"0,1",18,,KDa,7,0.125,1.0,0.75,
Teentaal,3,Variation #1,"0,1",19,Ge,TinMed,7,0.25,1.0,1.0,
Teentaal,3,Variation #1,"0,1",20,Ge-LT6,Tin,7,0.25,0.75,1.0,
Teentaal,3,Variation #1,"0,1",21,Ge,Ta,8,0.25,1.0,1.0,DhaDhaTiTa
Teentaal,3,Variation #1,"0,1",22,Ge-B,Ta,8,0.25,1.0,1.0,
Teentaal,3,Variation #1,"0,1",23,,Ti,8,0.25,1.0,1.0,
Teentaal,3,Variation #1,"0,1",24,,TTa,8,0.25,1.0,1.0,
Teentaal,3,Variation #1,"0,1",25,Ge,Ta,9,0.5,1.0,1.0,DhaDha
Teentaal,3,Variation #1,"0,1",27,Ge-B,Ta,9,0.5,1.0,1.0,
Teentaal,3,Variation #1,"0,1",28,Ka,TinFull,10,0.75,1.0,1.0,Tin
Teentaal,3,Variation #1,"0,1",29,,TiL,10,0.25,1.0,1.0,
Teentaal,3,Variation #1,"0,1",30,Ka,TinFull,11,0.375,1.0,1.0,TinTin
Teentaal,3,Variation #1,"0,1",31,,KDa,11,0.125,1.0,0.75,
Teentaal,3,Variation #1,"0,1",32,Ka,TinFull,11,0.25,1.0,1.0,
Teentaal,3,Variation #1,"0,1",33,Ka,Tin,11,0.25,1.0,1.0,
Teentaal,3,Variation #1,"0,1",34,,Ta,12,0.5,1.0,1.0,Ta-TiTa
Teentaal,3,Variation #1,"0,1",35,,Ti,12,0.25,1.0,1.0,
Teentaal,3,Variation #1,"0,1",36,,TTa,12,0.25,1.0,1.0,
Teentaal,3,Variation #1,"0,1",37,,Ta,13,0.5,1.0,1.0,Ta-TiRaKiTa
Teentaal,3,Variation #1,"0,1",38,,Ti,13,0.125,1.0,1.0,
Teentaal,3,Variation #1,"0,1",39,,Ra,13,0.125,1.0,1.0,
Teentaal,3,Variation #1,"0,1",40,Ki,,13,0.125,1.0,1.0,
Teentaal,3,Variation #1,"0,1",41,,TTa,13,0.125,1.0,1.0,
Teentaal,3,Variation #1,"0,1",42,Ge-S,TinMed,14,0.75,1.0,1.0,Dhin
Teentaal,3,Variation #1,"0,1",43,,TiL,14,0.25,1.0,1.0,
Teentaal,3,Variation #1,"0,1",44,Ge-B,TinMed,15,0.375,1.0,1.0,DhinDhin
Teentaal,3,Variation #1,"0,1",45,,KDa,15,0.125,1.0,0.75,
Teentaal,3,Variation #1,"0,1",46,Ge,TinMed,15,0.25,1.0,1.0,
Teentaal,3,Variation #1,"0,1",47,Ge-LT6,Tin,15,0.25,0.75,1.0,
Teentaal,3,Variation #1,"0,1",48,Ge,Ta,16,0.375,1.25,1.25,Dha
Teentaal,3,Variation #1,"0,1",49,,KDa,16,0.125,1.0,1.0,
Teentaal,3,Variation #1,"0,1",50,Ge-B,Ta,16,0.25,1.0,1.0,
Teentaal,3,Variation #1,"0,1",51,,Tat,16,0.25,1.0,1.0,
Teentaal,3,Variation #1,55,1,Ge-Sam,Ta,1,0.75,1.25,1.25,Dha
Teentaal,3,Variation #1,55,2,,TiL,1,0.25,1.0,1.0,
Teentaal,3,Variation #1,55,3,Ge-S,TinMed,2,0.75,1.0,1.0,Dhin
Teentaal,3,Variation #1,55,4,,TiL,2,0.25,1.0,1.0,
Teentaal,3,Variation #1,55,5,Ge-B,TinMed,3,0.5,1.0,1.0,DhinDhin
Teentaal,3,Variation #1,55,6,Ge-LT6,Tin,3,0.5,1.0,1.0,
Teentaal,3,Variation #1,55,7,Ge,Ta,4,0.25,1.0,1.0,DhaDhaTiTa
Teentaal,3,Variation #1,55,8,Ge-B,Ta,4,0.25,1.0,1.0,
Teentaal,3,Variation #1,55,9,,TiTaL,4,0.5,1.0,1.0,
Teentaal,3,Variation #1,55,10,Ge,Ta,5,0.75,1.0,1.0,Dha
Teentaal,3,Variation #1,55,11,,TiL,5,0.25,1.0,1.0,
Teentaal,3,Variation #1,55,12,Ge-S,TinMed,6,0.75,1.0,1.0,Dhin
Teentaal,3,Variation #1,55,13,,TiL,6,0.25,1.0,1.0,
Teentaal,3,Variation #1,55,14,Ge-B,TinMed,7,0.5,1.0,1.0,DhinDhin
Teentaal,3,Variation #1,55,15,Ge-LT6,Tin,7,0.5,1.0,1.0,
Teentaal,3,Variation #1,55,16,Ge,Ta,8,0.25,1.0,1.0,DhaDhaTiTa
Teentaal,3,Variation #1,55,17,Ge-B,Ta,8,0.25,1.0,1.0,
Teentaal,3,Variation #1,55,18,,TiTaL,8,0.5,1.0,1.0,
Teentaal,3,Variation #1,55,19,Ge,Ta,9,0.5,1.0,1.0,DhaDha
Teentaal,3,Variation #1,55,20,Ge-B,Ta,9,0.5,1.0,1.0,
Teentaal,3,Variation #1,55,21,Ka,TinFull,10,0.75,1.0,1.0,Tin
Teentaal,3,Variation #1,55,22,,TiL,10,0.25,1.0,1.0,
Teentaal,3,Variation #1,55,23,Ka,TinFull,11,0.5,1.0,1.0,TinTin
Teentaal,3,Variation #1,55,24,Ka,Tin,11,0.5,1.0,1.0,
Teentaal,3,Variation #1,55,25,,Ta,12,0.5,1.0,1.0,Ta-TiTa
Teentaal,3,Variation #1,55,26,,TiTaL,12,0.5,1.0,1.0,
Teentaal,3,Variation #1,55,27,,Ta,13,0.5,1.0,1.0,Ta-TiTa
Teentaal,3,Variation #1,55,28,,TiL,13,0.25,1.0,1.0,
Teentaal,3,Variation #1,55,29,,TTaL,13,0.25,1.0,1.0,
Teentaal,3,Variation #1,55,30,Ge-S,TinMed,14,0.75,1.0,1.0,Dhin
Teentaal,3,Variation #1,55,31,,TiL,14,0.25,1.0,1.0,
Teentaal,3,Variation #1,55,32,Ge-B,TinMed,15,0.5,1.0,1.0,DhinDhin
Teentaal,3,Variation #1,55,33,Ge-LT6,Tin,15,0.5,1.0,1.0,
Teentaal,3,Variation #1,55,34,Ge,Ta,16,0.5,1.25,1.25,Dha
Teentaal,3,Variation #1,55,35,Ge-B,Ta,16,0.25,1.0,1.0,
Teentaal,3,Variation #1,55,36,,Tat,16,0.25,1.0,1.0,
Teentaal,3,Variation #1,2,1,Ge-Sam,Ta,1,1.0,1.25,1.25,Dha
Teentaal,3,Variation #1,2,2,Ge-LT6,Tin,2,0.75,1.0,1.0,Dhin
Teentaal,3,Variation #1,2,3,,KDa,2,0.25,0.5,0.5,
Teentaal,3,Variation #1,2,4,Ge,Tin,3,0.5,1.0,1.0,DhinDhin
Teentaal,3,Variation #1,2,5,Ge-LT6,Tin,3,0.5,1.0,0.5,
Teentaal,3,Variation #1,2,6,Ge,Ta,4,0.5,1.0,0.75,Dha
Teentaal,3,Variation #1,2,7,,TiL,4,0.5,1.0,1.0,
Teentaal,3,Variation #1,2,8,Ge,Ta,5,1.0,1.0,1.0,Dha
Teentaal,3,Variation #1,2,9,Ge-LT6,Tin,6,0.75,1.0,1.0,Dhin
Teentaal,3,Variation #1,2,10,,KDa,6,0.25,0.5,0.5,
Teentaal,3,Variation #1,2,11,Ge,Tin,7,0.5,1.0,1.0,DhinDhin
Teentaal,3,Variation #1,2,12,Ge-LT6,Tin,7,0.5,1.0,0.5,
Teentaal,3,Variation #1,2,13,Ge,Ta,8,0.5,1.0,0.75,Dha
Teentaal,3,Variation #1,2,14,,TiL,8,0.5,1.0,1.0,
Teentaal,3,Variation #1,2,15,Ge,Ta,9,1.0,1.0,1.0,Dha
Teentaal,3,Variation #1,2,16,Ka,Tin,10,0.75,1.0,1.0,Tin
Teentaal,3,Variation #1,2,17,,KDa,10,0.25,0.5,0.5,
Teentaal,3,Variation #1,2,18,Ka,Tin,11,0.5,1.0,1.0,TinTin
Teentaal,3,Variation #1,2,19,Ka,Tin,11,0.5,0.5,0.5,
Teentaal,3,Variation #1,2,20,,Ta,12,0.5,1.0,0.75,Ta
Teentaal,3,Variation #1,2,21,,TiL,12,0.5,1.0,1.0,
Teentaal,3,Variation #1,2,22,,Ta,13,1.0,1.0,1.0,Ta
Teentaal,3,Variation #1,2,23,Ge-LT6,Tin,14,0.75,1.0,1.0,Dhin
Teentaal,3,Variation #1,2,24,,KDa,14,0.25,0.5,0.5,
Teentaal,3,Variation #1,2,25,Ge,Tin,15,0.5,1.0,1.0,DhinDhin
Teentaal,3,Variation #1,2,26,Ge-LT6,Tin,15,0.5,1.0,0.5,
Teentaal,3,Variation #1,2,27,Ge,Ta,16,0.5,1.0,1.0,Dha
Teentaal,3,Variation #1,2,28,,TiL,16,0.5,1.0,1.0,
Teentaal,3,Variation #1,3,1,Ge,Ta,1,1.0,1.0,1.0,Dha
Teentaal,3,Variation #1,3,2,Ge-B,Tin,2,0.5,0.5,0.5,Dhin
Teentaal,3,Variation #1,3,3,,TiL,2,0.5,1.0,0.75,
Teentaal,3,Variation #1,3,4,Ge,Tin,3,1.0,1.0,0.5,Dhin
Teentaal,3,Variation #1,3,5,Ge-B,Ta,4,0.5,1.0,0.75,Dha
Teentaal,3,Variation #1,3,6,,TiL,4,0.5,1.0,1.0,
Teentaal,3,Variation #1,3,7,Ge,Ta,5,1.0,1.0,1.0,Dha
Teentaal,3,Variation #1,3,8,Ge-B,Tin,6,0.5,0.5,0.5,Dhin
Teentaal,3,Variation #1,3,9,,TiL,6,0.5,1.0,0.75,
Teentaal,3,Variation #1,3,10,Ge,Tin,7,1.0,1.0,0.5,Dhin
Teentaal,3,Variation #1,3,11,Ge-B,Ta,8,0.5,1.0,0.75,Dha
Teentaal,3,Variation #1,3,12,,TiL,8,0.5,1.0,0.5,
Teentaal,3,Variation #1,3,13,Ge,Ta,9,1.0,1.0,1.0,Dha
Teentaal,3,Variation #1,3,14,Ka,Tin,10,1.0,1.0,1.0,Tin
Teentaal,3,Variation #1,3,15,Ka,Tin,11,1.0,1.0,0.5,Tin
Teentaal,3,Variation #1,3,16,,Ta,12,1.0,1.0,0.75,Ta
Teentaal,3,Variation #1,3,17,,Ti,13,0.5,1.0,0.5,TiTa
Teentaal,3,Variation #1,3,18,,TTaL,13,0.5,1.0,0.5,
Teentaal,3,Variation #1,3,19,Ge-B,Tin,14,1.0,0.5,1.0,Dhin
Teentaal,3,Variation #1,3,20,Ge,Tin,15,1.0,1.0,0.5,Dhin
Teentaal,3,Variation #1,3,21,Ge-B,Ta,16,0.5,1.0,1.0,Dha
Teentaal,3,Variation #1,3,22,,TiL,16,0.5,1.0,0.5,
Teentaal,3,Variation #1,4,1,Ge,Ta,1,1.0,1.0,1.0,Dha
Teentaal,3,Variation #1,4,2,Ge-B,Tin,2,1.0,0.5,0.5,Dhin
Teentaal,3,Variation #1,4,3,Ge,Tin,3,1.0,1.0,0.5,Dhin
Teentaal,3,Variation #1,4,4,Ge-B,Ta,4,1.0,1.0,0.66,Dha
Teentaal,3,Variation #1,4,5,Ge,Ta,5,1.0,1.0,1.0,Dha
Teentaal,3,Variation #1,4,6,Ge-B,Tin,6,1.0,0.5,0.5,Dhin
Teentaal,3,Variation #1,4,7,Ge,Tin,7,1.0,1.0,0.5,Dhin
Teentaal,3,Variation #1,4,8,Ge-B,Ta,8,1.0,1.0,0.66,Dha
Teentaal,3,Variation #1,4,9,Ge,Ta,9,1.0,1.0,1.0,Dha
Teentaal,3,Variation #1,4,10,Ka,Tin,10,1.0,1.0,0.5,Tin
Teentaal,3,Variation #1,4,11,Ka,Tin,11,1.0,1.0,0.5,Tin
Teentaal,3,Variation #1,4,12,,Ta,12,1.0,1.0,0.66,Ta
Teentaal,3,Variation #1,4,13,,Ta,13,1.0,1.0,1.0,Ta
Teentaal,3,Variation #1,4,14,Ge-B,Tin,14,1.0,0.5,0.5,Dhin
Teentaal,3,Variation #1,4,15,Ge,Tin,15,1.0,1.0,0.5,Dhin
Teentaal,3,Variation #1,4,16,Ge-B,Ta,16,1.0,1.0,0.75,Dha
Teentaal,4,Variation #2,"0,1",1,Ge-Sam,Ta,1,0.75,1.25,1.25,Dha
Teentaal,4,Variation #2,"0,1",2,,TiL,1,0.25,1.0,1.0,
Teentaal,4,Variation #2,"0,1",3,Ge-S,TinMed,2,0.75,1.0,1.0,Dhin
Teentaal,4,Variation #2,"0,1",4,,TiL,2,0.25,1.0,1.0,
Teentaal,4,Variation #2,"0,1",5,Ge-S,TinMed,3,0.75,1.0,1.0,Dhin
Teentaal,4,Variation #2,"0,1",6,,TiL,3,0.25,1.0,1.0,
Teentaal,4,Variation #2,"0,1",7,Ge,Ta,4,0.25,1.0,1.0,DhaGeTiTa
Teentaal,4,Variation #2,"0,1",8,Ge-B,,4,0.25,0.5,1.0,
Teentaal,4,Variation #2,"0,1",9,,Ti,4,0.25,1.0,1.0,
Teentaal,4,Variation #2,"0,1",10,,TTa,4,0.25,1.0,1.0,
Teentaal,4,Variation #2,"0,1",11,Ge,Ta,5,0.75,1.0,1.0,Dha
Teentaal,4,Variation #2,"0,1",12,,TiL,5,0.25,1.0,1.0,
Teentaal,4,Variation #2,"0,1",13,Ge-S,TinMed,6,0.75,1.0,1.0,Dhin
Teentaal,4,Variation #2,"0,1",14,,TiL,6,0.25,1.0,1.0,
Teentaal,4,Variation #2,"0,1",15,Ge-S,TinMed,7,0.75,1.0,1.0,Dhin
Teentaal,4,Variation #2,"0,1",16,,TiL,7,0.25,1.0,1.0,
Teentaal,4,Variation #2,"0,1",17,Ge,Ta,8,0.25,1.0,1.0,DhaGeTiTa
Teentaal,4,Variation #2,"0,1",18,Ge-B,,8,0.25,0.5,1.0,
Teentaal,4,Variation #2,"0,1",19,,Ti,8,0.25,1.0,1.0,
Teentaal,4,Variation #2,"0,1",20,,TTa,8,0.25,1.0,1.0,
Teentaal,4,Variation #2,"0,1",21,Ge,Ta,9,0.5,1.0,1.0,DhaDha
Teentaal,4,Variation #2,"0,1",22,Ge-LT6,Ta,9,0.5,1.0,1.0,
Teentaal,4,Variation #2,"0,1",23,Ka,TinFull,10,0.75,1.0,1.0,Tin
Teentaal,4,Variation #2,"0,1",24,,TiL,10,0.25,1.0,1.0,
Teentaal,4,Variation #2,"0,1",25,Ka,TinFull,11,0.75,1.0,1.0,Tin
Teentaal,4,Variation #2,"0,1",26,,TiL,11,0.25,1.0,1.0,
Teentaal,4,Variation #2,"0,1",27,,Ta,12,0.25,1.0,1.0,TaKaTiTa
Teentaal,4,Variation #2,"0,1",28,Ka,,12,0.25,0.5,1.0,
Teentaal,4,Variation #2,"0,1",29,,TiTaL,12,0.5,1.0,1.0,
Teentaal,4,Variation #2,"0,1",30,,Ta,13,0.5,1.0,1.0,Ta-TiRaKiTa
Teentaal,4,Variation #2,"0,1",31,,Ti,13,0.125,1.0,1.0,
Teentaal,4,Variation #2,"0,1",32,,Ra,13,0.125,1.0,1.0,
Teentaal,4,Variation #2,"0,1",33,Ki,,13,0.125,1.0,1.0,
Teentaal,4,Variation #2,"0,1",34,,TTa,13,0.125,1.0,1.0,
Teentaal,4,Variation #2,"0,1",35,Ge-S,TinMed,14,0.75,1.0,1.0,Dhin
Teentaal,4,Variation #2,"0,1",36,,TiL,14,0.25,1.0,1.0,
Teentaal,4,Variation #2,"0,1",37,Ge-S,TinMed,15,0.75,1.0,1.0,Dhin
Teentaal,4,Variation #2,"0,1",38,,TiL,15,0.25,1.0,1.0,
Teentaal,4,Variation #2,"0,1",39,Ge,Ta,16,0.375,1.25,1.25,Dha
Teentaal,4,Variation #2,"0,1",40,,KDa,16,0.125,1.0,1.0,
Teentaal,4,Variation #2,"0,1",41,Ge-B,Ta,16,0.25,1.0,1.0,
Teentaal,4,Variation #2,"0,1",42,,Tat,16,0.25,1.0,1.0,
Teentaal,4,Variation #2,55,1,Ge-Sam,Ta,1,0.75,1.25,1.25,Dha
Teentaal,4,Variation #2,55,2,,TiL,1,0.25,1.0,1.0,
Teentaal,4,Variation #2,55,3,Ge-S,TinMed,2,0.75,1.0,1.0,Dhin
Teentaal,4,Variation #2,55,4,,TiL,2,0.25,1.0,1.0,
Teentaal,4,Variation #2,55,5,Ge-S,TinMed,3,0.75,1.0,1.0,Dhin
Teentaal,4,Variation #2,55,6,,TiL,3,0.25,1.0,1.0,
Teentaal,4,Variation #2,55,7,Ge,Ta,4,0.25,1.0,1.0,DhaGeTiTa
Teentaal,4,Variation #2,55,8,Ge-B,,4,0.25,0.5,1.0,
Teentaal,4,Variation #2,55,9,,TiTaL,4,0.5,1.0,1.0,
Teentaal,4,Variation #2,55,10,Ge,Ta,5,0.75,1.0,1.0,Dha
Teentaal,4,Variation #2,55,11,,TiL,5,0.25,1.0,1.0,
Teentaal,4,Variation #2,55,12,Ge-S,TinMed,6,0.75,1.0,1.0,Dhin
Teentaal,4,Variation #2,55,13,,TiL,6,0.25,1.0,1.0,
Teentaal,4,Variation #2,55,14,Ge-S,TinMed,7,0.75,1.0,1.0,Dhin
Teentaal,4,Variation #2,55,15,,TiL,7,0.25,1.0,1.0,
Teentaal,4,Variation #2,55,16,Ge,Ta,8,0.25,1.0,1.0,DhaGeTiTa
Teentaal,4,Variation #2,55,17,Ge-B,,8,0.25,0.5,1.0,
Teentaal,4,Variation #2,55,18,,TiTaL,8,0.5,1.0,1.0,
Teentaal,4,Variation #2,55,19,Ge,Ta,9,0.5,1.0,1.0,DhaDha
Teentaal,4,Variation #2,55,20,Ge-LT6,Ta,9,0.5,1.0,1.0,
Teentaal,4,Variation #2,55,21,Ka,TinFull,10,0.75,1.0,1.0,Tin
Teentaal,4,Variation #2,55,22,,TiL,10,0.25,1.0,1.0,
Teentaal,4,Variation #2,55,23,Ka,TinFull,11,0.75,1.0,1.0,Tin
Teentaal,4,Variation #2,55,24,,TiL,11,0.25,1.0,1.0,
Teentaal,4,Variation #2,55,25,,Ta,12,0.25,1.0,1.0,TaKaTiTa
Teentaal,4,Variation #2,55,26,Ka,,12,0.25,0.5,1.0,
Teentaal,4,Variation #2,55,27,,TiTaL,12,0.5,1.0,1.0,
Teentaal,4,Variation #2,55,28,,Ta,13,0.5,1.0,1.0,Ta-TiTa
Teentaal,4,Variation #2,55,29,,TiL,13,0.25,1.0,1.0,
Teentaal,4,Variation #2,55,30,,TTaL,13,0.25,1.0,1.0,
Teentaal,4,Variation #2,55,31,Ge-S,TinMed,14,0.75,1.0,1.0,Dhin
Teentaal,4,Variation #2,55,32,,TiL,14,0.25,1.0,1.0,
Teentaal,4,Variation #2,55,33,Ge-S,TinMed,15,0.75,1.0,1.0,Dhin
Teentaal,4,Variation #2,55,34,,TiL,15,0.25,1.0,1.0,
Teentaal,4,Variation #2,55,35,Ge,Ta,16,0.5,1.25,1.25,Dha
Teentaal,4,Variation #2,55,36,Ge-B,Ta,16,0.25,1.0,1.0,
Teentaal,4,Variation #2,55,37,,Tat,16,0.25,1.0,1.0,
Teentaal,4,Variation #2,2,1,Ge-Sam,Ta,1,0.5,1.25,1.25,DhaGe
Teentaal,4,Variation #2,2,2,Ge-B,,1,0.5,0.5,1.0,
Teentaal,4,Variation #2,2,3,Ge-LT6,Tin,2,0.5,1.0,1.0,Dhin
Teentaal,4,Variation #2,2,4,,TiL,2,0.5,1.0,1.0,
Teentaal,4,Variation #2,2,5,Ge,Tin,3,1.0,1.0,1.0,Dhin
Teentaal,4,Variation #2,2,6,Ge,Ta,4,0.5,1.0,0.75,Dha
Teentaal,4,Variation #2,2,7,,TiL,4,0.5,1.0,1.0,
Teentaal,4,Variation #2,2,8,Ge,Ta,5,0.5,1.0,1.0,DhaGe
Teentaal,4,Variation #2,2,9,Ge-B,,5,0.5,0.5,1.0,
Teentaal,4,Variation #2,2,10,Ge-LT6,Tin,6,0.5,1.0,1.0,Dhin
Teentaal,4,Variation #2,2,11,,TiL,6,0.5,1.0,1.0,
Teentaal,4,Variation #2,2,12,Ge,Tin,7,1.0,1.0,1.0,Dhin
Teentaal,4,Variation #2,2,13,Ge,Ta,8,0.5,1.0,0.75,Dha
Teentaal,4,Variation #2,2,14,,TiL,8,0.5,1.0,1.0,
Teentaal,4,Variation #2,2,15,Ge,Ta,9,0.5,1.0,1.0,DhaGe
Teentaal,4,Variation #2,2,16,Ge-B,,9,0.5,0.5,1.0,
Teentaal,4,Variation #2,2,17,Ka,TinMed,10,0.5,1.0,1.0,Tin
Teentaal,4,Variation #2,2,18,,TiL,10,0.5,1.0,1.0,
Teentaal,4,Variation #2,2,19,Ka,Tin,11,1.0,1.0,1.0,Tin
Teentaal,4,Variation #2,2,20,,Ta,12,0.5,1.0,0.75,Ta
Teentaal,4,Variation #2,2,21,,TiL,12,0.5,1.0,1.0,
Teentaal,4,Variation #2,2,22,,Ta,13,0.5,1.0,1.0,TaKa
Teentaal,4,Variation #2,2,23,Ka,,13,0.5,0.5,1.0,
Teentaal,4,Variation #2,2,24,Ge-LT6,TinMed,14,0.5,1.0,1.0,Dhin
Teentaal,4,Variation #2,2,25,,TiL,14,0.5,1.0,1.0,
Teentaal,4,Variation #2,2,26,Ge,Tin,15,1.0,1.0,1.0,Dhin
Teentaal,4,Variation #2,2,27,Ge,Ta,16,0.5,1.0,1.0,Dha
Teentaal,4,Variation #2,2,28,,TiL,16,0.5,1.0,1.0,
Teentaal,4,Variation #2,3,1,Ge,Ta,1,0.5,1.0,1.0,DhaGe
Teentaal,4,Variation #2,3,2,Ge-B,,1,0.5,0.5,1.0,
Teentaal,4,Variation #2,3,3,Ge-B,Tin,2,0.5,0.5,0.5,Dhin
Teentaal,4,Variation #2,3,4,,TiL,2,0.5,1.0,0.75,
Teentaal,4,Variation #2,3,5,Ge,Tin,3,1.0,1.0,0.5,Dhin
Teentaal,4,Variation #2,3,6,Ge-B,Ta,4,0.5,1.0,0.75,Dha
Teentaal,4,Variation #2,3,7,,TiL,4,0.5,1.0,1.0,
Teentaal,4,Variation #2,3,8,Ge,Ta,5,0.5,1.0,1.0,DhaGe
Teentaal,4,Variation #2,3,9,Ge-B,,5,0.5,0.5,1.0,
Teentaal,4,Variation #2,3,10,Ge-B,Tin,6,0.5,0.5,0.5,Dhin
Teentaal,4,Variation #2,3,11,,TiL,6,0.5,1.0,0.75,
Teentaal,4,Variation #2,3,12,Ge,Tin,7,1.0,1.0,0.5,Dhin
Teentaal,4,Variation #2,3,13,Ge-B,Ta,8,0.5,1.0,0.75,Dha
Teentaal,4,Variation #2,3,14,,TiL,8,0.5,1.0,0.5,
Teentaal,4,Variation #2,3,15,Ge,Ta,9,0.5,1.0,1.0,DhaGe
Teentaal,4,Variation #2,3,16,Ge-B,,9,0.5,0.5,1.0,
Teentaal,4,Variation #2,3,17,Ka,Tin,10,1.0,1.0,0.75,Tin
Teentaal,4,Variation #2,3,18,Ka,Tin,11,1.0,1.0,0.5,Tin
Teentaal,4,Variation #2,3,19,,Ta,12,1.0,1.0,0.75,Ta
Teentaal,4,Variation #2,3,20,,Ta,13,0.5,1.0,1.0,TaKa
Teentaal,4,Variation #2,3,21,Ka,,13,0.5,0.5,1.0,
Teentaal,4,Variation #2,3,22,Ge-B,Tin,14,1.0,0.5,1.0,Dhin
Teentaal,4,Variation #2,3,23,Ge,Tin,15,1.0,1.0,1.0,Dhin
Teentaal,4,Variation #2,3,24,Ge-B,Ta,16,0.5,1.0,1.0,Dha
Teentaal,4,Variation #2,3,25,,TiL,16,0.5,1.0,0.5,
Teentaal,4,Variation #2,4,1,Ge,Ta,1,1.0,1.0,1.0,Dha
Teentaal,4,Variation #2,4,2,Ge-B,Tin,2,1.0,0.5,0.5,Dhin
Teentaal,4,Variation #2,4,3,Ge,Tin,3,1.0,1.0,0.5,Dhin
Teentaal,4,Variation #2,4,4,Ge-B,Ta,4,1.0,1.0,0.66,Dha
Teentaal,4,Variation #2,4,5,Ge,Ta,5,1.0,1.0,1.0,Dha
Teentaal,4,Variation #2,4,6,Ge-B,Tin,6,1.0,0.5,0.5,Dhin
Teentaal,4,Variation #2,4,7,Ge,Tin,7,1.0,1.0,0.5,Dhin
Teentaal,4,Variation #2,4,8,Ge-B,Ta,8,1.0,1.0,0.66,Dha
Teentaal,4,Variation #2,4,9,Ge,Ta,9,1.0,1.0,1.0,Dha
Teentaal,4,Variation #2,4,10,Ka,Tin,10,1.0,1.0,0.75,Tin
Teentaal,4,Variation #2,4,11,Ka,Tin,11,1.0,1.0,0.5,Tin
Teentaal,4,Variation #2,4,12,,Ta,12,1.0,1.0,0.66,Ta
Teentaal,4,Variation #2,4,13,,Ta,13,1.0,1.0,1.0,Ta
Teentaal,4,Variation #2,4,14,Ge-B,Tin,14,1.0,0.5,0.5,Dhin
Teentaal,4,Variation #2,4,15,Ge,Tin,15,1.0,1.0,0.5,Dhin
Teentaal,4,Variation #2,4,16,Ge-B,Ta,16,1.0,1.0,0.75,Dha
Teentaal,5,Variation #3,"0,1",1,Ge-Sam,Ta,1,0.75,1.25,1.25,Dha
Teentaal,5,Variation #3,"0,1",2,,TiL,1,0.25,1.0,1.0,
Teentaal,5,Variation #3,"0,1",3,Ge-S,TinMed,2,0.75,1.0,1.0,Dhin
Teentaal,5,Variation #3,"0,1",4,,TiL,2,0.25,1.0,1.0,
Teentaal,5,Variation #3,"0,1",5,Ge-S,TinMed,3,0.75,1.0,1.0,Dhin
Teentaal,5,Variation #3,"0,1",6,,TiL,3,0.25,1.0,1.0,
Teentaal,5,Variation #3,"0,1",7,Ge,Ta,4,0.5,1.0,1.0,DhaNa
Teentaal,5,Variation #3,"0,1",8,,Ta,4,0.25,1.0,1.0,
Teentaal,5,Variation #3,"0,1",9,,TiL,4,0.25,1.0,1.0,
Teentaal,5,Variation #3,"0,1",10,Ge,Ta,5,0.75,1.0,1.0,Dha
Teentaal,5,Variation #3,"0,1",11,,TiL,5,0.25,1.0,1.0,
Teentaal,5,Variation #3,"0,1",12,Ge-S,TinMed,6,0.75,1.0,1.0,Dhin
Teentaal,5,Variation #3,"0,1",13,,TiL,6,0.25,1.0,1.0,
Teentaal,5,Variation #3,"0,1",14,Ge-S,TinMed,7,0.75,1.0,1.0,Dhin
Teentaal,5,Variation #3,"0,1",15,,TiL,7,0.25,1.0,1.0,
Teentaal,5,Variation #3,"0,1",16,Ge,Ta,8,0.5,1.0,1.0,DhaNa
Teentaal,5,Variation #3,"0,1",17,,Ta,8,0.25,1.0,1.0,
Teentaal,5,Variation #3,"0,1",18,,TiL,8,0.25,1.0,1.0,
Teentaal,5,Variation #3,"0,1",19,Ge,Ta,9,0.75,1.0,1.0,Dha
Teentaal,5,Variation #3,"0,1",20,,TiL,9,0.25,1.0,1.0,
Teentaal,5,Variation #3,"0,1",21,Ka,TinFull,10,0.75,1.0,1.0,Tin
Teentaal,5,Variation #3,"0,1",22,,TiL,10,0.25,1.0,1.0,
Teentaal,5,Variation #3,"0,1",23,Ka,TinFull,11,0.75,1.0,1.0,Tin
Teentaal,5,Variation #3,"0,1",24,,TiL,11,0.25,1.0,1.0,
Teentaal,5,Variation #3,"0,1",25,,Ta,12,0.5,1.0,1.0,Ta TaKa
Teentaal,5,Variation #3,"0,1",26,,TaKa,12,0.5,1.0,1.0,
Teentaal,5,Variation #3,"0,1",27,,Ta,13,0.5,1.0,1.0,Ta-TiRaKiTa
Teentaal,5,Variation #3,"0,1",28,,Ti,13,0.125,1.0,1.0,
Teentaal,5,Variation #3,"0,1",29,,Ra,13,0.125,1.0,1.0,
Teentaal,5,Variation #3,"0,1",30,Ki,,13,0.125,1.0,1.0,
Teentaal,5,Variation #3,"0,1",31,,TTa,13,0.125,1.0,1.0,
Teentaal,5,Variation #3,"0,1",32,Ge-S,TinMed,14,0.75,1.0,1.0,Dhin
Teentaal,5,Variation #3,"0,1",33,,TiL,14,0.25,1.0,1.0,
Teentaal,5,Variation #3,"0,1",34,Ge-S,TinMed,15,0.75,1.0,1.0,Dhin
Teentaal,5,Variation #3,"0,1",35,,TiL,15,0.25,1.0,1.0,
Teentaal,5,Variation #3,"0,1",36,Ge,Ta,16,0.375,1.25,1.25,Dha
Teentaal,5,Variation #3,"0,1",37,,KDa,16,0.125,1.0,1.0,
Teentaal,5,Variation #3,"0,1",38,Ge-B,Ta,16,0.25,1.0,1.0,
Teentaal,5,Variation #3,"0,1",39,,Tat,16,0.25,1.0,1.0,
Teentaal,5,Variation #3,55,1,Ge-Sam,Ta,1,0.75,1.25,1.25,Dha
Teentaal,5,Variation #3,55,2,,TiL,1,0.25,1.0,1.0,
Teentaal,5,Variation #3,55,3,Ge-S,TinMed,2,0.75,1.0,1.0,Dhin
Teentaal,5,Variation #3,55,4,,TiL,2,0.25,1.0,1.0,
Teentaal,5,Variation #3,55,5,Ge-S,TinMed,3,0.75,1.0,1.0,Dhin
Teentaal,5,Variation #3,55,6,,TiL,3,0.25,1.0,1.0,
Teentaal,5,Variation #3,55,7,Ge,Ta,4,0.5,1.0,1.0,DhaNa
Teentaal,5,Variation #3,55,8,,Ta,4,0.25,1.0,1.0,
Teentaal,5,Variation #3,55,9,,TiL,4,0.25,1.0,1.0,
Teentaal,5,Variation #3,55,10,Ge,Ta,5,0.75,1.0,1.0,Dha
Teentaal,5,Variation #3,55,11,,TiL,5,0.25,1.0,1.0,
Teentaal,5,Variation #3,55,12,Ge-S,TinMed,6,0.75,1.0,1.0,Dhin
Teentaal,5,Variation #3,55,13,,TiL,6,0.25,1.0,1.0,
Teentaal,5,Variation #3,55,14,Ge-S,TinMed,7,0.75,1.0,1.0,Dhin
Teentaal,5,Variation #3,55,15,,TiL,7,0.25,1.0,1.0,
Teentaal,5,Variation #3,55,16,Ge,Ta,8,0.5,1.0,1.0,DhaNa
Teentaal,5,Variation #3,55,17,,Ta,8,0.25,1.0,1.0,
Teentaal,5,Variation #3,55,18,,TiL,8,0.25,1.0,1.0,
Teentaal,5,Variation #3,55,19,Ge,Ta,9,0.75,1.0,1.0,Dha
Teentaal,5,Variation #3,55,20,,TiL,9,0.25,1.0,1.0,
Teentaal,5,Variation #3,55,21,Ka,TinFull,10,0.75,1.0,1.0,Tin
Teentaal,5,Variation #3,55,22,,TiL,10,0.25,1.0,1.0,
Teentaal,5,Variation #3,55,23,Ka,TinFull,11,0.75,1.0,1.0,Tin
Teentaal,5,Variation #3,55,24,,TiL,11,0.25,1.0,1.0,
Teentaal,5,Variation #3,55,25,,Ta,12,0.5,1.0,1.0,TaTa
Teentaal,5,Variation #3,55,26,,TaKa,12,0.5,1.0,1.0,
Teentaal,5,Variation #3,55,27,,Ta,13,0.5,1.0,1.0,Ta-TiTa
Teentaal,5,Variation #3,55,28,,TiL,13,0.25,1.0,1.0,
Teentaal,5,Variation #3,55,29,,TTaL,13,0.25,1.0,1.0,
Teentaal,5,Variation #3,55,30,Ge-S,TinMed,14,0.75,1.0,1.0,Dhin
Teentaal,5,Variation #3,55,31,,TiL,14,0.25,1.0,1.0,
Teentaal,5,Variation #3,55,32,Ge-S,TinMed,15,0.75,1.0,1.0,Dhin
Teentaal,5,Variation #3,55,33,,TiL,15,0.25,1.0,1.0,
Teentaal,5,Variation #3,55,34,Ge,Ta,16,0.375,1.25,1.25,Dha
Teentaal,5,Variation #3,55,35,,KDa,16,0.125,1.0,1.0,
Teentaal,5,Variation #3,55,36,Ge-B,Ta,16,0.25,1.0,1.0,
Teentaal,5,Variation #3,55,37,,Tat,16,0.25,1.0,1.0,
Teentaal,5,Variation #3,2,1,Ge-Sam,Ta,1,0.5,1.25,1.25,DhaGe
Teentaal,5,Variation #3,2,2,Ge-B,,1,0.5,0.5,1.0,
Teentaal,5,Variation #3,2,3,Ge-LT6,Tin,2,0.75,1.0,1.0,Dhin
Teentaal,5,Variation #3,2,4,,KDa,2,0.25,1.0,1.0,
Teentaal,5,Variation #3,2,5,Ge,Tin,3,0.5,1.0,1.0,Dhin
Teentaal,5,Variation #3,2,6,,TiL,3,0.5,1.0,1.0,
Teentaal,5,Variation #3,2,7,Ge,Ta,4,0.5,1.0,0.75,DhaNa
Teentaal,5,Variation #3,2,8,,Ta,4,0.5,1.0,0.25,
Teentaal,5,Variation #3,2,9,Ge,Ta,5,0.5,1.0,1.0,DhaGe
Teentaal,5,Variation #3,2,10,Ge-B,,5,0.5,0.5,1.0,
Teentaal,5,Variation #3,2,11,Ge-LT6,Tin,6,0.75,1.0,1.0,Dhin
Teentaal,5,Variation #3,2,12,,KDa,6,0.25,1.0,1.0,
Teentaal,5,Variation #3,2,13,Ge,Tin,7,0.5,1.0,1.0,Dhin
Teentaal,5,Variation #3,2,14,,TiL,7,0.5,1.0,1.0,
Teentaal,5,Variation #3,2,15,Ge,Ta,8,0.5,1.0,0.75,DhaNa
Teentaal,5,Variation #3,2,16,,Ta,8,0.5,1.0,0.25,
Teentaal,5,Variation #3,2,17,Ge,Ta,9,0.5,1.0,1.0,DhaGe
Teentaal,5,Variation #3,2,18,Ge-B,,9,0.5,0.5,1.0,
Teentaal,5,Variation #3,2,19,Ka,Tin,10,0.75,1.0,1.0,Tin
Teentaal,5,Variation #3,2,20,,KDa,10,0.25,1.0,1.0,
Teentaal,5,Variation #3,2,21,Ka,Tin,11,0.5,1.0,1.0,Tin
Teentaal,5,Variation #3,2,22,,TiL,11,0.5,1.0,1.0,
Teentaal,5,Variation #3,2,23,,Ta,12,0.5,1.0,0.75,TaTa
Teentaal,5,Variation #3,2,24,,Ta,12,0.5,1.0,0.25,
Teentaal,5,Variation #3,2,25,,Ta,13,0.5,1.0,1.0,TaKa
Teentaal,5,Variation #3,2,26,Ka,,13,0.5,0.5,1.0,
Teentaal,5,Variation #3,2,27,Ge-LT6,Tin,14,0.75,1.0,1.0,Dhin
Teentaal,5,Variation #3,2,28,,KDa,14,0.25,1.0,1.0,
Teentaal,5,Variation #3,2,29,Ge,Tin,15,0.5,1.0,1.0,Dhin
Teentaal,5,Variation #3,2,30,,TiL,15,0.5,1.0,1.0,
Teentaal,5,Variation #3,2,31,Ge,Ta,16,0.5,1.0,1.0,Dha
Teentaal,5,Variation #3,2,32,,Tat,16,0.5,1.0,1.0,
Teentaal,5,Variation #3,3,1,Ge,Ta,1,0.5,1.0,1.0,DhaGe
Teentaal,5,Variation #3,3,2,Ge-B,,1,0.5,0.5,1.0,
Teentaal,5,Variation #3,3,3,Ge-B,Tin,2,0.5,0.5,0.5,Dhin
Teentaal,5,Variation #3,3,4,,TiL,2,0.5,1.0,0.75,
Teentaal,5,Variation #3,3,5,Ge,Tin,3,1.0,1.0,0.5,Dhin
Teentaal,5,Variation #3,3,6,Ge,Ta,4,0.5,1.0,0.75,DhaNa
Teentaal,5,Variation #3,3,7,,Ta,4,0.5,1.0,0.25,
Teentaal,5,Variation #3,3,8,Ge,Ta,5,0.5,1.0,1.0,DhaGe
Teentaal,5,Variation #3,3,9,Ge-B,,5,0.5,0.5,1.0,
Teentaal,5,Variation #3,3,10,Ge-B,Tin,6,0.5,0.5,0.5,Dhin
Teentaal,5,Variation #3,3,11,,TiL,6,0.5,1.0,0.75,
Teentaal,5,Variation #3,3,12,Ge,Tin,7,1.0,1.0,0.5,Dhin
Teentaal,5,Variation #3,3,13,Ge,Ta,8,0.5,1.0,0.75,DhaNa
Teentaal,5,Variation #3,3,14,,Ta,8,0.5,1.0,0.25,
Teentaal,5,Variation #3,3,15,Ge,Ta,9,0.5,1.0,1.0,DhaGe
Teentaal,5,Variation #3,3,16,Ge-B,,9,0.5,0.5,1.0,
Teentaal,5,Variation #3,3,17,Ka,Tin,10,1.0,1.0,1.0,Tin
Teentaal,5,Variation #3,3,18,Ka,Tin,11,1.0,1.0,0.5,Tin
Teentaal,5,Variation #3,3,19,,Ta,12,0.5,1.0,0.75,TaTa
Teentaal,5,Variation #3,3,20,,Ta,12,0.5,1.0,0.25,Ta
Teentaal,5,Variation #3,3,21,,Ta,13,0.5,1.0,1.0,TaKa
Teentaal,5,Variation #3,3,22,Ka,,13,0.5,0.5,1.0,
Teentaal,5,Variation #3,3,23,Ge-B,Tin,14,1.0,0.5,1.0,Dhin
Teentaal,5,Variation #3,3,24,Ge,Tin,15,1.0,1.0,0.5,Dhin
Teentaal,5,Variation #3,3,25,Ge,Ta,16,0.5,1.0,0.75,DhaNa
Teentaal,5,Variation #3,3,26,,Ta,16,0.5,1.0,0.5,
Teentaal,5,Variation #3,4,1,Ge,Ta,1,1.0,1.0,1.0,Dha
Teentaal,5,Variation #3,4,2,Ge-B,Tin,2,1.0,0.5,0.5,Dhin
Teentaal,5,Variation #3,4,3,Ge,Tin,3,1.0,1.0,0.5,Dhin
Teentaal,5,Variation #3,4,4,Ge-B,Ta,4,1.0,1.0,0.66,Dha
Teentaal,5,Variation #3,4,5,Ge,Ta,5,1.0,1.0,1.0,Dha
Teentaal,5,Variation #3,4,6,Ge-B,Tin,6,1.0,0.5,0.5,Dhin
Teentaal,5,Variation #3,4,7,Ge,Tin,7,1.0,1.0,0.5,Dhin
Teentaal,5,Variation #3,4,8,Ge-B,Ta,8,1.0,1.0,0.66,Dha
Teentaal,5,Variation #3,4,9,Ge,Ta,9,1.0,1.0,1.0,Dha
Teentaal,5,Variation #3,4,10,Ka,Tin,10,1.0,1.0,0.75,Tin
Teentaal,5,Variation #3,4,11,Ka,Tin,11,1.0,1.0,0.5,Tin
Teentaal,5,Variation #3,4,12,,Ta,12,1.0,1.0,0.66,Ta
Teentaal,5,Variation #3,4,13,,Ta,13,1.0,1.0,1.0,Ta
Teentaal,5,Variation #3,4,14,Ge-B,Tin,14,1.0,0.5,0.5,Dhin
Teentaal,5,Variation #3,4,15,Ge,Tin,15,1.0,1.0,0.5,Dhin
Teentaal,5,Variation #3,4,16,Ge-B,Ta,16,1.0,1.0,0.75,Dha
Teentaal,6,Variation #4,"0,1",1,Ge-Sam,Ta,1,0.75,1.25,1.25,Dha
Teentaal,6,Variation #4,"0,1",2,,TiL,1,0.25,1.0,1.0,
Teentaal,6,Variation #4,"0,1",3,Ge-S,TinMed,2,0.75,1.0,1.0,Dhin
Teentaal,6,Variation #4,"0,1",4,,TiL,2,0.25,1.0,1.0,
Teentaal,6,Variation #4,"0,1",5,Ge-S,TinMed,3,0.75,1.0,1.0,Dhin
Teentaal,6,Variation #4,"0,1",6,,TiL,3,0.25,1.0,1.0,
Teentaal,6,Variation #4,"0,1",7,Ge,Ta,4,0.25,1.0,1.0,DhaGeTiTa
Teentaal,6,Variation #4,"0,1",8,Ge-B,,4,0.25,0.5,1.0,
Teentaal,6,Variation #4,"0,1",9,,Ti,4,0.25,1.0,1.0,
Teentaal,6,Variation #4,"0,1",10,,TTa,4,0.25,1.0,1.0,
Teentaal,6,Variation #4,"0,1",11,Ge,Ta,5,0.75,1.0,1.0,Dha
Teentaal,6,Variation #4,"0,1",12,,TiL,5,0.25,1.0,1.0,
Teentaal,6,Variation #4,"0,1",13,Ge-S,TinMed,6,0.75,1.0,1.0,Dhin
Teentaal,6,Variation #4,"0,1",14,,TiL,6,0.25,1.0,1.0,
Teentaal,6,Variation #4,"0,1",15,Ge-S,TinMed,7,0.75,1.0,1.0,Dhin
Teentaal,6,Variation #4,"0,1",16,,TiL,7,0.25,1.0,1.0,
Teentaal,6,Variation #4,"0,1",17,Ge,Ta,8,0.25,1.0,1.0,DhaGeTiTa
Teentaal,6,Variation #4,"0,1",18,Ge-B,,8,0.25,0.5,1.0,
Teentaal,6,Variation #4,"0,1",19,,Ti,8,0.25,1.0,1.0,
Teentaal,6,Variation #4,"0,1",20,,TTa,8,0.25,1.0,1.0,
Teentaal,6,Variation #4,"0,1",21,Ge,Ta,9,0.5,1.0,1.0,DhaDha
Teentaal,6,Variation #4,"0,1",22,Ge-LT6,Ta,9,0.5,1.0,1.0,
Teentaal,6,Variation #4,"0,1",23,Ka,TinFull,10,0.75,1.0,1.0,Tin
Teentaal,6,Variation #4,"0,1",24,,TiL,10,0.25,1.0,1.0,
Teentaal,6,Variation #4,"0,1",25,Ka,TinFull,11,0.75,1.0,1.0,Tin
Teentaal,6,Variation #4,"0,1",26,,TiL,11,0.25,1.0,1.0,
Teentaal,6,Variation #4,"0,1",27,,Ta,12,0.25,1.0,1.0,TaKaTiTa
Teentaal,6,Variation #4,"0,1",28,Ka,,12,0.25,0.5,1.0,
Teentaal,6,Variation #4,"0,1",29,,TiTaL,12,0.5,1.0,1.0,
Teentaal,6,Variation #4,"0,1",30,,Ta,13,0.5,1.0,1.0,Ta-TiRaKiTa
Teentaal,6,Variation #4,"0,1",31,,Ti,13,0.125,1.0,1.0,
Teentaal,6,Variation #4,"0,1",32,,Ra,13,0.125,1.0,1.0,
Teentaal,6,Variation #4,"0,1",33,Ki,,13,0.125,1.0,1.0,
Teentaal,6,Variation #4,"0,1",34,,TTa,13,0.125,1.0,1.0,
Teentaal,6,Variation #4,"0,1",35,Ge-S,TinMed,14,0.75,1.0,1.0,Dhin
Teentaal,6,Variation #4,"0,1",36,,TiL,14,0.25,1.0,1.0,
Teentaal,6,Variation #4,"0,1",37,Ge-S,TinMed,15,0.75,1.0,1.0,Dhin
Teentaal,6,Variation #4,"0,1",38,,TiL,15,0.25,1.0,1.0,
Teentaal,6,Variation #4,"0,1",39,Ge,Ta,16,0.375,1.25,1.25,Dha
Teentaal,6,Variation #4,"0,1",40,,KDa,16,0.125,1.0,1.0,
Teentaal,6,Variation #4,"0,1",41,Ge-B,Ta,16,0.25,1.0,1.0,
Teentaal,6,Variation #4,"0,1",42,,Tat,16,0.25,1.0,1.0,
Teentaal,6,Variation #4,55,1,Ge-Sam,Ta,1,0.75,1.25,1.25,Dha
Teentaal,6,Variation #4,55,2,,TiL,1,0.25,1.0,1.0,
Teentaal,6,Variation #4,55,3,Ge-S,TinMed,2,0.75,1.0,1.0,Dhin
Teentaal,6,Variation #4,55,4,,TiL,2,0.25,1.0,1.0,
Teentaal,6,Variation #4,55,5,Ge-S,TinMed,3,0.75,1.0,1.0,Dhin
Teentaal,6,Variation #4,55,6,,TiL,3,0.25,1.0,1.0,
Teentaal,6,Variation #4,55,7,Ge,Ta,4,0.25,1.0,1.0,DhaGeTiTa
Teentaal,6,Variation #4,55,8,Ge-B,,4,0.25,0.5,1.0,
Teentaal,6,Variation #4,55,9,,TiTaL,4,0.5,1.0,1.0,
Teentaal,6,Variation #4,55,10,Ge,Ta,5,0.75,1.0,1.0,Dha
Teentaal,6,Variation #4,55,11,,TiL,5,0.25,1.0,1.0,
Teentaal,6,Variation #4,55,12,Ge-S,TinMed,6,0.75,1.0,1.0,Dhin
Teentaal,6,Variation #4,55,13,,TiL,6,0.25,1.0,1.0,
Teentaal,6,Variation #4,55,14,Ge-S,TinMed,7,0.75,1.0,1.0,Dhin
Teentaal,6,Variation #4,55,15,,TiL,7,0.25,1.0,1.0,
Teentaal,6,Variation #4,55,16,Ge,Ta,8,0.25,1.0,1.0,DhaGeTiTa
Teentaal,6,Variation #4,55,17,Ge-B,,8,0.25,0.5,1.0,
Teentaal,6,Variation #4,55,18,,TiTaL,8,0.5,1.0,1.0,
Teentaal,6,Variation #4,55,19,Ge,Ta,9,0.5,1.0,1.0,DhaDha
Teentaal,6,Variation #4,55,20,Ge-LT6,Ta,9,0.5,1.0,1.0,
Teentaal,6,Variation #4,55,21,Ka,TinFull,10,0.75,1.0,1.0,Tin
Teentaal,6,Variation #4,55,22,,TiL,10,0.25,1.0,1.0,
Teentaal,6,Variation #4,55,23,Ka,TinFull,11,0.75,1.0,1.0,Tin
Teentaal,6,Variation #4,55,24,,TiL,11,0.25,1.0,1.0,
Teentaal,6,Variation #4,55,25,,Ta,12,0.25,1.0,1.0,TaKaTiTa
Teentaal,6,Variation #4,55,26,Ka,,12,0.25,0.5,1.0,
Teentaal,6,Variation #4,55,27,,TiTaL,12,0.5,1.0,1.0,
Teentaal,6,Variation #4,55,28,,Ta,13,0.5,1.0,1.0,Ta-TiTa
Teentaal,6,Variation #4,55,29,,TiL,13,0.25,1.0,1.0,
Teentaal,6,Variation #4,55,30,,TTaL,13,0.25,1.0,1.0,
Teentaal,6,Variation #4,55,31,Ge-S,TinMed,14,0.75,1.0,1.0,Dhin
Teentaal,6,Variation #4,55,32,,TiL,14,0.25,1.0,1.0,
Teentaal,6,Variation #4,55,33,Ge-S,TinMed,15,0.75,1.0,1.0,Dhin
Teentaal,6,Variation #4,55,34,,TiL,15,0.25,1.0,1.0,
Teentaal,6,Variation #4,55,35,Ge,Ta,16,0.5,1.25,1.25,Dha
Teentaal,6,Variation #4,55,36,Ge-B,Ta,16,0.25,1.0,1.0,
Teentaal,6,Variation #4,55,37,,Tat,16,0.25,1.0,1.0,
Teentaal,6,Variation #4,2,1,Ge-Sam,Ta,1,0.5,1.25,1.25,DhaGe
Teentaal,6,Variation #4,2,2,Ge-B,,1,0.5,0.5,1.0,
Teentaal,6,Variation #4,2,3,Ge-LT6,Tin,2,0.5,1.0,1.0,DhiNa
Teentaal,6,Variation #4,2,4,,Na,2,0.5,1.0,0.25,
Teentaal,6,Variation #4,2,5,Ge,Tin,3,0.5,1.0,1.0,DhinDhin
Teentaal,6,Variation #4,2,6,Ge-LT6,Tin,3,0.5,0.5,0.25,
Teentaal,6,Variation #4,2,7,Ge,Ta,4,0.5,1.0,0.75,Dha
Teentaal,6,Variation #4,2,8,,TiL,4,0.5,1.0,1.0,
Teentaal,6,Variation #4,2,9,Ge,Ta,5,0.5,1.0,1.0,DhaGe
Teentaal,6,Variation #4,2,10,Ge-B,,5,0.5,0.5,1.0,
Teentaal,6,Variation #4,2,11,Ge-LT6,Tin,6,0.5,1.0,1.0,DhiNa
Teentaal,6,Variation #4,2,12,,Na,6,0.5,1.0,0.25,
Teentaal,6,Variation #4,2,13,Ge,Tin,7,0.5,1.0,1.0,DhinDhin
Teentaal,6,Variation #4,2,14,Ge-LT6,Tin,7,0.5,0.5,0.25,
Teentaal,6,Variation #4,2,15,Ge,Ta,8,0.5,1.0,0.75,Dha
Teentaal,6,Variation #4,2,16,,TiL,8,0.5,1.0,1.0,
Teentaal,6,Variation #4,2,17,Ge,Ta,9,0.5,1.0,1.0,DhaGe
Teentaal,6,Variation #4,2,18,Ge-B,,9,0.5,0.5,1.0,
Teentaal,6,Variation #4,2,19,Ka,Tin,10,0.5,1.0,1.0,TiNa
Teentaal,6,Variation #4,2,20,,Na,10,0.5,1.0,0.25,
Teentaal,6,Variation #4,2,21,Ka,Tin,11,0.5,1.0,1.0,TinTin
Teentaal,6,Variation #4,2,22,Ka,Tin,11,0.5,0.25,0.25,
Teentaal,6,Variation #4,2,23,,Ta,12,0.5,1.0,0.75,Ta
Teentaal,6,Variation #4,2,24,,TiL,12,0.5,1.0,1.0,
Teentaal,6,Variation #4,2,25,,Ta,13,0.5,1.0,1.0,TaKa
Teentaal,6,Variation #4,2,26,Ka,,13,0.5,0.5,1.0,
Teentaal,6,Variation #4,2,27,Ge-LT6,Tin,14,0.5,1.0,1.0,DhiNa
Teentaal,6,Variation #4,2,28,,Na,14,0.5,1.0,0.25,
Teentaal,6,Variation #4,2,29,Ge,Tin,15,0.5,1.0,1.0,DhinDhin
Teentaal,6,Variation #4,2,30,Ge-LT6,Tin,15,0.5,0.5,0.25,
Teentaal,6,Variation #4,2,31,Ge,Ta,16,0.5,1.0,1.0,Dha
Teentaal,6,Variation #4,2,32,,TiL,16,0.5,1.0,1.0,
Teentaal,6,Variation #4,3,1,Ge,Ta,1,0.5,1.0,1.0,DhaGe
Teentaal,6,Variation #4,3,2,Ge-B,,1,0.5,0.5,1.0,
Teentaal,6,Variation #4,3,3,Ge-B,Tin,2,0.5,0.5,0.5,DhiNa
Teentaal,6,Variation #4,3,4,,Na,2,0.5,1.0,0.25,
Teentaal,6,Variation #4,3,5,Ge,Tin,3,1.0,1.0,0.5,Dhin
Teentaal,6,Variation #4,3,6,Ge-B,Ta,4,0.5,1.0,0.75,Dha
Teentaal,6,Variation #4,3,7,,TiL,4,0.5,1.0,1.0,
Teentaal,6,Variation #4,3,8,Ge,Ta,5,0.5,1.0,1.0,DhaGe
Teentaal,6,Variation #4,3,9,Ge-B,,5,0.5,0.5,1.0,
Teentaal,6,Variation #4,3,10,Ge-B,Tin,6,0.5,0.5,0.5,DhiNa
Teentaal,6,Variation #4,3,11,,Na,6,0.5,1.0,0.25,
Teentaal,6,Variation #4,3,12,Ge,Tin,7,1.0,1.0,0.5,Dhin
Teentaal,6,Variation #4,3,13,Ge-B,Ta,8,0.5,1.0,0.75,Dha
Teentaal,6,Variation #4,3,14,,TiL,8,0.5,1.0,0.5,
Teentaal,6,Variation #4,3,15,Ge,Ta,9,0.5,1.0,1.0,DhaGe
Teentaal,6,Variation #4,3,16,Ge-B,,9,0.5,0.5,1.0,
Teentaal,6,Variation #4,3,17,Ka,Tin,10,0.5,1.0,0.75,TiNa
Teentaal,6,Variation #4,3,18,,Na,10,0.5,1.0,0.25,
Teentaal,6,Variation #4,3,19,Ka,Tin,11,1.0,1.0,0.5,Tin
Teentaal,6,Variation #4,3,20,,Ta,12,1.0,1.0,0.75,Ta
Teentaal,6,Variation #4,3,21,,Ta,13,0.5,1.0,1.0,TaKa
Teentaal,6,Variation #4,3,22,Ka,,13,0.5,0.5,1.0,
Teentaal,6,Variation #4,3,23,Ge-B,Tin,14,0.5,0.5,1.0,DhiNa
Teentaal,6,Variation #4,3,24,,Na,14,0.5,1.0,0.25,
Teentaal,6,Variation #4,3,25,Ge,Tin,15,1.0,1.0,1.0,Dhin
Teentaal,6,Variation #4,3,26,Ge-B,Ta,16,0.5,1.0,1.0,Dha
Teentaal,6,Variation #4,3,27,,TiL,16,0.5,1.0,0.5,
Teentaal,6,Variation #4,4,1,Ge,Ta,1,1.0,1.0,1.0,Dha
Teentaal,6,Variation #4,4,2,Ge-B,Tin,2,1.0,0.5,0.5,Dhin
Teentaal,6,Variation #4,4,3,Ge,Tin,3,1.0,1.0,0.5,Dhin
Teentaal,6,Variation #4,4,4,Ge-B,Ta,4,1.0,1.0,0.66,Dha
Teentaal,6,Variation #4,4,5,Ge,Ta,5,1.0,1.0,1.0,Dha
Teentaal,6,Variation #4,4,6,Ge-B,Tin,6,1.0,0.5,0.5,Dhin
Teentaal,6,Variation #4,4,7,Ge,Tin,7,1.0,1.0,0.5,Dhin
Teentaal,6,Variation #4,4,8,Ge-B,Ta,8,1.0,1.0,0.66,Dha
Teentaal,6,Variation #4,4,9,Ge,Ta,9,1.0,1.0,1.0,Dha
Teentaal,6,Variation #4,4,10,Ka,Tin,10,1.0,1.0,0.75,Tin
Teentaal,6,Variation #4,4,11,Ka,Tin,11,1.0,1.0,0.5,Tin
Teentaal,6,Variation #4,4,12,,Ta,12,1.0,1.0,0.66,Ta
Teentaal,6,Variation #4,4,13,,Ta,13,1.0,1.0,1.0,Ta
Teentaal,6,Variation #4,4,14,Ge-B,Tin,14,1.0,0.5,0.5,Dhin
Teentaal,6,Variation #4,4,15,Ge,Tin,15,1.0,1.0,0.5,Dhin
Teentaal,6,Variation #4,4,16,Ge-B,Ta,16,1.0,1.0,0.75,Dha
Teentaal,7,Variation #5,"0,1",1,Ge-Sam,Ta,1,0.75,1.25,1.25,Dha
Teentaal,7,Variation #5,"0,1",2,,TiL,1,0.25,1.0,1.0,
Teentaal,7,Variation #5,"0,1",3,Ge-S,TinMed,2,0.75,1.0,1.0,Dhin
Teentaal,7,Variation #5,"0,1",4,,TiL,2,0.25,1.0,1.0,
Teentaal,7,Variation #5,"0,1",5,Ge-S,TinMed,3,0.75,1.0,1.0,Dhin
Teentaal,7,Variation #5,"0,1",6,,TiL,3,0.25,1.0,1.0,
Teentaal,7,Variation #5,"0,1",7,Ge,Ta,4,0.25,1.0,1.0,DhaGeTiTa
Teentaal,7,Variation #5,"0,1",8,Ge-B,,4,0.25,0.5,1.0,
Teentaal,7,Variation #5,"0,1",9,,Ti,4,0.25,1.0,1.0,
Teentaal,7,Variation #5,"0,1",10,,TTa,4,0.25,1.0,1.0,
Teentaal,7,Variation #5,"0,1",11,Ge,Ta,5,0.75,1.0,1.0,Dha
Teentaal,7,Variation #5,"0,1",12,,TiL,5,0.25,1.0,1.0,
Teentaal,7,Variation #5,"0,1",13,Ge-S,TinMed,6,0.75,1.0,1.0,Dhin
Teentaal,7,Variation #5,"0,1",14,,TiL,6,0.25,1.0,1.0,
Teentaal,7,Variation #5,"0,1",15,Ge-S,TinMed,7,0.75,1.0,1.0,Dhin
Teentaal,7,Variation #5,"0,1",16,,TiL,7,0.25,1.0,1.0,
Teentaal,7,Variation #5,"0,1",17,Ge,Ta,8,0.25,1.0,1.0,DhaGeTiTa
Teentaal,7,Variation #5,"0,1",18,Ge-B,,8,0.25,0.5,1.0,
Teentaal,7,Variation #5,"0,1",19,,Ti,8,0.25,1.0,1.0,
Teentaal,7,Variation #5,"0,1",20,,TTa,8,0.25,1.0,1.0,
Teentaal,7,Variation #5,"0,1",21,Ge,Ta,9,0.5,1.0,1.0,DhaDha
Teentaal,7,Variation #5,"0,1",22,Ge-LT6,Ta,9,0.5,1.0,1.0,
Teentaal,7,Variation #5,"0,1",23,Ka,TinFull,10,0.75,1.0,1.0,Tin
Teentaal,7,Variation #5,"0,1",24,,TiL,10,0.25,1.0,1.0,
Teentaal,7,Variation #5,"0,1",25,Ka,TinFull,11,0.75,1.0,1.0,Tin
Teentaal,7,Variation #5,"0,1",26,,TiL,11,0.25,1.0,1.0,
Teentaal,7,Variation #5,"0,1",27,,Ta,12,0.25,1.0,1.0,TaKaTiTa
Teentaal,7,Variation #5,"0,1",28,Ka,,12,0.25,0.5,1.0,
Teentaal,7,Variation #5,"0,1",29,,TiTaL,12,0.5,1.0,1.0,
Teentaal,7,Variation #5,"0,1",30,,Ta,13,0.5,1.0,1.0,Ta-TiRaKiTa
Teentaal,7,Variation #5,"0,1",31,,Ti,13,0.125,1.0,1.0,
Teentaal,7,Variation #5,"0,1",32,,Ra,13,0.125,1.0,1.0,
Teentaal,7,Variation #5,"0,1",33,Ki,,13,0.125,1.0,1.0,
Teentaal,7,Variation #5,"0,1",34,,TTa,13,0.125,1.0,1.0,
Teentaal,7,Variation #5,"0,1",35,Ge-S,TinMed,14,0.75,1.0,1.0,Dhin
Teentaal,7,Variation #5,"0,1",36,,TiL,14,0.25,1.0,1.0,
Teentaal,7,Variation #5,"0,1",37,Ge-S,TinMed,15,0.75,1.0,1.0,Dhin
Teentaal,7,Variation #5,"0,1",38,,TiL,15,0.25,1.0,1.0,
Teentaal,7,Variation #5,"0,1",39,Ge,Ta,16,0.375,1.25,1.25,Dha
Teentaal,7,Variation #5,"0,1",40,,KDa,16,0.125,1.0,1.0,
Teentaal,7,Variation #5,"0,1",41,Ge-B,Ta,16,0.25,1.0,1.0,
Teentaal,7,Variation #5,"0,1",42,,Tat,16,0.25,1.0,1.0,
Teentaal,7,Variation #5,55,1,Ge-Sam,Ta,1,0.75,1.25,1.25,Dha
Teentaal,7,Variation #5,55,2,,TiL,1,0.25,1.0,1.0,
Teentaal,7,Variation #5,55,3,Ge-S,TinMed,2,0.75,1.0,1.0,Dhin
Teentaal,7,Variation #5,55,4,,TiL,2,0.25,1.0,1.0,
Teentaal,7,Variation #5,55,5,Ge-S,TinMed,3,0.75,1.0,1.0,Dhin
Teentaal,7,Variation #5,55,6,,TiL,3,0.25,1.0,1.0,
Teentaal,7,Variation #5,55,7,Ge,Ta,4,0.25,1.0,1.0,DhaGeTiTa
Teentaal,7,Variation #5,55,8,Ge-B,,4,0.25,0.5,1.0,
Teentaal,7,Variation #5,55,9,,TiTaL,4,0.5,1.0,1.0,
Teentaal,7,Variation #5,55,10,Ge,Ta,5,0.75,1.0,1.0,Dha
Teentaal,7,Variation #5,55,11,,TiL,5,0.25,1.0,1.0,
Teentaal,7,Variation #5,55,12,Ge-S,TinMed,6,0.75,1.0,1.0,Dhin
Teentaal,7,Variation #5,55,13,,TiL,6,0.25,1.0,1.0,
Teentaal,7,Variation #5,55,14,Ge-S,TinMed,7,0.75,1.0,1.0,Dhin
Teentaal,7,Variation #5,55,15,,TiL,7,0.25,1.0,1.0,
Teentaal,7,Variation #5,55,16,Ge,Ta,8,0.25,1.0,1.0,DhaGeTiTa
Teentaal,7,Variation #5,55,17,Ge-B,,8,0.25,0.5,1.0,
Teentaal,7,Variation #5,55,18,,TiTaL,8,0.5,1.0,1.0,
Teentaal,7,Variation #5,55,19,Ge,Ta,9,0.5,1.0,1.0,DhaDha
Teentaal,7,Variation #5,55,20,Ge-LT6,Ta,9,0.5,1.0,1.0,
Teentaal,7,Variation #5,55,21,Ka,TinFull,10,0.75,1.0,1.0,Tin
Teentaal,7,Variation #5,55,22,,TiL,10,0.25,1.0,1.0,
Teentaal,7,Variation #5,55,23,Ka,TinFull,11,0.75,1.0,1.0,Tin
Teentaal,7,Variation #5,55,24,,TiL,11,0.25,1.0,1.0,
Teentaal,7,Variation #5,55,25,,Ta,12,0.25,1.0,1.0,TaKaTiTa
Teentaal,7,Variation #5,55,26,Ka,,12,0.25,0.5,1.0,
Teentaal,7,Variation #5,55,27,,TiTaL,12,0.5,1.0,1.0,
Teentaal,7,Variation #5,55,28,,Ta,13,0.5,1.0,1.0,Ta-TiTa
Teentaal,7,Variation #5,55,29,,TiL,13,0.25,1.0,1.0,
Teentaal,7,Variation #5,55,30,,TTaL,13,0.25,1.0,1.0,
Teentaal,7,Variation #5,55,31,Ge-S,TinMed,14,0.75,1.0,1.0,Dhin
Teentaal,7,Variation #5,55,32,,TiL,14,0.25,1.0,1.0,
Teentaal,7,Variation #5,55,33,Ge-S,TinMed,15,0.75,1.0,1.0,Dhin
Teentaal,7,Variation #5,55,34,,TiL,15,0.25,1.0,1.0,
Teentaal,7,Variation #5,55,35,Ge,Ta,16,0.5,1.25,1.25,Dha
Teentaal,7,Variation #5,55,36,Ge-B,Ta,16,0.25,1.0,1.0,
Teentaal,7,Variation #5,55,37,,Tat,16,0.25,1.0,1.0,
Teentaal,7,Variation #5,2,1,Ge-Sam,Ta,1,0.75,1.25,1.25,DhaKDa
Teentaal,7,Variation #5,2,2,,KDa,1,0.25,0.5,0.5,
Teentaal,7,Variation #5,2,3,Ge-LT6,Tin,2,0.5,1.0,1.0,DhiNa
Teentaal,7,Variation #5,2,4,,Na,2,0.5,1.0,0.25,
Teentaal,7,Variation #5,2,5,Ge,Tin,3,0.5,1.0,1.0,DhinDhin
Teentaal,7,Variation #5,2,6,Ge-LT6,Tin,3,0.5,0.5,0.25,
Teentaal,7,Variation #5,2,7,Ge,Ta,4,0.5,1.0,0.75,Dha
Teentaal,7,Variation #5,2,8,,TiL,4,0.5,1.0,1.0,
Teentaal,7,Variation #5,2,9,Ge,Ta,5,0.75,1.0,1.0,DhaKDa
Teentaal,7,Variation #5,2,10,,KDa,5,0.25,0.5,0.5,
Teentaal,7,Variation #5,2,11,Ge-LT6,Tin,6,0.5,1.0,1.0,DhiNa
Teentaal,7,Variation #5,2,12,,Na,6,0.5,1.0,0.25,
Teentaal,7,Variation #5,2,13,Ge,Tin,7,0.5,1.0,1.0,DhinDhin
Teentaal,7,Variation #5,2,14,Ge-LT6,Tin,7,0.5,0.5,0.25,
Teentaal,7,Variation #5,2,15,Ge,Ta,8,0.5,1.0,0.75,Dha
Teentaal,7,Variation #5,2,16,,TiL,8,0.5,1.0,1.0,
Teentaal,7,Variation #5,2,17,Ge,Ta,9,0.75,1.0,1.0,DhaKDa
Teentaal,7,Variation #5,2,18,,KDa,9,0.25,0.5,0.5,
Teentaal,7,Variation #5,2,19,Ka,Tin,10,0.5,1.0,1.0,TiNa
Teentaal,7,Variation #5,2,20,,Na,10,0.5,1.0,0.25,
Teentaal,7,Variation #5,2,21,Ka,Tin,11,0.5,1.0,1.0,TinTin
Teentaal,7,Variation #5,2,22,Ka,Tin,11,0.5,0.25,0.25,
Teentaal,7,Variation #5,2,23,,Ta,12,0.5,1.0,0.75,Ta
Teentaal,7,Variation #5,2,24,,TiL,12,0.5,1.0,1.0,
Teentaal,7,Variation #5,2,25,,Ta,13,0.75,1.0,1.0,TaKDa
Teentaal,7,Variation #5,2,26,,KDa,13,0.25,0.5,0.5,
Teentaal,7,Variation #5,2,27,Ge-LT6,Tin,14,0.5,1.0,1.0,DhiNa
Teentaal,7,Variation #5,2,28,,Na,14,0.5,1.0,0.25,
Teentaal,7,Variation #5,2,29,Ge,Tin,15,0.5,1.0,1.0,DhinDhin
Teentaal,7,Variation #5,2,30,Ge-LT6,Tin,15,0.5,0.5,0.25,
Teentaal,7,Variation #5,2,31,Ge,Ta,16,0.5,1.0,1.0,Dha
Teentaal,7,Variation #5,2,32,,TiL,16,0.5,1.0,1.0,
Teentaal,7,Variation #5,3,1,Ge,Ta,1,0.5,1.0,1.0,DhaTi
Teentaal,7,Variation #5,3,2,,TiL,1,0.5,1.0,0.5,
Teentaal,7,Variation #5,3,3,Ge-B,Tin,2,0.5,0.5,0.5,DhiNa
Teentaal,7,Variation #5,3,4,,Na,2,0.5,1.0,0.25,
Teentaal,7,Variation #5,3,5,Ge,Tin,3,1.0,1.0,0.5,Dhin
Teentaal,7,Variation #5,3,6,Ge-B,Ta,4,0.5,1.0,0.75,Dha
Teentaal,7,Variation #5,3,7,,TiL,4,0.5,1.0,1.0,
Teentaal,7,Variation #5,3,8,Ge,Ta,5,0.5,1.0,1.0,DhaTi
Teentaal,7,Variation #5,3,9,,TiL,5,0.5,1.0,0.5,
Teentaal,7,Variation #5,3,10,Ge-B,Tin,6,0.5,0.5,0.5,DhiNa
Teentaal,7,Variation #5,3,11,,Na,6,0.5,1.0,0.25,
Teentaal,7,Variation #5,3,12,Ge,Tin,7,1.0,1.0,0.5,Dhin
Teentaal,7,Variation #5,3,13,Ge-B,Ta,8,0.5,1.0,0.75,Dha
Teentaal,7,Variation #5,3,14,,TiL,8,0.5,1.0,0.5,
Teentaal,7,Variation #5,3,15,Ge,Ta,9,0.5,1.0,1.0,DhaTi
Teentaal,7,Variation #5,3,16,,TiL,9,0.5,1.0,0.5,
Teentaal,7,Variation #5,3,17,Ka,Tin,10,0.5,1.0,0.75,TiNa
Teentaal,7,Variation #5,3,18,,Na,10,0.5,1.0,0.25,
Teentaal,7,Variation #5,3,19,Ka,Tin,11,1.0,1.0,0.5,Tin
Teentaal,7,Variation #5,3,20,,Ta,12,1.0,1.0,0.75,Ta
Teentaal,7,Variation #5,3,21,,Ta,13,0.5,1.0,1.0,TaKa
Teentaal,7,Variation #5,3,22,Ka,,13,0.5,0.5,1.0,
Teentaal,7,Variation #5,3,23,Ge-B,Tin,14,0.5,0.5,1.0,DhiNa
Teentaal,7,Variation #5,3,24,,Na,14,0.5,1.0,0.25,
Teentaal,7,Variation #5,3,25,Ge,Tin,15,1.0,1.0,1.0,Dhin
Teentaal,7,Variation #5,3,26,Ge-B,Ta,16,0.5,1.0,1.0,Dha
Teentaal,7,Variation #5,3,27,,TiL,16,0.5,1.0,0.5,
Teentaal,7,Variation #5,4,1,Ge,Ta,1,1.0,1.0,1.0,Dha
Teentaal,7,Variation #5,4,2,Ge-B,Tin,2,1.0,0.5,0.5,Dhin
Teentaal,7,Variation #5,4,3,Ge,Tin,3,1.0,1.0,0.5,Dhin
Teentaal,7,Variation #5,4,4,Ge-B,Ta,4,1.0,1.0,0.66,Dha
Teentaal,7,Variation #5,4,5,Ge,Ta,5,1.0,1.0,1.0,Dha
Teentaal,7,Variation #5,4,6,Ge-B,Tin,6,1.0,0.5,0.5,Dhin
Teentaal,7,Variation #5,4,7,Ge,Tin,7,1.0,1.0,0.5,Dhin
Teentaal,7,Variation #5,4,8,Ge-B,Ta,8,1.0,1.0,0.66,Dha
Teentaal,7,Variation #5,4,9,Ge,Ta,9,1.0,1.0,1.0,Dha
Teentaal,7,Variation #5,4,10,Ka,Tin,10,1.0,1.0,0.75,Tin
Teentaal,7,Variation #5,4,11,Ka,Tin,11,1.0,1.0,0.5,Tin
Teentaal,7,Variation #5,4,12,,Ta,12,1.0,1.0,0.66,Ta
Teentaal,7,Variation #5,4,13,,Ta,13,1.0,1.0,1.0,Ta
Teentaal,7,Variation #5,4,14,Ge-B,Tin,14,1.0,0.5,0.5,Dhin
Teentaal,7,Variation #5,4,15,Ge,Tin,15,1.0,1.0,0.5,Dhin
Teentaal,7,Variation #5,4,16,Ge-B,Ta,16,1.0,1.0,0.75,Dha
Teentaal,8,Variation #6,"0,1",1,Ge-Sam,Ta,1,0.75,1.25,1.25,Dha
Teentaal,8,Variation #6,"0,1",2,,TiL,1,0.25,1.0,1.0,
Teentaal,8,Variation #6,"0,1",3,Ge-S,TinMed,2,0.75,1.0,1.0,Dhin
Teentaal,8,Variation #6,"0,1",4,,TiL,2,0.25,1.0,1.0,
Teentaal,8,Variation #6,"0,1",5,Ge-S,TinMed,3,0.75,1.0,1.0,Dhin
Teentaal,8,Variation #6,"0,1",6,,TiL,3,0.25,1.0,1.0,
Teentaal,8,Variation #6,"0,1",7,Ge,Ta,4,0.5,1.0,1.0,DhaNa
Teentaal,8,Variation #6,"0,1",8,,Ta,4,0.25,1.0,1.0,
Teentaal,8,Variation #6,"0,1",9,,TiL,4,0.25,1.0,1.0,
Teentaal,8,Variation #6,"0,1",10,Ge,Ta,5,0.75,1.0,1.0,Dha
Teentaal,8,Variation #6,"0,1",11,,TiL,5,0.25,1.0,1.0,
Teentaal,8,Variation #6,"0,1",12,Ge-S,TinMed,6,0.75,1.0,1.0,Dhin
Teentaal,8,Variation #6,"0,1",13,,TiL,6,0.25,1.0,1.0,
Teentaal,8,Variation #6,"0,1",14,Ge-S,TinMed,7,0.75,1.0,1.0,Dhin
Teentaal,8,Variation #6,"0,1",15,,TiL,7,0.25,1.0,1.0,
Teentaal,8,Variation #6,"0,1",16,Ge,Ta,8,0.5,1.0,1.0,DhaNa
Teentaal,8,Variation #6,"0,1",17,,Ta,8,0.25,1.0,1.0,
Teentaal,8,Variation #6,"0,1",18,,TiL,8,0.25,1.0,1.0,
Teentaal,8,Variation #6,"0,1",19,Ge,Ta,9,0.75,1.0,1.0,Dha
Teentaal,8,Variation #6,"0,1",20,,TiL,9,0.25,1.0,1.0,
Teentaal,8,Variation #6,"0,1",21,Ka,TinFull,10,0.75,1.0,1.0,Tin
Teentaal,8,Variation #6,"0,1",22,,TiL,10,0.25,1.0,1.0,
Teentaal,8,Variation #6,"0,1",23,Ka,TinFull,11,0.75,1.0,1.0,Tin
Teentaal,8,Variation #6,"0,1",24,,TiL,11,0.25,1.0,1.0,
Teentaal,8,Variation #6,"0,1",25,,Ta,12,0.5,1.0,1.0,Ta TaKa
Teentaal,8,Variation #6,"0,1",26,,TaKa,12,0.5,1.0,1.0,
Teentaal,8,Variation #6,"0,1",27,,Ta,13,0.5,1.0,1.0,Ta-TiRaKiTa
Teentaal,8,Variation #6,"0,1",28,,Ti,13,0.125,1.0,1.0,
Teentaal,8,Variation #6,"0,1",29,,Ra,13,0.125,1.0,1.0,
Teentaal,8,Variation #6,"0,1",30,Ki,,13,0.125,1.0,1.0,
Teentaal,8,Variation #6,"0,1",31,,TTa,13,0.125,1.0,1.0,
Teentaal,8,Variation #6,"0,1",32,Ge-S,TinMed,14,0.75,1.0,1.0,Dhin
Teentaal,8,Variation #6,"0,1",33,,TiL,14,0.25,1.0,1.0,
Teentaal,8,Variation #6,"0,1",34,Ge-S,TinMed,15,0.75,1.0,1.0,Dhin
Teentaal,8,Variation #6,"0,1",35,,TiL,15,0.25,1.0,1.0,
Teentaal,8,Variation #6,"0,1",36,Ge,Ta,16,0.375,1.25,1.25,Dha
Teentaal,8,Variation #6,"0,1",37,,KDa,16,0.125,1.0,1.0,
Teentaal,8,Variation #6,"0,1",38,Ge-B,Ta,16,0.25,1.0,1.0,
Teentaal,8,Variation #6,"0,1",39,,Tat,16,0.25,1.0,1.0,
Teentaal,8,Variation #6,55,1,Ge-Sam,Ta,1,0.75,1.25,1.25,Dha
Teentaal,8,Variation #6,55,2,,TiL,1,0.25,1.0,1.0,
Teentaal,8,Variation #6,55,3,Ge-S,TinMed,2,0.75,1.0,1.0,Dhin
Teentaal,8,Variation #6,55,4,,TiL,2,0.25,1.0,1.0,
Teentaal,8,Variation #6,55,5,Ge-S,TinMed,3,0.75,1.0,1.0,Dhin
Teentaal,8,Variation #6,55,6,,TiL,3,0.25,1.0,1.0,
Teentaal,8,Variation #6,55,7,Ge,Ta,4,0.5,1.0,1.0,DhaNa
Teentaal,8,Variation #6,55,8,,Ta,4,0.25,1.0,1.0,
Teentaal,8,Variation #6,55,9,,TiL,4,0.25,1.0,1.0,
Teentaal,8,Variation #6,55,10,Ge,Ta,5,0.75,1.0,1.0,Dha
Teentaal,8,Variation #6,55,11,,TiL,5,0.25,1.0,1.0,
Teentaal,8,Variation #6,55,12,Ge-S,TinMed,6,0.75,1.0,1.0,Dhin
Teentaal,8,Variation #6,55,13,,TiL,6,0.25,1.0,1.0,
Teentaal,8,Variation #6,55,14,Ge-S,TinMed,7,0.75,1.0,1.0,Dhin
Teentaal,8,Variation #6,55,15,,TiL,7,0.25,1.0,1.0,
Teentaal,8,Variation #6,55,16,Ge,Ta,8,0.5,1.0,1.0,DhaNa
Teentaal,8,Variation #6,55,17,,Ta,8,0.25,1.0,1.0,
Teentaal,8,Variation #6,55,18,,TiL,8,0.25,1.0,1.0,
Teentaal,8,Variation #6,55,19,Ge,Ta,9,0.75,1.0,1.0,Dha
Teentaal,8,Variation #6,55,20,,TiL,9,0.25,1.0,1.0,
Teentaal,8,Variation #6,55,21,Ka,TinFull,10,0.75,1.0,1.0,Tin
Teentaal,8,Variation #6,55,22,,TiL,10,0.25,1.0,1.0,
Teentaal,8,Variation #6,55,23,Ka,TinFull,11,0.75,1.0,1.0,Tin
Teentaal,8,Variation #6,55,24,,TiL,11,0.25,1.0,1.0,
Teentaal,8,Variation #6,55,25,,Ta,12,0.5,1.0,1.0,TaTa
Teentaal,8,Variation #6,55,26,,TaKa,12,0.5,1.0,1.0,
Teentaal,8,Variation #6,55,27,,Ta,13,0.5,1.0,1.0,Ta-TiTa
Teentaal,8,Variation #6,55,28,,TiL,13,0.25,1.0,1.0,
Teentaal,8,Variation #6,55,29,,TTaL,13,0.25,1.0,1.0,
Teentaal,8,Variation #6,55,30,Ge-S,TinMed,14,0.75,1.0,1.0,Dhin
Teentaal,8,Variation #6,55,31,,TiL,14,0.25,1.0,1.0,
Teentaal,8,Variation #6,55,32,Ge-S,TinMed,15,0.75,1.0,1.0,Dhin
Teentaal,8,Variation #6,55,33,,TiL,15,0.25,1.0,1.0,
Teentaal,8,Variation #6,55,34,Ge,Ta,16,0.375,1.25,1.25,Dha
Teentaal,8,Variation #6,55,35,,KDa,16,0.125,1.0,1.0,
Teentaal,8,Variation #6,55,36,Ge-B,Ta,16,0.25,1.0,1.0,
Teentaal,8,Variation #6,55,37,,Tat,16,0.25,1.0,1.0,
Teentaal,8,Variation #6,2,1,Ge-Sam,Ta,1,0.5,1.25,1.25,DhaGe
Teentaal,8,Variation #6,2,2,Ge-B,,1,0.5,0.5,1.0,
Teentaal,8,Variation #6,2,3,Ge-LT6,Tin,2,0.75,1.0,1.0,Dhin
Teentaal,8,Variation #6,2,4,,KDa,2,0.25,1.0,1.0,
Teentaal,8,Variation #6,2,5,Ge,Tin,3,0.5,1.0,1.0,Dhin
Teentaal,8,Variation #6,2,6,,TiL,3,0.5,1.0,1.0,
Teentaal,8,Variation #6,2,7,Ge,Ta,4,0.5,1.0,0.75,DhaNa
Teentaal,8,Variation #6,2,8,,Ta,4,0.5,1.0,0.25,
Teentaal,8,Variation #6,2,9,Ge,Ta,5,0.5,1.0,1.0,DhaGe
Teentaal,8,Variation #6,2,10,Ge-B,,5,0.5,0.5,1.0,
Teentaal,8,Variation #6,2,11,Ge-LT6,Tin,6,0.75,1.0,1.0,Dhin
Teentaal,8,Variation #6,2,12,,KDa,6,0.25,1.0,1.0,
Teentaal,8,Variation #6,2,13,Ge,Tin,7,0.5,1.0,1.0,Dhin
Teentaal,8,Variation #6,2,14,,TiL,7,0.5,1.0,1.0,
Teentaal,8,Variation #6,2,15,Ge,Ta,8,0.5,1.0,0.75,DhaNa
Teentaal,8,Variation #6,2,16,,Ta,8,0.5,1.0,0.25,
Teentaal,8,Variation #6,2,17,Ge,Ta,9,0.5,1.0,1.0,DhaGe
Teentaal,8,Variation #6,2,18,Ge-B,,9,0.5,0.5,1.0,
Teentaal,8,Variation #6,2,19,,Ti,10,0.5,1.0,0.5,TiTa
Teentaal,8,Variation #6,2,20,,TTa,10,0.5,1.0,0.5,
Teentaal,8,Variation #6,2,21,Ka,Tin,11,0.5,1.0,1.0,Tin
Teentaal,8,Variation #6,2,22,,TiL,11,0.5,1.0,1.0,
Teentaal,8,Variation #6,2,23,,TaKa,12,1.0,1.0,1.0,TaKa
Teentaal,8,Variation #6,2,25,,Tra,13,0.5,1.0,1.0,TraKa
Teentaal,8,Variation #6,2,28,Ka,,13,0.5,0.5,1.0,
Teentaal,8,Variation #6,2,29,Ge-LT6,Tin,14,0.75,1.0,1.0,Dhin
Teentaal,8,Variation #6,2,30,,KDa,14,0.25,1.0,1.0,
Teentaal,8,Variation #6,2,31,Ge,Tin,15,0.5,1.0,1.0,Dhin
Teentaal,8,Variation #6,2,32,,TiL,15,0.5,1.0,1.0,
Teentaal,8,Variation #6,2,33,Ge,Ta,16,0.5,1.0,1.0,Dha
Teentaal,8,Variation #6,2,34,,Tat,16,0.5,1.0,1.0,
Teentaal,8,Variation #6,3,1,Ge,Ta,1,0.5,1.0,1.0,DhaGe
Teentaal,8,Variation #6,3,2,Ge-B,,1,0.5,0.5,1.0,
Teentaal,8,Variation #6,3,3,Ge-B,Tin,2,0.5,0.5,0.5,Dhin
Teentaal,8,Variation #6,3,4,,TiL,2,0.5,1.0,0.75,
Teentaal,8,Variation #6,3,5,Ge,Tin,3,1.0,1.0,0.5,Dhin
Teentaal,8,Variation #6,3,6,Ge,Ta,4,0.5,1.0,0.75,DhaNa
Teentaal,8,Variation #6,3,7,,Ta,4,0.5,1.0,0.25,
Teentaal,8,Variation #6,3,8,Ge,Ta,5,0.5,1.0,1.0,DhaGe
Teentaal,8,Variation #6,3,9,Ge-B,,5,0.5,0.5,1.0,
Teentaal,8,Variation #6,3,10,Ge-B,Tin,6,0.5,0.5,0.5,Dhin
Teentaal,8,Variation #6,3,11,,TiL,6,0.5,1.0,0.75,
Teentaal,8,Variation #6,3,12,Ge,Tin,7,1.0,1.0,0.5,Dhin
Teentaal,8,Variation #6,3,13,Ge,Ta,8,0.5,1.0,0.75,DhaNa
Teentaal,8,Variation #6,3,14,,Ta,8,0.5,1.0,0.25,
Teentaal,8,Variation #6,3,15,Ge,Ta,9,0.5,1.0,1.0,DhaGe
Teentaal,8,Variation #6,3,16,Ge-B,,9,0.5,0.5,1.0,
Teentaal,8,Variation #6,3,17,,Ti,10,0.5,1.0,0.5,TiTa
Teentaal,8,Variation #6,3,18,,TTa,10,0.5,1.0,0.5,
Teentaal,8,Variation #6,3,19,Ka,Tin,11,1.0,1.0,0.5,Tin
Teentaal,8,Variation #6,3,20,,TaKa,12,1.0,1.0,1.0,TaKa
Teentaal,8,Variation #6,3,21,,Tra,13,0.5,1.0,1.0,TraKa
Teentaal,8,Variation #6,3,22,Ka,,13,0.5,0.5,1.0,
Teentaal,8,Variation #6,3,23,Ge-B,Tin,14,1.0,0.5,1.0,Dhin
Teentaal,8,Variation #6,3,24,Ge,Tin,15,1.0,1.0,0.5,Dhin
Teentaal,8,Variation #6,3,25,Ge,Ta,16,0.5,1.0,0.75,Dha
Teentaal,8,Variation #6,3,26,,Ta,16,0.5,1.0,0.5,
Teentaal,8,Variation #6,4,1,Ge,Ta,1,1.0,1.0,1.0,Dha
Teentaal,8,Variation #6,4,2,Ge-B,Tin,2,1.0,0.5,0.5,Dhin
Teentaal,8,Variation #6,4,3,Ge,Tin,3,1.0,1.0,0.5,Dhin
Teentaal,8,Variation #6,4,4,Ge-B,Ta,4,1.0,1.0,0.66,Dha
Teentaal,8,Variation #6,4,5,Ge,Ta,5,1.0,1.0,1.0,Dha
Teentaal,8,Variation #6,4,6,Ge-B,Tin,6,1.0,0.5,0.5,Dhin
Teentaal,8,Variation #6,4,7,Ge,Tin,7,1.0,1.0,0.5,Dhin
Teentaal,8,Variation #6,4,8,Ge-B,Ta,8,1.0,1.0,0.66,Dha
Teentaal,8,Variation #6,4,9,Ge,Ta,9,1.0,1.0,1.0,Dha
Teentaal,8,Variation #6,4,10,Ka,Tin,10,1.0,1.0,0.75,Tin
Teentaal,8,Variation #6,4,11,Ka,Tin,11,1.0,1.0,0.5,Tin
Teentaal,8,Variation #6,4,12,,Ta,12,1.0,1.0,0.66,Ta
Teentaal,8,Variation #6,4,13,,Ta,13,1.0,1.0,1.0,Ta
Teentaal,8,Variation #6,4,14,Ge-B,Tin,14,1.0,0.5,0.5,Dhin
Teentaal,8,Variation #6,4,15,Ge,Tin,15,1.0,1.0,0.5,Dhin
Teentaal,8,Variation #6,4,16,Ge-B,Ta,16,1.0,1.0,0.75,Dha
Teentaal,9,Vilambit Gat,"0,1",1,Ge-Sam,Ta,1,0.5,1.25,1.25,Dha
Teentaal,9,Vilambit Gat,"0,1",2,Ge-LT6,,1,0.25,0.5,1.0,
Teentaal,9,Vilambit Gat,"0,1",3,Ge,,1,0.25,0.25,1.0,
Teentaal,9,Vilambit Gat,"0,1",4,,Ti,2,0.25,1.0,1.0,TiRaKiTa
Teentaal,9,Vilambit Gat,"0,1",5,,Ra,2,0.25,1.0,1.0,
Teentaal,9,Vilambit Gat,"0,1",6,Ki,,2,0.25,1.0,1.0,
Teentaal,9,Vilambit Gat,"0,1",7,,TTa,2,0.25,1.0,1.0,
Teentaal,9,Vilambit Gat,"0,1",8,Ge-S,TinMed,3,0.5,1.0,1.0,Dhin
Teentaal,9,Vilambit Gat,"0,1",9,,TiTaL,3,0.5,1.0,1.0,
Teentaal,9,Vilambit Gat,"0,1",10,Ge,Ta,4,0.5,1.0,1.0,Dha
Teentaal,9,Vilambit Gat,"0,1",11,,TiL,4,0.5,1.0,1.0,
Teentaal,9,Vilambit Gat,"0,1",12,Ge,Ta,5,0.5,1.0,1.0,Dha DhaGe
Teentaal,9,Vilambit Gat,"0,1",13,Ge-LT6,Ta,5,0.25,1.0,1.0,
Teentaal,9,Vilambit Gat,"0,1",14,Ge,,5,0.25,0.5,1.0,
Teentaal,9,Vilambit Gat,"0,1",15,Ge-S,TinMed,6,0.5,1.0,1.0,Dhin
Teentaal,9,Vilambit Gat,"0,1",16,,TiTaL,6,0.5,1.0,1.0,
Teentaal,9,Vilambit Gat,"0,1",17,Ge-S,TinMed,7,0.5,1.0,1.0,Dhin
Teentaal,9,Vilambit Gat,"0,1",18,,TiTaL,7,0.5,1.0,1.0,
Teentaal,9,Vilambit Gat,"0,1",19,Ge,Ta,8,0.5,1.0,1.0,Dha
Teentaal,9,Vilambit Gat,"0,1",20,,TiL,8,0.5,1.0,1.0,
Teentaal,9,Vilambit Gat,"0,1",21,Ge,Ta,9,0.25,1.0,1.0,DhaGe TiTa
Teentaal,9,Vilambit Gat,"0,1",22,Ge-B,,9,0.25,0.5,1.0,
Teentaal,9,Vilambit Gat,"0,1",23,,TiTaL,9,0.5,1.0,1.0,
Teentaal,9,Vilambit Gat,"0,1",24,Ka,TinFull,10,0.5,1.0,1.0,Tin
Teentaal,9,Vilambit Gat,"0,1",25,,TiTaL,10,0.5,1.0,1.0,
Teentaal,9,Vilambit Gat,"0,1",26,Ka,TinFull,11,0.5,1.0,1.0,Tin
Teentaal,9,Vilambit Gat,"0,1",27,,TiTaL,11,0.5,1.0,1.0,
Teentaal,9,Vilambit Gat,"0,1",28,,Ta,12,0.5,1.0,1.0,Na Ta
Teentaal,9,Vilambit Gat,"0,1",29,,TiL,12,0.5,1.0,1.0,
Teentaal,9,Vilambit Gat,"0,1",30,,Ta,13,0.25,1.0,1.0,NaKe TiRaKiTa
Teentaal,9,Vilambit Gat,"0,1",31,Ka,,13,0.25,0.5,1.0,
Teentaal,9,Vilambit Gat,"0,1",32,,Ti,13,0.125,1.0,1.0,
Teentaal,9,Vilambit Gat,"0,1",33,,Ra,13,0.125,1.0,1.0,
Teentaal,9,Vilambit Gat,"0,1",34,Ki,,13,0.125,1.0,1.0,
Teentaal,9,Vilambit Gat,"0,1",35,,TTa,13,0.125,1.0,1.0,
Teentaal,9,Vilambit Gat,"0,1",36,Ge-S,TinMed,14,0.5,1.0,1.0,Dhin
Teentaal,9,Vilambit Gat,"0,1",37,,TiTaL,14,0.5,1.0,1.0,
Teentaal,9,Vilambit Gat,"0,1",38,Ge-S,TinMed,15,0.5,1.0,1.0,Dhin
Teentaal,9,Vilambit Gat,"0,1",39,,TiTaL,15,0.5,1.0,1.0,
Teentaal,9,Vilambit Gat,"0,1",40,Ge,Ta,16,0.375,1.25,1.25,Dha Dha
Teentaal,9,Vilambit Gat,"0,1",41,,KDa,16,0.125,1.0,0.5,
Teentaal,9,Vilambit Gat,"0,1",42,Ge-LT6,Ta,16,0.25,1.0,1.0,
Teentaal,9,Vilambit Gat,"0,1",43,Ge,Ta,16,0.25,1.0,1.0,
Teentaal,9,Vilambit Gat,55,1,Ge-Sam,Ta,1,1.0,1.25,1.25,Dha
Teentaal,9,Vilambit Gat,55,2,,Ti,2,0.25,1.0,1.0,TiRaKiTa
Teentaal,9,Vilambit Gat,55,3,,Ra,2,0.25,1.0,1.0,
Teentaal,9,Vilambit Gat,55,4,Ki,,2,0.25,1.0,1.0,
Teentaal,9,Vilambit Gat,55,5,,TTa,2,0.25,1.0,1.0,
Teentaal,9,Vilambit Gat,55,6,Ge-S,TinMed,3,0.5,1.0,1.0,Dhin
Teentaal,9,Vilambit Gat,55,7,,TiL,3,0.5,1.0,1.0,
Teentaal,9,Vilambit Gat,55,8,Ge,Ta,4,0.5,1.0,1.0,Dha
Teentaal,9,Vilambit Gat,55,9,,TiL,4,0.5,1.0,1.0,
Teentaal,9,Vilambit Gat,55,10,Ge,Ta,5,0.5,1.0,1.0,Dha Ge
Teentaal,9,Vilambit Gat,55,11,Ge-B,,5,0.5,0.5,1.0,
Teentaal,9,Vilambit Gat,55,12,Ge-S,TinMed,6,0.5,1.0,1.0,Dhin
Teentaal,9,Vilambit Gat,55,13,,TiTaL,6,0.5,1.0,1.0,
Teentaal,9,Vilambit Gat,55,14,Ge-S,TinMed,7,0.5,1.0,1.0,Dhin
Teentaal,9,Vilambit Gat,55,15,,TiTaL,7,0.5,1.0,1.0,
Teentaal,9,Vilambit Gat,55,16,Ge,Ta,8,0.5,1.0,1.0,Dha
Teentaal,9,Vilambit Gat,55,17,,TiL,8,0.5,1.0,1.0,
Teentaal,9,Vilambit Gat,55,18,Ge,Ta,9,0.25,1.0,1.0,DhaGe TiTa
Teentaal,9,Vilambit Gat,55,19,Ge-B,,9,0.25,0.5,1.0,
Teentaal,9,Vilambit Gat,55,20,,TiTaL,9,0.5,1.0,1.0,
Teentaal,9,Vilambit Gat,55,21,Ka,TinFull,10,0.5,1.0,1.0,Tin
Teentaal,9,Vilambit Gat,55,22,,TiTaL,10,0.5,1.0,1.0,
Teentaal,9,Vilambit Gat,55,23,Ka,TinFull,11,0.5,1.0,1.0,Tin
Teentaal,9,Vilambit Gat,55,24,,TiTaL,11,0.5,1.0,1.0,
Teentaal,9,Vilambit Gat,55,25,,Ta,12,0.5,1.0,1.0,Na Ta
Teentaal,9,Vilambit Gat,55,26,,TiL,12,0.5,1.0,1.0,
Teentaal,9,Vilambit Gat,55,27,,Ta,13,0.25,1.0,1.0,NaKe TiTa
Teentaal,9,Vilambit Gat,55,28,Ka,,13,0.25,0.5,1.0,
Teentaal,9,Vilambit Gat,55,29,,TiL,13,0.25,1.0,1.0,
Teentaal,9,Vilambit Gat,55,30,,TTaL,13,0.25,1.0,1.0,
Teentaal,9,Vilambit Gat,55,31,Ge-S,TinMed,14,0.5,1.0,1.0,Dhin
Teentaal,9,Vilambit Gat,55,32,,TiTaL,14,0.5,1.0,1.0,
Teentaal,9,Vilambit Gat,55,33,Ge-S,TinMed,15,0.5,1.0,1.0,Dhin
Teentaal,9,Vilambit Gat,55,34,,TiTaL,15,0.5,1.0,1.0,
Teentaal,9,Vilambit Gat,55,35,Ge,Ta,16,0.5,1.25,1.25,Dha Dha
Teentaal,9,Vilambit Gat,55,36,Ge-LT6,Ta,16,0.25,1.0,1.0,
Teentaal,9,Vilambit Gat,55,37,,Tat,16,0.25,1.0,1.0,
Tilwada,1,Basic,"0,1,2",1,Ge-Sam,Ta,1,1.0,1.25,1.25,Dha
Tilwada,1,Basic,"0,1,2",2,,Ti,2,0.25,1.0,1.0,TiRaKiTa
Tilwada,1,Basic,"0,1,2",3,,Ra,2,0.25,1.0,1.0,
Tilwada,1,Basic,"0,1,2",4,Ki,,2,0.25,1.0,1.0,
Tilwada,1,Basic,"0,1,2",5,,TTa,2,0.25,1.0,1.0,
Tilwada,1,Basic,"0,1,2",6,Ge-B,TinMed,3,1.0,1.0,1.0,Dhin
Tilwada,1,Basic,"0,1,2",7,Ge-B,TinMed,4,1.0,1.0,1.0,Dhin
Tilwada,1,Basic,"0,1,2",8,Ge,Ta,5,1.0,1.0,1.0,Dha
Tilwada,1,Basic,"0,1,2",9,Ge-B,Ta,6,0.5,1.0,1.0,Dha Dha
Tilwada,1,Basic,"0,1,2",10,Ge,Ta,6,0.5,1.0,0.75,
Tilwada,1,Basic,"0,1,2",11,Ka,TinFull,7,1.0,1.0,1.0,Tin
Tilwada,1,Basic,"0,1,2",12,Ka,TinFull,8,1.0,1.0,1.0,Tin
Tilwada,1,Basic,"0,1,2",13,,Ta,9,1.0,1.0,1.0,Ta
Tilwada,1,Basic,"0,1,2",14,,Ti,10,0.25,1.0,1.0,TiRaKiTa
Tilwada,1,Basic,"0,1,2",15,,Ra,10,0.25,1.0,1.0,
Tilwada,1,Basic,"0,1,2",16,Ki,,10,0.25,1.0,1.0,
Tilwada,1,Basic,"0,1,2",17,,TTa,10,0.25,1.0,1.0,
Tilwada,1,Basic,"0,1,2",18,Ge-B,TinMed,11,1.0,1.0,1.0,Dhin
Tilwada,1,Basic,"0,1,2",19,Ge-B,TinMed,12,1.0,1.0,1.0,Dhin
Tilwada,1,Basic,"0,1,2",20,Ge,Ta,13,1.0,1.0,1.0,Dha
Tilwada,1,Basic,"0,1,2",21,Ge-B,Ta,14,0.5,1.0,1.0,Dha Dha
Tilwada,1,Basic,"0,1,2",22,Ge,Ta,14,0.5,1.0,0.75,
Tilwada,1,Basic,"0,1,2",23,Ge-B,TinMed,15,1.0,1.0,1.0,Dhin
Tilwada,1,Basic,"0,1,2",24,Ge-B,TinFull,16,1.0,1.0,1.0,Dhin
Tilwada,2,Pro Default,0,1,Ge-Sam,Ta,1,1.0,1.25,1.25,Dha
Tilwada,2,Pro Default,0,2,,Ti,2,0.25,1.0,1.0,TiRaKiTa
Tilwada,2,Pro Default,0,3,,Ra,2,0.25,1.0,1.0,
Tilwada,2,Pro Default,0,4,Ki,,2,0.25,1.0,1.0,
Tilwada,2,Pro Default,0,5,,TTa,2,0.25,1.0,1.0,
Tilwada,2,Pro Default,0,6,Ge-S,TinMed,3,0.75,1.0,1.0,Dhin
Tilwada,2,Pro Default,0,7,,TiTaL,3,0.25,1.0,1.0,
Tilwada,2,Pro Default,0,8,Ge-S,TinMed,4,0.75,1.0,1.0,Dhin
Tilwada,2,Pro Default,0,9,,TiTaL,4,0.25,1.0,1.0,
Tilwada,2,Pro Default,0,10,Ge,Ta,5,0.5,1.0,1.0,Dha
Tilwada,2,Pro Default,0,11,Ge,,5,0.25,0.25,1.0,
Tilwada,2,Pro Default,0,12,,TiL,5,0.25,1.0,0.5,
Tilwada,2,Pro Default,0,13,Ge,Ta,6,0.375,1.0,1.0,Dha Dha
Tilwada,2,Pro Default,0,14,,KDa,6,0.125,0.5,0.5,
Tilwada,2,Pro Default,0,15,Ge-LT6,Ta,6,0.25,1.0,0.75,
Tilwada,2,Pro Default,0,16,Ge,Ta,6,0.25,1.0,0.75,
Tilwada,2,Pro Default,0,17,Ka,TinFull,7,0.75,1.0,1.0,Tin
Tilwada,2,Pro Default,0,18,,TiTaL,7,0.25,1.0,1.0,
Tilwada,2,Pro Default,0,19,Ka,TinFull,8,0.75,1.0,1.0,Tin
Tilwada,2,Pro Default,0,20,,TiL,8,0.25,1.0,1.0,
Tilwada,2,Pro Default,0,21,,Ta,9,1.0,1.0,1.0,Ta
Tilwada,2,Pro Default,0,22,,Ti,10,0.25,1.0,1.0,TiRaKiTa
Tilwada,2,Pro Default,0,23,,Ra,10,0.25,1.0,1.0,
Tilwada,2,Pro Default,0,24,Ki,,10,0.25,1.0,1.0,
Tilwada,2,Pro Default,0,25,,TTa,10,0.25,1.0,1.0,
Tilwada,2,Pro Default,0,26,Ge-S,TinMed,11,0.75,1.0,1.0,Dhin
Tilwada,2,Pro Default,0,27,,TiTaL,11,0.25,1.0,1.0,
Tilwada,2,Pro Default,0,28,Ge-S,TinMed,12,0.75,1.0,1.0,Dhin
Tilwada,2,Pro Default,0,29,,TiL,12,0.25,1.0,1.0,
Tilwada,2,Pro Default,0,30,Ge,Ta,13,0.5,1.0,1.0,Dha
Tilwada,2,Pro Default,0,31,Ge,,13,0.25,0.25,1.0,
Tilwada,2,Pro Default,0,32,,TiL,13,0.25,1.0,0.5,
Tilwada,2,Pro Default,0,33,Ge,Ta,14,0.375,1.0,1.0,Dha Dha
Tilwada,2,Pro Default,0,34,,KDa,14,0.125,0.5,0.5,
Tilwada,2,Pro Default,0,35,Ge-LT6,Ta,14,0.25,1.0,1.0,
Tilwada,2,Pro Default,0,36,Ge,Ta,14,0.25,1.0,0.75,
Tilwada,2,Pro Default,0,37,Ge-S,TinMed,15,0.75,1.25,1.25,Dhin
Tilwada,2,Pro Default,0,38,,TiTaL,15,0.25,1.0,1.0,
Tilwada,2,Pro Default,0,39,Ge,TinFull,16,0.375,1.25,1.25,Dhin Dhin
Tilwada,2,Pro Default,0,40,,KDa,16,0.125,0.5,0.5,
Tilwada,2,Pro Default,0,41,Ge-B,Tin,16,0.25,1.0,1.0,
Tilwada,2,Pro Default,0,42,,Ti,16,0.25,1.0,1.0,
Tilwada,2,Pro Default,1,1,Ge-Sam,Ta,1,1.0,1.25,1.25,Dha
Tilwada,2,Pro Default,1,2,,Ti,2,0.25,1.0,1.0,TiRaKiTa
Tilwada,2,Pro Default,1,3,,Ra,2,0.25,1.0,1.0,
Tilwada,2,Pro Default,1,4,Ki,,2,0.25,1.0,1.0,
Tilwada,2,Pro Default,1,5,,TTa,2,0.25,1.0,1.0,
Tilwada,2,Pro Default,1,6,Ge-S,TinMed,3,0.75,1.0,1.0,Dhin
Tilwada,2,Pro Default,1,7,,TiL,3,0.25,1.0,1.0,
Tilwada,2,Pro Default,1,8,Ge-S,TinMed,4,1.0,1.0,1.0,Dhin
Tilwada,2,Pro Default,1,9,Ge,Ta,5,0.75,1.0,1.0,Dha
Tilwada,2,Pro Default,1,10,,TiL,5,0.25,1.0,1.0,
Tilwada,2,Pro Default,1,11,Ge,Ta,6,0.375,1.0,1.0,Dha Dha
Tilwada,2,Pro Default,1,12,,KDa,6,0.125,0.5,0.5,
Tilwada,2,Pro Default,1,13,Ge-LT6,Ta,6,0.25,1.0,1.0,
Tilwada,2,Pro Default,1,14,Ge,Ta,6,0.25,1.0,0.75,
Tilwada,2,Pro Default,1,15,Ka,TinFull,7,0.75,1.0,1.0,Tin
Tilwada,2,Pro Default,1,16,,TiL,7,0.25,1.0,1.0,
Tilwada,2,Pro Default,1,17,Ka,TinFull,8,1.0,1.0,1.0,Tin
Tilwada,2,Pro Default,1,18,,Ta,9,1.0,1.0,1.0,Ta
Tilwada,2,Pro Default,1,19,,Ti,10,0.25,1.0,1.0,TiRaKiTa
Tilwada,2,Pro Default,1,20,,Ra,10,0.25,1.0,1.0,
Tilwada,2,Pro Default,1,21,Ki,,10,0.25,1.0,1.0,
Tilwada,2,Pro Default,1,22,,TTa,10,0.25,1.0,1.0,
Tilwada,2,Pro Default,1,23,Ge-S,TinMed,11,0.75,1.0,1.0,Dhin
Tilwada,2,Pro Default,1,24,,TiL,11,0.25,1.0,1.0,
Tilwada,2,Pro Default,1,25,Ge-S,TinMed,12,1.0,1.0,1.0,Dhin
Tilwada,2,Pro Default,1,26,Ge,Ta,13,0.75,1.0,1.0,Dha
Tilwada,2,Pro Default,1,27,,TiL,13,0.25,1.0,1.0,
Tilwada,2,Pro Default,1,28,Ge,Ta,14,0.375,1.0,1.0,Dha Dha
Tilwada,2,Pro Default,1,29,,KDa,14,0.125,0.5,0.5,
Tilwada,2,Pro Default,1,30,Ge-LT6,Ta,14,0.25,1.0,1.0,
Tilwada,2,Pro Default,1,31,Ge,Ta,14,0.25,1.0,0.75,
Tilwada,2,Pro Default,1,32,Ge-S,TinMed,15,0.75,1.25,1.25,Dhin
Tilwada,2,Pro Default,1,33,,TiL,15,0.25,1.0,1.0,
Tilwada,2,Pro Default,1,34,Ge,TinFull,16,0.375,1.25,1.25,Dhin Dhin
Tilwada,2,Pro Default,1,35,,KDa,16,0.125,0.5,0.5,
Tilwada,2,Pro Default,1,36,Ge-B,Tin,16,0.25,1.0,1.0,
Tilwada,2,Pro Default,1,37,,TiL,16,0.25,1.0,1.0,
Tilwada,2,Pro Default,55,1,Ge-Sam,Ta,1,1.0,1.25,1.25,Dha
Tilwada,2,Pro Default,55,2,,Ti,2,0.25,1.0,1.0,TiRaKiTa
Tilwada,2,Pro Default,55,3,,Ra,2,0.25,1.0,1.0,
Tilwada,2,Pro Default,55,4,Ki,,2,0.25,1.0,1.0,
Tilwada,2,Pro Default,55,5,,TTa,2,0.25,1.0,1.0,
Tilwada,2,Pro Default,55,6,Ge-S,TinMed,3,0.75,1.0,1.0,Dhin
Tilwada,2,Pro Default,55,7,,TiL,3,0.25,1.0,1.0,
Tilwada,2,Pro Default,55,8,Ge-S,TinMed,4,1.0,1.0,1.0,Dhin
Tilwada,2,Pro Default,55,9,Ge,Ta,5,0.75,1.0,1.0,Dha
Tilwada,2,Pro Default,55,10,,TiL,5,0.25,1.0,1.0,
Tilwada,2,Pro Default,55,11,Ge,Ta,6,0.5,1.0,1.0,Dha Dha
Tilwada,2,Pro Default,55,12,Ge-LT6,Ta,6,0.5,1.0,1.0,
Tilwada,2,Pro Default,55,13,Ka,TinFull,7,0.75,1.0,1.0,Tin
Tilwada,2,Pro Default,55,14,,TiL,7,0.25,1.0,1.0,
Tilwada,2,Pro Default,55,15,Ka,TinFull,8,1.0,1.0,1.0,Tin
Tilwada,2,Pro Default,55,16,,Ta,9,1.0,1.0,1.0,Ta
Tilwada,2,Pro Default,55,17,,Ti,10,0.25,1.0,1.0,TiRaKiTa
Tilwada,2,Pro Default,55,18,,Ra,10,0.25,1.0,1.0,
Tilwada,2,Pro Default,55,19,Ki,,10,0.25,1.0,1.0,
Tilwada,2,Pro Default,55,20,,TTa,10,0.25,1.0,1.0,
Tilwada,2,Pro Default,55,21,Ge-S,TinMed,11,0.75,1.0,1.0,Dhin
Tilwada,2,Pro Default,55,22,,TiL,11,0.25,1.0,1.0,
Tilwada,2,Pro Default,55,23,Ge-S,TinMed,12,1.0,1.0,1.0,Dhin
Tilwada,2,Pro Default,55,24,Ge,Ta,13,0.75,1.0,1.0,Dha
Tilwada,2,Pro Default,55,25,,TiL,13,0.25,1.0,1.0,
Tilwada,2,Pro Default,55,26,Ge,Ta,14,0.5,1.0,1.0,Dha Dha
Tilwada,2,Pro Default,55,27,Ge-LT6,Ta,14,0.5,1.0,1.0,
Tilwada,2,Pro Default,55,28,Ge-S,TinMed,15,0.75,1.25,1.25,Dhin
Tilwada,2,Pro Default,55,29,,TiL,15,0.25,1.0,1.0,
Tilwada,2,Pro Default,55,30,Ge,TinFull,16,0.375,1.25,1.25,Dhin Dhin
Tilwada,2,Pro Default,55,31,,KDa,16,0.125,0.5,0.5,
Tilwada,2,Pro Default,55,32,Ge-B,Tin,16,0.25,1.0,1.0,
Tilwada,2,Pro Default,55,33,,TiL,16,0.25,1.0,1.0,
Tilwada,2,Pro Default,2,1,Ge-Sam,Ta,1,1.0,1.25,1.25,Dha
Tilwada,2,Pro Default,2,2,,Ti,2,0.25,1.0,1.0,TiRaKiTa
Tilwada,2,Pro Default,2,3,,Ra,2,0.25,1.0,1.0,
Tilwada,2,Pro Default,2,4,Ki,,2,0.25,1.0,1.0,
Tilwada,2,Pro Default,2,5,,TTa,2,0.25,1.0,1.0,
Tilwada,2,Pro Default,2,6,Ge-B,TinFull,3,1.0,1.0,1.0,Dhin
Tilwada,2,Pro Default,2,7,Ge-LT6,TinFull,4,1.0,1.0,1.0,Dhin
Tilwada,2,Pro Default,2,8,Ge,Ta,5,1.0,1.0,1.0,Dha
Tilwada,2,Pro Default,2,9,Ge-B,Ta,6,0.5,1.0,1.0,Dha Dha
Tilwada,2,Pro Default,2,10,Ge,Ta,6,0.5,1.0,0.75,
Tilwada,2,Pro Default,2,11,Ka,TinFull,7,1.0,1.0,1.0,Tin
Tilwada,2,Pro Default,2,12,Ka,TinFull,8,1.0,1.0,1.0,Tin
Tilwada,2,Pro Default,2,13,,Ta,9,1.0,1.0,1.0,Ta
Tilwada,2,Pro Default,2,14,,Ti,10,0.25,1.0,1.0,TiRaKiTa
Tilwada,2,Pro Default,2,15,,Ra,10,0.25,1.0,1.0,
Tilwada,2,Pro Default,2,16,Ki,,10,0.25,1.0,1.0,
Tilwada,2,Pro Default,2,17,,TTa,10,0.25,1.0,1.0,
Tilwada,2,Pro Default,2,18,Ge-B,TinFull,11,1.0,1.0,1.0,Dhin
Tilwada,2,Pro Default,2,19,Ge-LT6,TinFull,12,1.0,1.0,1.0,Dhin
Tilwada,2,Pro Default,2,20,Ge,Ta,13,1.0,1.0,1.0,Dha
Tilwada,2,Pro Default,2,21,Ge-B,Ta,14,0.5,1.0,1.0,Dha Dha
Tilwada,2,Pro Default,2,22,Ge,Ta,14,0.5,1.0,0.75,
Tilwada,2,Pro Default,2,23,Ge-B,TinFull,15,1.0,1.0,1.0,Dhin
Tilwada,2,Pro Default,2,24,Ge-B,TinFull,16,0.5,1.0,1.0,Dhin Dhin
Tilwada,2,Pro Default,2,25,Ge,Tin,16,0.5,1.0,1.0,
Tilwada,3,Variation #1,0,1,Ge-Sam,Ta,1,1.0,1.25,1.25,Dha
Tilwada,3,Variation #1,0,2,,Ti,2,0.25,1.0,1.0,TiRaKiTa
Tilwada,3,Variation #1,0,3,,Ra,2,0.25,1.0,1.0,
Tilwada,3,Variation #1,0,4,Ki,,2,0.25,1.0,1.0,
Tilwada,3,Variation #1,0,5,,TTa,2,0.25,1.0,1.0,
Tilwada,3,Variation #1,0,6,Ge-B,TinMed,3,1.0,1.0,1.0,Dhin
Tilwada,3,Variation #1,0,7,Ge-T60,,4,0.5,1.0,1.0,- Dhin
Tilwada,3,Variation #1,0,8,Ge-B,TinMed,4,0.25,1.0,1.0,
Tilwada,3,Variation #1,0,9,,TiL,4,0.25,1.0,0.5,
Tilwada,3,Variation #1,0,10,Ge,Ta,5,0.5,1.0,1.0,Dha
Tilwada,3,Variation #1,0,11,Ge,,5,0.25,0.25,1.0,
Tilwada,3,Variation #1,0,12,,TiL,5,0.25,1.0,1.0,
Tilwada,3,Variation #1,0,13,Ge,Ta,6,0.375,1.0,1.0,Dha Dha
Tilwada,3,Variation #1,0,14,,KDa,6,0.125,0.5,0.5,
Tilwada,3,Variation #1,0,15,Ge-LT6,Ta,6,0.25,1.0,0.75,
Tilwada,3,Variation #1,0,16,Ge,Ta,6,0.25,1.0,0.75,
Tilwada,3,Variation #1,0,17,Ka,TinFull,7,0.75,1.0,1.0,Tin
Tilwada,3,Variation #1,0,18,,TiTaL,7,0.25,1.0,1.0,
Tilwada,3,Variation #1,0,19,Ka,TinFull,8,0.75,1.0,1.0,Tin
Tilwada,3,Variation #1,0,20,,TiL,8,0.25,1.0,1.0,
Tilwada,3,Variation #1,0,21,,Ta,9,1.0,1.0,1.0,Ta
Tilwada,3,Variation #1,0,22,,Ti,10,0.25,1.0,1.0,TiRaKiTa
Tilwada,3,Variation #1,0,23,,Ra,10,0.25,1.0,1.0,
Tilwada,3,Variation #1,0,24,Ki,,10,0.25,1.0,1.0,
Tilwada,3,Variation #1,0,25,,TTa,10,0.25,1.0,1.0,
Tilwada,3,Variation #1,0,26,Ge-B,TinMed,11,1.0,1.0,1.0,Dhin
Tilwada,3,Variation #1,0,27,Ge-T60,,12,0.5,1.0,1.0,- Dhin
Tilwada,3,Variation #1,0,28,Ge-B,TinMed,12,0.25,1.0,1.0,
Tilwada,3,Variation #1,0,29,,TiL,12,0.25,1.0,0.5,
Tilwada,3,Variation #1,0,30,Ge,Ta,13,0.75,1.0,1.0,Dha
Tilwada,3,Variation #1,0,31,,TiL,13,0.25,1.0,1.0,
Tilwada,3,Variation #1,0,32,Ge,Ta,14,0.375,1.0,1.0,Dha
Tilwada,3,Variation #1,0,33,,KDa,14,0.125,0.5,0.5,
Tilwada,3,Variation #1,0,34,Ge-LT6,Ta,14,0.25,1.0,1.0,Dha Dha
Tilwada,3,Variation #1,0,35,Ge,Ta,14,0.25,1.0,0.75,
Tilwada,3,Variation #1,0,36,Ge-S,TinMed,15,0.75,1.25,1.25,Dhin
Tilwada,3,Variation #1,0,37,,TiTaL,15,0.25,1.0,1.0,
Tilwada,3,Variation #1,0,38,Ge,TinFull,16,0.375,1.0,1.0,Dhin Dhin
Tilwada,3,Variation #1,0,39,,KDa,16,0.125,0.5,0.5,
Tilwada,3,Variation #1,0,40,Ge-B,Tin,16,0.25,1.25,1.25,
Tilwada,3,Variation #1,0,41,,Ti,16,0.25,1.0,1.0,
Tilwada,3,Variation #1,1,1,Ge-Sam,Ta,1,1.0,1.25,1.25,Dha
Tilwada,3,Variation #1,1,2,,Ti,2,0.25,1.0,1.0,TiRaKiTa
Tilwada,3,Variation #1,1,3,,Ra,2,0.25,1.0,1.0,
Tilwada,3,Variation #1,1,4,Ki,,2,0.25,1.0,1.0,
Tilwada,3,Variation #1,1,5,,TTa,2,0.25,1.0,1.0,
Tilwada,3,Variation #1,1,6,Ge-B,TinMed,3,1.0,1.0,1.0,Dhin
Tilwada,3,Variation #1,1,7,Ge-T60,,4,0.5,1.0,1.0,- Dhin
Tilwada,3,Variation #1,1,8,Ge-B,TinMed,4,0.25,1.0,1.0,
Tilwada,3,Variation #1,1,9,,TiL,4,0.25,1.0,0.5,
Tilwada,3,Variation #1,1,10,Ge,Ta,5,0.75,1.0,1.0,Dha
Tilwada,3,Variation #1,1,11,,TiL,5,0.25,1.0,1.0,
Tilwada,3,Variation #1,1,12,Ge,Ta,6,0.375,1.0,1.0,Dha Dha
Tilwada,3,Variation #1,1,13,,KDa,6,0.125,1.0,0.5,
Tilwada,3,Variation #1,1,14,Ge-LT6,Ta,6,0.25,1.0,1.0,
Tilwada,3,Variation #1,1,15,Ge,Ta,6,0.25,1.0,0.75,
Tilwada,3,Variation #1,1,16,Ka,TinFull,7,0.75,1.0,1.0,Tin
Tilwada,3,Variation #1,1,17,,TiL,7,0.25,1.0,1.0,
Tilwada,3,Variation #1,1,18,Ka,TinFull,8,1.0,1.0,1.0,Tin
Tilwada,3,Variation #1,1,19,,Ta,9,1.0,1.0,1.0,Ta
Tilwada,3,Variation #1,1,20,,Ti,10,0.25,1.0,1.0,TiRaKiTa
Tilwada,3,Variation #1,1,21,,Ra,10,0.25,1.0,1.0,
Tilwada,3,Variation #1,1,22,Ki,,10,0.25,1.0,1.0,
Tilwada,3,Variation #1,1,23,,TTa,10,0.25,1.0,1.0,
Tilwada,3,Variation #1,1,24,Ge-B,TinMed,11,1.0,1.0,1.0,Dhin
Tilwada,3,Variation #1,1,25,Ge-T60,,12,0.5,1.0,1.0,- Dhin
Tilwada,3,Variation #1,1,26,Ge-B,TinMed,12,0.25,1.0,1.0,
Tilwada,3,Variation #1,1,27,,TiL,12,0.25,1.0,0.5,
Tilwada,3,Variation #1,1,28,Ge,Ta,13,0.75,1.0,1.0,Dha
Tilwada,3,Variation #1,1,29,,TiL,13,0.25,1.0,1.0,
Tilwada,3,Variation #1,1,30,Ge,Ta,14,0.375,1.0,1.0,Dha Dha
Tilwada,3,Variation #1,1,31,,KDa,14,0.125,1.0,0.5,
Tilwada,3,Variation #1,1,32,Ge-LT6,Ta,14,0.25,1.0,1.0,
Tilwada,3,Variation #1,1,33,Ge,Ta,14,0.25,1.0,0.75,
Tilwada,3,Variation #1,1,34,Ge-B,TinMed,15,0.75,1.25,1.25,Dhin
Tilwada,3,Variation #1,1,35,,KDa,15,0.25,1.0,0.5,
Tilwada,3,Variation #1,1,36,Ge,TinFull,16,0.375,1.25,1.25,Dhin Dhin
Tilwada,3,Variation #1,1,37,,KDa,16,0.125,0.5,0.5,
Tilwada,3,Variation #1,1,38,Ge-B,Tin,16,0.25,1.0,1.0,
Tilwada,3,Variation #1,1,39,,TiL,16,0.25,1.0,1.0,
Tilwada,3,Variation #1,55,1,Ge-Sam,Ta,1,1.0,1.25,1.25,Dha
Tilwada,3,Variation #1,55,2,,Ti,2,0.25,1.0,1.0,TiRaKiTa
Tilwada,3,Variation #1,55,3,,Ra,2,0.25,1.0,1.0,
Tilwada,3,Variation #1,55,4,Ki,,2,0.25,1.0,1.0,
Tilwada,3,Variation #1,55,5,,TTa,2,0.25,1.0,1.0,
Tilwada,3,Variation #1,55,6,Ge-B,TinMed,3,1.0,1.0,1.0,Dhin
Tilwada,3,Variation #1,55,7,Ge-T60,,4,0.5,1.0,1.0,- Dhin
Tilwada,3,Variation #1,55,8,Ge-B,TinMed,4,0.25,1.0,1.0,
Tilwada,3,Variation #1,55,9,,TiL,4,0.25,1.0,0.5,
Tilwada,3,Variation #1,55,10,Ge,Ta,5,0.75,1.0,1.0,Dha
Tilwada,3,Variation #1,55,11,,TiL,5,0.25,1.0,1.0,
Tilwada,3,Variation #1,55,12,Ge,Ta,6,0.5,1.0,1.0,Dha Dha
Tilwada,3,Variation #1,55,13,Ge-LT6,Ta,6,0.5,1.0,1.0,
Tilwada,3,Variation #1,55,14,Ka,TinFull,7,0.75,1.0,1.0,Tin
Tilwada,3,Variation #1,55,15,,TiL,7,0.25,1.0,1.0,
Tilwada,3,Variation #1,55,16,Ka,TinFull,8,1.0,1.0,1.0,Tin
Tilwada,3,Variation #1,55,17,,Ta,9,1.0,1.0,1.0,Ta
Tilwada,3,Variation #1,55,18,,Ti,10,0.25,1.0,1.0,TiRaKiTa
Tilwada,3,Variation #1,55,19,,Ra,10,0.25,1.0,1.0,
Tilwada,3,Variation #1,55,20,Ki,,10,0.25,1.0,1.0,
Tilwada,3,Variation #1,55,21,,TTa,10,0.25,1.0,1.0,
Tilwada,3,Variation #1,55,22,Ge-B,TinMed,11,1.0,1.0,1.0,Dhin
Tilwada,3,Variation #1,55,23,Ge-T60,,12,0.5,1.0,1.0,- Dhin
Tilwada,3,Variation #1,55,24,Ge-B,TinMed,12,0.25,1.0,1.0,
Tilwada,3,Variation #1,55,25,,TiL,12,0.25,1.0,0.5,
Tilwada,3,Variation #1,55,26,Ge,Ta,13,0.75,1.0,1.0,Dha
Tilwada,3,Variation #1,55,27,,TiL,13,0.25,1.0,1.0,
Tilwada,3,Variation #1,55,28,Ge,Ta,14,0.5,1.0,1.0,Dha Dha
Tilwada,3,Variation #1,55,29,Ge-LT6,Ta,14,0.5,1.0,1.0,
Tilwada,3,Variation #1,55,30,Ge-B,TinMed,15,0.75,1.25,1.25,Dhin
Tilwada,3,Variation #1,55,31,,KDa,15,0.25,1.0,0.5,
Tilwada,3,Variation #1,55,32,Ge,TinFull,16,0.375,1.25,1.25,Dhin Dhin
Tilwada,3,Variation #1,55,33,,KDa,16,0.125,0.5,0.5,
Tilwada,3,Variation #1,55,34,Ge-B,Tin,16,0.25,1.0,1.0,
Tilwada,3,Variation #1,55,35,,TiL,16,0.25,1.0,1.0,
Tilwada,3,Variation #1,2,1,Ge-Sam,Ta,1,1.0,1.25,1.25,Dha
Tilwada,3,Variation #1,2,2,,Ti,2,0.25,1.0,1.0,TiRaKiTa
Tilwada,3,Variation #1,2,3,,Ra,2,0.25,1.0,1.0,
Tilwada,3,Variation #1,2,4,Ki,,2,0.25,1.0,1.0,
Tilwada,3,Variation #1,2,5,,TTa,2,0.25,1.0,1.0,
Tilwada,3,Variation #1,2,6,Ge-B,TinFull,3,1.0,1.0,1.0,Dhin
Tilwada,3,Variation #1,2,7,Ge-T60,,4,0.5,1.0,1.0,- Dhin
Tilwada,3,Variation #1,2,8,Ge-B,Tin,4,0.5,1.0,1.0,
Tilwada,3,Variation #1,2,9,Ge,Ta,5,1.0,1.0,1.0,Dha
Tilwada,3,Variation #1,2,10,Ge-LT6,Ta,6,0.5,1.0,1.0,Dha Dha
Tilwada,3,Variation #1,2,11,Ge,Ta,6,0.5,1.0,0.75,
Tilwada,3,Variation #1,2,12,Ka,TinFull,7,1.0,1.0,1.0,Tin
Tilwada,3,Variation #1,2,13,Ka,TinFull,8,1.0,1.0,1.0,Tin
Tilwada,3,Variation #1,2,14,,Ta,9,1.0,1.0,1.0,Ta
Tilwada,3,Variation #1,2,15,,Ti,10,0.25,1.0,1.0,TiRaKiTa
Tilwada,3,Variation #1,2,16,,Ra,10,0.25,1.0,1.0,
Tilwada,3,Variation #1,2,17,Ki,,10,0.25,1.0,1.0,
Tilwada,3,Variation #1,2,18,,TTa,10,0.25,1.0,1.0,
Tilwada,3,Variation #1,2,19,Ge-B,TinFull,11,1.0,1.0,1.0,Dhin
Tilwada,3,Variation #1,2,20,Ge-T60,,12,0.5,1.0,1.0,- Dhin
Tilwada,3,Variation #1,2,21,Ge-B,Tin,12,0.5,1.0,1.0,
Tilwada,3,Variation #1,2,22,Ge,Ta,13,1.0,1.0,1.0,Dha
Tilwada,3,Variation #1,2,23,Ge-B,Ta,14,0.5,1.0,1.0,Dha Dha
Tilwada,3,Variation #1,2,24,Ge,Ta,14,0.5,1.0,0.75,
Tilwada,3,Variation #1,2,25,Ge-B,TinFull,15,1.0,1.0,1.0,Dhin
Tilwada,3,Variation #1,2,26,Ge-LT6,TinFull,16,0.5,1.0,1.0,Dhin Dhin
Tilwada,3,Variation #1,2,27,Ge,Tin,16,0.5,1.0,1.0,
Tilwada,4,Variation #2,0,1,Ge-Sam,Ta,1,1.0,1.25,1.25,Dha
Tilwada,4,Variation #2,0,2,,Ti,2,0.25,1.0,1.0,TiRaKiTa
Tilwada,4,Variation #2,0,3,,Ra,2,0.25,1.0,1.0,
Tilwada,4,Variation #2,0,4,Ki,,2,0.25,1.0,1.0,
Tilwada,4,Variation #2,0,5,,TTa,2,0.25,1.0,1.0,
Tilwada,4,Variation #2,0,6,Ge-B,TinMed,3,1.0,1.0,1.0,Dhin
Tilwada,4,Variation #2,0,7,,Tat,4,0.5,1.0,1.0,Tat Dhin
Tilwada,4,Variation #2,0,8,Ge-B,TinMed,4,0.25,1.0,1.0,
Tilwada,4,Variation #2,0,9,,TiL,4,0.25,1.0,0.5,
Tilwada,4,Variation #2,0,10,Ge,Ta,5,0.5,1.0,1.0,Dha
Tilwada,4,Variation #2,0,11,Ge,,5,0.25,0.25,1.0,
Tilwada,4,Variation #2,0,12,,TiL,5,0.25,1.0,1.0,
Tilwada,4,Variation #2,0,13,Ge,Ta,6,0.375,1.0,1.0,Dha Dha
Tilwada,4,Variation #2,0,14,,KDa,6,0.125,0.5,0.5,
Tilwada,4,Variation #2,0,15,Ge-LT6,Ta,6,0.25,1.0,0.75,
Tilwada,4,Variation #2,0,16,Ge,Ta,6,0.25,1.0,0.75,
Tilwada,4,Variation #2,0,17,Ka,TinFull,7,0.75,1.0,1.0,Tin
Tilwada,4,Variation #2,0,18,,TiTaL,7,0.25,1.0,1.0,
Tilwada,4,Variation #2,0,19,Ka,TinFull,8,0.75,1.0,1.0,Tin
Tilwada,4,Variation #2,0,20,,TiL,8,0.25,1.0,1.0,
Tilwada,4,Variation #2,0,21,,Ta,9,1.0,1.0,1.0,Ta
Tilwada,4,Variation #2,0,22,,Ti,10,0.25,1.0,1.0,TiRaKiTa
Tilwada,4,Variation #2,0,23,,Ra,10,0.25,1.0,1.0,
Tilwada,4,Variation #2,0,24,Ki,,10,0.25,1.0,1.0,
Tilwada,4,Variation #2,0,25,,TTa,10,0.25,1.0,1.0,
Tilwada,4,Variation #2,0,26,Ge-B,TinMed,11,1.0,1.0,1.0,Dhin
Tilwada,4,Variation #2,0,27,,Tat,12,0.5,1.0,1.0,Tat Dhin
Tilwada,4,Variation #2,0,28,Ge-B,TinMed,12,0.25,1.0,1.0,
Tilwada,4,Variation #2,0,29,,TiL,12,0.25,1.0,0.5,
Tilwada,4,Variation #2,0,30,Ge,Ta,13,0.75,1.0,1.0,Dha
Tilwada,4,Variation #2,0,31,,TiL,13,0.25,1.0,1.0,
Tilwada,4,Variation #2,0,32,Ge,Ta,14,0.375,1.0,1.0,Dha
Tilwada,4,Variation #2,0,33,,KDa,14,0.125,0.5,0.5,
Tilwada,4,Variation #2,0,34,Ge-LT6,Ta,14,0.25,1.0,1.0,Dha Dha
Tilwada,4,Variation #2,0,35,Ge,Ta,14,0.25,1.0,0.75,
Tilwada,4,Variation #2,0,36,Ge-S,TinMed,15,0.75,1.25,1.25,Dhin
Tilwada,4,Variation #2,0,37,,TiTaL,15,0.25,1.0,1.0,
Tilwada,4,Variation #2,0,38,Ge,TinFull,16,0.375,1.0,1.0,Dhin Dhin
Tilwada,4,Variation #2,0,39,,KDa,16,0.125,0.5,0.5,
Tilwada,4,Variation #2,0,40,Ge-B,Tin,16,0.25,1.25,1.25,
Tilwada,4,Variation #2,0,41,,Ti,16,0.25,1.0,1.0,
Tilwada,4,Variation #2,1,1,Ge-Sam,Ta,1,1.0,1.25,1.25,Dha
Tilwada,4,Variation #2,1,2,,Ti,2,0.25,1.0,1.0,TiRaKiTa
Tilwada,4,Variation #2,1,3,,Ra,2,0.25,1.0,1.0,
Tilwada,4,Variation #2,1,4,Ki,,2,0.25,1.0,1.0,
Tilwada,4,Variation #2,1,5,,TTa,2,0.25,1.0,1.0,
Tilwada,4,Variation #2,1,6,Ge-B,TinMed,3,1.0,1.0,1.0,Dhin
Tilwada,4,Variation #2,1,7,,Tat,4,0.5,1.0,1.0,Tat Dhin
Tilwada,4,Variation #2,1,8,Ge-B,TinMed,4,0.25,1.0,1.0,
Tilwada,4,Variation #2,1,9,,TiL,4,0.25,1.0,0.5,
Tilwada,4,Variation #2,1,10,Ge,Ta,5,0.75,1.0,1.0,Dha
Tilwada,4,Variation #2,1,11,,TiL,5,0.25,1.0,1.0,
Tilwada,4,Variation #2,1,12,Ge,Ta,6,0.375,1.0,1.0,Dha Dha
Tilwada,4,Variation #2,1,13,,KDa,6,0.125,1.0,0.5,
Tilwada,4,Variation #2,1,14,Ge-LT6,Ta,6,0.25,1.0,1.0,
Tilwada,4,Variation #2,1,15,Ge,Ta,6,0.25,1.0,0.75,
Tilwada,4,Variation #2,1,16,Ka,TinFull,7,0.75,1.0,1.0,Tin
Tilwada,4,Variation #2,1,17,,TiL,7,0.25,1.0,1.0,
Tilwada,4,Variation #2,1,18,Ka,TinFull,8,1.0,1.0,1.0,Tin
Tilwada,4,Variation #2,1,19,,Ta,9,1.0,1.0,1.0,Ta
Tilwada,4,Variation #2,1,20,,Ti,10,0.25,1.0,1.0,TiRaKiTa
Tilwada,4,Variation #2,1,21,,Ra,10,0.25,1.0,1.0,
Tilwada,4,Variation #2,1,22,Ki,,10,0.25,1.0,1.0,
Tilwada,4,Variation #2,1,23,,TTa,10,0.25,1.0,1.0,
Tilwada,4,Variation #2,1,24,Ge-B,TinMed,11,1.0,1.0,1.0,Dhin
Tilwada,4,Variation #2,1,25,,Tat,12,0.5,1.0,1.0,Tat Dhin
Tilwada,4,Variation #2,1,26,Ge-B,TinMed,12,0.25,1.0,1.0,
Tilwada,4,Variation #2,1,27,,TiL,12,0.25,1.0,0.5,
Tilwada,4,Variation #2,1,28,Ge,Ta,13,0.75,1.0,1.0,Dha
Tilwada,4,Variation #2,1,29,,TiL,13,0.25,1.0,1.0,
Tilwada,4,Variation #2,1,30,Ge,Ta,14,0.375,1.0,1.0,Dha Dha
Tilwada,4,Variation #2,1,31,,KDa,14,0.125,1.0,0.5,
Tilwada,4,Variation #2,1,32,Ge-LT6,Ta,14,0.25,1.0,1.0,
Tilwada,4,Variation #2,1,33,Ge,Ta,14,0.25,1.0,0.75,
Tilwada,4,Variation #2,1,34,Ge-B,TinMed,15,0.75,1.25,1.25,Dhin
Tilwada,4,Variation #2,1,35,,KDa,15,0.25,1.0,1.0,
Tilwada,4,Variation #2,1,36,Ge,TinFull,16,0.375,1.25,1.25,Dhin Dhin
Tilwada,4,Variation #2,1,37,,KDa,16,0.125,0.5,0.5,
Tilwada,4,Variation #2,1,38,Ge-B,Tin,16,0.25,1.0,1.0,
Tilwada,4,Variation #2,1,39,,TiL,16,0.25,1.0,1.0,
Tilwada,4,Variation #2,55,1,Ge-Sam,Ta,1,1.0,1.25,1.25,Dha
Tilwada,4,Variation #2,55,2,,Ti,2,0.25,1.0,1.0,TiRaKiTa
Tilwada,4,Variation #2,55,3,,Ra,2,0.25,1.0,1.0,
Tilwada,4,Variation #2,55,4,Ki,,2,0.25,1.0,1.0,
Tilwada,4,Variation #2,55,5,,TTa,2,0.25,1.0,1.0,
Tilwada,4,Variation #2,55,6,Ge-B,TinMed,3,1.0,1.0,1.0,Dhin
Tilwada,4,Variation #2,55,7,,Tat,4,0.5,1.0,1.0,Tat Dhin
Tilwada,4,Variation #2,55,8,Ge-B,TinMed,4,0.25,1.0,1.0,
Tilwada,4,Variation #2,55,9,,TiL,4,0.25,1.0,0.5,
Tilwada,4,Variation #2,55,10,Ge,Ta,5,0.75,1.0,1.0,Dha
Tilwada,4,Variation #2,55,11,,TiL,5,0.25,1.0,1.0,
Tilwada,4,Variation #2,55,12,Ge,Ta,6,0.5,1.0,1.0,Dha Dha
Tilwada,4,Variation #2,55,13,Ge-LT6,Ta,6,0.5,1.0,1.0,
Tilwada,4,Variation #2,55,14,Ka,TinFull,7,0.75,1.0,1.0,Tin
Tilwada,4,Variation #2,55,15,,TiL,7,0.25,1.0,1.0,
Tilwada,4,Variation #2,55,16,Ka,TinFull,8,1.0,1.0,1.0,Tin
Tilwada,4,Variation #2,55,17,,Ta,9,1.0,1.0,1.0,Ta
Tilwada,4,Variation #2,55,18,,Ti,10,0.25,1.0,1.0,TiRaKiTa
Tilwada,4,Variation #2,55,19,,Ra,10,0.25,1.0,1.0,
Tilwada,4,Variation #2,55,20,Ki,,10,0.25,1.0,1.0,
Tilwada,4,Variation #2,55,21,,TTa,10,0.25,1.0,1.0,
Tilwada,4,Variation #2,55,22,Ge-B,TinMed,11,1.0,1.0,1.0,Dhin
Tilwada,4,Variation #2,55,23,,Tat,12,0.5,1.0,1.0,Tat Dhin
Tilwada,4,Variation #2,55,24,Ge-B,TinMed,12,0.25,1.0,1.0,
Tilwada,4,Variation #2,55,25,,TiL,12,0.25,1.0,0.5,
Tilwada,4,Variation #2,55,26,Ge,Ta,13,0.75,1.0,1.0,Dha
Tilwada,4,Variation #2,55,27,,TiL,13,0.25,1.0,1.0,
Tilwada,4,Variation #2,55,28,Ge,Ta,14,0.5,1.0,1.0,Dha Dha
Tilwada,4,Variation #2,55,29,Ge-LT6,Ta,14,0.5,1.0,1.0,
Tilwada,4,Variation #2,55,30,Ge-B,TinMed,15,0.75,1.25,1.25,Dhin
Tilwada,4,Variation #2,55,31,,KDa,15,0.25,1.0,1.0,
Tilwada,4,Variation #2,55,32,Ge,TinFull,16,0.375,1.25,1.25,Dhin Dhin
Tilwada,4,Variation #2,55,33,,KDa,16,0.125,0.5,0.5,
Tilwada,4,Variation #2,55,34,Ge-B,Tin,16,0.25,1.0,1.0,
Tilwada,4,Variation #2,55,35,,TiL,16,0.25,1.0,1.0,
Tilwada,4,Variation #2,2,1,Ge-Sam,Ta,1,1.0,1.25,1.25,Dha
Tilwada,4,Variation #2,2,2,,Ti,2,0.25,1.0,1.0,TiRaKiTa
Tilwada,4,Variation #2,2,3,,Ra,2,0.25,1.0,1.0,
Tilwada,4,Variation #2,2,4,Ki,,2,0.25,1.0,1.0,
Tilwada,4,Variation #2,2,5,,TTa,2,0.25,1.0,1.0,
Tilwada,4,Variation #2,2,6,Ge-B,TinFull,3,1.0,1.0,1.0,Dhin
Tilwada,4,Variation #2,2,7,,Tat,4,0.5,1.0,1.0,Tat Dhin
Tilwada,4,Variation #2,2,8,Ge-B,Tin,4,0.5,1.0,1.0,
Tilwada,4,Variation #2,2,9,Ge,Ta,5,1.0,1.0,1.0,Dha
Tilwada,4,Variation #2,2,10,Ge-LT6,Ta,6,0.5,1.0,1.0,Dha Dha
Tilwada,4,Variation #2,2,11,Ge,Ta,6,0.5,1.0,0.75,
Tilwada,4,Variation #2,2,12,Ka,TinFull,7,1.0,1.0,1.0,Tin
Tilwada,4,Variation #2,2,13,Ka,TinFull,8,1.0,1.0,1.0,Tin
Tilwada,4,Variation #2,2,14,,Ta,9,1.0,1.0,1.0,Ta
Tilwada,4,Variation #2,2,15,,Ti,10,0.25,1.0,1.0,TiRaKiTa
Tilwada,4,Variation #2,2,16,,Ra,10,0.25,1.0,1.0,
Tilwada,4,Variation #2,2,17,Ki,,10,0.25,1.0,1.0,
Tilwada,4,Variation #2,2,18,,TTa,10,0.25,1.0,1.0,
Tilwada,4,Variation #2,2,19,Ge-B,TinFull,11,1.0,1.0,1.0,Dhin
Tilwada,4,Variation #2,2,20,,Tat,12,0.5,1.0,1.0,Tat Dhin
Tilwada,4,Variation #2,2,21,Ge-B,Tin,12,0.5,1.0,1.0,
Tilwada,4,Variation #2,2,22,Ge,Ta,13,1.0,1.0,1.0,Dha
Tilwada,4,Variation #2,2,23,Ge-B,Ta,14,0.5,1.0,1.0,Dha Dha
Tilwada,4,Variation #2,2,24,Ge,Ta,14,0.5,1.0,0.75,
Tilwada,4,Variation #2,2,25,Ge-B,TinFull,15,1.0,1.0,1.0,Dhin
Tilwada,4,Variation #2,2,26,Ge-LT6,TinFull,16,0.5,1.0,1.0,Dhin Dhin
Tilwada,4,Variation #2,2,27,Ge,Tin,16,0.5,1.0,1.0,
Shikhar Taal,2,Pro Default,"1,2,3",1,Ge-OP,TinFull,1,1.0,1.0,1.0,Dha
Shikhar Taal,2,Pro Default,"1,2,3",2,,Tra,2,0.5,1.0,1.0,TraKa
Shikhar Taal,2,Pro Default,"1,2,3",3,,TTa,2,0.5,1.0,1.0,
Shikhar Taal,2,Pro Default,"1,2,3",4,Ge-B,Di,3,1.0,0.75,1.0,Dhin
Shikhar Taal,2,Pro Default,"1,2,3",5,,Na,4,0.5,1.0,1.0,NaKa
Shikhar Taal,2,Pro Default,"1,2,3",6,Ka,,4,0.5,1.0,1.0,
Shikhar Taal,2,Pro Default,"1,2,3",7,,TuFull,5,1.0,1.0,0.75,Thun
Shikhar Taal,2,Pro Default,"1,2,3",8,Ge-OP,,6,1.0,1.0,1.0,Ga
Shikhar Taal,2,Pro Default,"1,2,3",9,Ge-B,Di,7,1.0,0.75,1.0,Dhin
Shikhar Taal,2,Pro Default,"1,2,3",10,,Na,8,0.5,1.0,1.0,NaKa
Shikhar Taal,2,Pro Default,"1,2,3",11,Ka,,8,0.5,1.0,1.0,
Shikhar Taal,2,Pro Default,"1,2,3",12,Ge-OP,,9,0.5,1.0,1.0,Dhuma
Shikhar Taal,2,Pro Default,"1,2,3",13,,Di,9,0.5,1.0,1.0,
Shikhar Taal,2,Pro Default,"1,2,3",14,Ki,,10,0.5,1.0,1.0,KiTa
Shikhar Taal,2,Pro Default,"1,2,3",15,,TTa,10,0.5,1.0,1.0,
Shikhar Taal,2,Pro Default,"1,2,3",16,,Ta,11,0.5,1.0,1.0,TaKa
Shikhar Taal,2,Pro Default,"1,2,3",17,Ka,,11,0.5,1.0,1.0,
Shikhar Taal,2,Pro Default,"1,2,3",18,Ge-OP,TTa,12,1.0,0.75,1.0,Dhet
Shikhar Taal,2,Pro Default,"1,2,3",19,Ge-OP,TinFull,13,1.0,1.0,1.0,Dha
Shikhar Taal,2,Pro Default,"1,2,3",20,,Ti,14,0.5,1.0,1.0,TiTa
Shikhar Taal,2,Pro Default,"1,2,3",21,,TTa,14,0.5,1.0,1.0,
Shikhar Taal,2,Pro Default,"1,2,3",22,Ka,,15,0.5,1.0,1.0,KaTa
Shikhar Taal,2,Pro Default,"1,2,3",23,,TTa,15,0.5,1.0,1.0,
Shikhar Taal,2,Pro Default,"1,2,3",24,Ge-B,,16,0.5,1.0,1.0,GaDi
Shikhar Taal,2,Pro Default,"1,2,3",25,,Di,16,0.5,1.0,1.0,
Shikhar Taal,2,Pro Default,"1,2,3",26,Ka,,17,0.5,1.0,1.0,GaNa
Shikhar Taal,2,Pro Default,"1,2,3",27,,NNa,17,0.5,1.0,1.0,
